industry,requested_amount_usd,milestone_count,team_experience_years,is_successful
Apps,5000000.0,1,3.0417522245037647,1
Art,500000.0,1,0.3668720054757016,1
Curated Web,2535000.0,2,0.0,1
Analytics,1250000.0,2,0.12867898699520877,1
Software,35000000.0,1,10.182067077344286,1
Curated Web,50000.0,1,0.0,0
Enterprise Software,1800000.0,1,1.0,0
Local Search,0.0,1,0.999315537303217,1
E-Commerce,0.0,1,0.2600958247775496,1
Augmented Reality,700000.0,1,2.4531143052703626,1
Entertainment,50000.0,1,0.04654346338124572,0
Software,14000000.0,1,12.28747433264887,1
Advertising,40000000.0,1,1.0,0
Cars,0.0,1,2.099931553730322,0
Clean Technology,5000000.0,1,1.2785763175906912,0
Games,200000000.0,1,20.752908966461327,0
Content,0.0,1,2.198494182067077,0
Chat,0.0,1,1.2347707049965777,1
Curated Web,43811.0,2,0.0,0
Cosmetics,50000.0,1,0.0,0
Doctors,1700000.0,2,0.5201916495550992,1
Advertising,50000.0,2,1.5496235455167693,0
Software,396000000.0,5,0.0,1
Biotechnology,15034750.0,6,12.988364134154688,1
Android,250000.0,1,3.786447638603696,0
Finance,3452941.0,3,1.0,0
Advertising,0.0,1,0.5804243668720055,0
Software,50000.0,1,1.3908281998631074,0
DIY,25000.0,1,1.0,0
E-Commerce,118000.0,1,0.0,0
Presentations,250000.0,2,1.0,1
Internet of Things,4000000.0,1,3.356605065023956,1
Content,100000.0,1,1.0,0
Software,85000000.0,1,7.1184120465434635,1
SaaS,3167062.0,1,2.940451745379877,0
EdTech,95875000.0,6,1.2292950034223136,1
Software,0.0,1,1.0,1
Collaboration,0.0,1,1.0,0
Curated Web,162000000.0,5,1.0,1
Interior Design,0.0,1,14.195756331279945,1
Information Technology,15000000.0,2,1.0,1
Finance,0.0,1,12.125941136208077,1
Consumer Electronics,500000.0,2,0.0,0
Enterprise Software,7289000.0,3,0.0,1
Games,503000.0,2,0.47091033538672145,0
Software,169500000.0,3,28.03832991101985,1
Technology,0.0,1,0.0,1
Business Services,701760.0,1,1.0,0
Creative,204952.0,1,1.0732375085557837,0
Software,2249999.0,2,0.243668720054757,1
Semiconductors,13708150.0,3,0.7994524298425736,0
Web Hosting,65000000.0,3,0.5859000684462696,1
Android,1500000.0,1,0.0,1
Cloud Data Services,148000000.0,3,1.3305954825462012,1
Clean Technology,15000000.0,3,8.676249144421629,1
Software,272000.0,1,4.328542094455853,0
Coupons,50958896.6114209,2,2.830937713894593,1
Databases,26000000.0,1,1.0,1
Security,38064570.0,4,2.349075975359343,1
Web Hosting,2258720.0,1,1.0,1
Online Travel,500000.0,1,0.08487337440109514,0
Software,0.0,1,1.108829568788501,0
Mobile,3378975.0,1,6.9431895961670085,1
Automotive,9416354.0,6,0.5804243668720055,1
E-Commerce,500000.0,1,1.0,1
E-Commerce,12900000.0,6,0.0,1
Automotive,4500000.0,1,1.0,0
Photography,30000000.0,2,2.1656399726214923,1
Curated Web,876780000.0,6,1.0841889117043122,1
Advertising,27428.6215837652,1,0.0,0
Mobile,6100000.0,2,5.864476386036961,1
Apps,0.0,1,1.160848733744011,1
Education,12800000.0,3,0.2464065708418891,1
Games,3987693.0,2,0.0,1
Mobile,7000000.0,1,0.4490075290896646,1
Advertising,17129760.0,4,0.45722108145106094,1
Accounting,1300000.0,3,0.07665982203969883,1
Software,3050000.0,3,1.4647501711156743,1
Services,11052498.0,2,1.0,1
Concentrated Solar Power,5714285.71428571,1,1.5304585900068446,1
Software,6700000.0,2,1.8617385352498288,1
Android,23857750.0,5,0.30390143737166325,1
Analytics,6528902.0,3,3.1074606433949348,0
Curated Web,650000.0,1,0.7665982203969883,0
Content Creators,20068328.451591,4,1.6673511293634498,1
Advertising,2100000.0,1,1.0,0
Curated Web,0.0,1,0.16700889801505817,0
Games,12250000.0,2,1.0,0
Messaging,1500000.0,2,1.0,0
Contact Centers,126000000.0,1,26.885694729637233,1
Apps,1292301.0,1,3.5071868583162216,0
Mobile,30000000.0,1,1.2484599589322383,1
Finance,1380700.0,1,0.038329911019849415,0
E-Commerce,83574271.0,5,0.6105407255304586,1
Fashion,105651.0,2,2.242299794661191,0
E-Commerce,0.0,1,5.639972621492129,0
Automotive,80000.0,2,0.0,0
Point of Sale,0.0,1,1.2950034223134839,1
SEO,70000.0,1,0.0,0
Enterprises,925000.0,2,2.9952087611225187,1
Games,10312103.0,2,0.4517453798767967,0
Biotechnology,3000000.0,1,1.0,1
Clean Technology,10200000.0,1,8.049281314168377,0
Networking,15000.0,1,0.0,0
Cloud Computing,118000000.0,4,0.2518822724161533,1
Batteries,502860000.0,8,4.832306639288158,1
Online Rental,500000.0,1,1.0,0
3D Technology,0.0,1,1.0,1
Music,50000000.0,2,4.7501711156741955,1
Hardware + Software,0.0,1,11.85763175906913,1
Biotechnology,500000.0,1,3.0061601642710474,0
Search,6000000.0,2,0.0,1
Application Platforms,14000000.0,3,1.0,1
Biotechnology,40000000.0,1,23.184120465434635,1
Analytics,500000.0,1,10.609171800136892,1
Music,263400.0,1,0.0,0
Biotechnology,400988.0,3,13.095140314852841,1
Software,1770000.0,1,4.851471594798084,1
Curated Web,4400000.0,2,9.338809034907598,0
Automotive,2700000.0,1,25.727583846680357,1
E-Commerce,875000.0,5,0.0,1
Biotechnology,6790000.0,2,18.203969883641342,1
Advertising,25000.0,1,0.0,0
Biotechnology,805908.0,1,6.718685831622176,0
Curated Web,0.0,1,7.665982203969883,1
Doctors,1833333.0,2,1.0,0
Innovation Engineering,21800000.0,1,1.0,1
Biotechnology,186036236.0,6,1.730321697467488,1
Clean Technology,510000000.0,2,3.509924709103354,0
Curated Web,0.0,1,1.0,1
Education,451198.382904996,1,1.0,0
Engineering Firms,1400000.0,1,20.3750855578371,1
E-Commerce,60000.0,1,2.1464750171115674,0
Biotechnology,64640151.5803158,2,12.511978097193703,1
Apps,396998.0,1,0.010951403148528405,1
E-Commerce,10000000.0,1,25.426420260095824,1
Business Services,255100000.0,3,6.888432580424367,1
EdTech,0.0,1,0.7501711156741958,1
Events,27000000.0,1,1.0,0
Education,2000000.0,1,0.5831622176591376,1
Biotechnology,126385000.0,3,1.0,1
Health Care,13500000.0,2,1.0,1
Health and Wellness,200000000.0,1,1.0,1
Health Care,63016244.0,4,6.223134839151267,1
Health Care,150000.0,1,1.0,0
Medical,32000000.0,1,1.0,0
Enterprise Software,4045500.0,3,5.352498288843258,1
Biotechnology,113701127.0,6,2.5845311430527036,1
Apps,457282.0,7,0.0,0
Consumer Electronics,60000000.0,1,2.8829568788501025,0
Software,225000.0,1,1.322381930184805,0
Semiconductors,15900000.0,1,1.0,0
Biotechnology,775000.0,2,10.102669404517453,1
Software,4500000.0,2,10.69678302532512,1
Career Management,25305000.0,4,3.707049965776865,1
Credit Cards,7131124.0,3,1.2594113620807665,1
Health Care,13793098.0,3,8.167008898015059,1
Cloud Computing,1999998.0,1,10.89390828199863,1
Biotechnology,15581502.0,2,1.0,0
Health Care,21376001.0,6,5.763175906913073,1
Health and Wellness,1155000.0,2,0.16700889801505817,1
Games,0.0,1,9.815195071868583,1
Biotechnology,35000000.0,1,2.891170431211499,1
Development Platforms,5000000.0,1,0.0,1
Hardware + Software,10000000.0,1,60.0848733744011,1
Real Estate,0.0,1,1.3579739904175223,0
Consulting,4000000.0,1,1.0,1
Big Data Analytics,150000.0,1,0.13415468856947296,0
Search,200000.0,1,0.0,0
Software,2000000.0,1,1.0,0
Biotechnology,110640466.0,9,7.370294318959616,1
Software,0.0,1,1.0,1
Security,8198838.0,4,6.496919917864476,1
Biotechnology,93654902.0,5,1.0,1
Security,2090000.0,1,1.0,0
Semiconductors,4880000.0,1,7.408624229979466,0
Biotechnology,0.0,1,1.0,0
Enterprise Software,5280000.0,1,6.551676933607118,1
Biotechnology,116605707.0,4,0.5831622176591376,1
Finance,5000000.0,1,1.0,0
Self Development,120000.0,1,0.024640657084188913,0
Employer Benefits Programs,52422326.0,5,12.908966461327857,1
Biotechnology,91100000.0,2,4.073921971252567,1
Biotechnology,9599860.0,3,1.0,1
Social Media,28000000.0,3,0.9144421629021219,1
Software,9500000.0,1,1.0,1
Mobile,100000000.0,1,18.759753593429156,1
Biotechnology,82000000.0,3,1.0,1
Telecommunications,38247779.0,2,1.0,1
Android,7300000.0,1,0.008213552361396304,1
Software,75000000.0,3,1.3826146475017111,1
Biotechnology,76800000.0,3,1.0,1
Advertising,43000000.0,2,1.0,1
Software,7974296.0,1,15.277207392197125,1
Curated Web,40000.0,1,1.0184804928131417,1
Biotechnology,3162000.0,2,1.0,1
Data Integration,25000000.0,1,1.0,1
Batteries,9800000.0,3,1.0,1
SaaS,0.0,3,0.34223134839151265,0
B2B,116987.0,3,0.04380561259411362,1
Biotechnology,15600000.0,2,1.0,1
Software,24000000.0,3,2.3846680355920604,1
Biotechnology,7000720.0,2,11.838466803559205,1
Biotechnology,12300000.0,2,6.8199863107460645,0
Application Platforms,242563.0,1,0.0,0
Technology,26000000.0,1,1.0,0
Mobile,58200000.0,5,0.2464065708418891,1
Hardware,80000000.0,1,1.0,1
Biotechnology,22585000.0,2,5.886379192334018,1
Software,13360000.0,2,0.0,0
Comparison Shopping,1300000.0,1,4.848733744010952,1
Electronics,2000000.0,1,1.0,0
Enterprise Software,16400000.0,4,1.0896646132785763,0
Social Media,0.0,1,7.83025325119781,1
Cloud Computing,190000.0,2,1.0,0
Information Technology,3000000.0,1,1.0,0
Software,214208700.0,10,0.08487337440109514,1
Enterprise Software,5422959.0,1,24.99110198494182,1
Health Care,10000000.0,2,1.864476386036961,1
Biotechnology,805000.0,1,1.0,1
Mobile,0.0,1,24.164271047227928,1
Biotechnology,30204758.8708734,2,1.0,1
Biotechnology,36700005.0,4,1.0,1
Business Services,28000000.0,3,2.622861054072553,1
Advertising,2574004.0,2,1.5523613963039014,1
Manufacturing,45400000.0,1,33.94387405886379,0
Health Care,15000000.0,1,1.0,1
Biotechnology,10300000.0,2,1.0,1
Biotechnology,10000000.0,2,18.510609171800137,1
Advertising,17600000.0,3,0.0,1
Analytics,7706593.0,6,1.0,0
Advertising,50000.0,1,0.0,0
Advertising,1550000.0,2,1.0,1
Health Care,8900000.0,1,1.0,0
Advertising,4549999.0,2,0.2272416153319644,0
Games,9000000.0,1,7.917864476386037,1
Android,0.0,1,0.0,0
Cloud Computing,49500000.0,3,0.917180013689254,1
Health Care,82000000.0,4,5.330595482546201,1
Biotechnology,16377078.0,5,6.261464750171116,1
Advertising,48500000.0,5,0.2518822724161533,1
Advertising,10000000.0,1,4.4435318275154,1
Biotechnology,107500000.0,2,6.231348391512663,1
Advertising,12400000.0,3,2.6967830253251197,1
Clean Technology,3750000.0,1,1.0,0
Biotechnology,10350000.0,2,1.2292950034223136,0
Entertainment,24020000.0,4,0.13689253935660506,1
Software,10000000.0,1,5.774127310061601,1
Enterprise Software,24845955.0,6,2.841889117043121,1
Public Relations,6500000.0,2,1.0,1
Business Services,7400000.0,1,1.0,1
Advertising,150000.0,1,0.0,0
Advertising,40400000.0,4,1.6673511293634498,1
Advertising,100000.0,1,0.2190280629705681,0
Advertising,2000000.0,1,1.0,0
Biotechnology,36043700.0,7,21.95208761122519,1
Advertising,3500.0,1,0.0,0
Advertising,2940000.0,1,1.2813141683778233,1
Advertising,119191000.0,7,1.108829568788501,1
Advertising,10000000.0,3,1.4455852156057496,1
Aerospace,0.0,1,1.0,1
Ad Targeting,114000000.0,3,2.080766598220397,1
Health Care,15500000.0,1,1.0,0
Biotechnology,2842048.0,1,13.182751540041068,1
Mobile,4160600.0,2,0.7173169062286106,0
Health and Wellness,1240000.0,1,31.60574948665298,1
Consulting,5000000.0,1,11.000684462696784,1
Advertising,3100000.0,1,3.0855578370978782,1
Mobile,29758289.0,2,1.0,1
Enterprise Software,1015000.0,2,1.3360711841204653,1
Semiconductors,5800000.0,1,1.0,0
Health and Wellness,175000000.0,1,1.0,1
Semiconductors,56381909.0,7,3.3100616016427105,1
Service Providers,5500000.0,1,1.0,0
Advertising,2000000.0,1,0.8158795345653662,0
Curated Web,12000.0,1,0.2518822724161533,0
Health and Wellness,2500190.0,1,1.0,0
Advertising,470000.0,2,0.0,1
Health and Wellness,300000.0,1,1.2402464065708418,0
Financial Services,60000.0,1,0.5886379192334018,0
Biotechnology,1500000.0,1,1.0,1
Classifieds,10000.0,1,0.0,0
Networking,0.0,1,21.856262833675565,1
Biotechnology,23000000.0,1,8.646132785763175,1
Advertising,2900000.0,3,0.0,0
Advertising,27000000.0,2,0.0,1
Advertising,100000.0,2,2.409308692676249,1
Services,25000000.0,1,1.0,0
DOD/Military,256000.0,2,0.459958932238193,0
Advertising,8500000.0,2,0.5010266940451745,1
Software,1540000.0,3,0.2518822724161533,1
Advertising,200000.0,1,0.7091033538672142,0
Biotechnology,46500000.0,3,1.0,1
Big Data Analytics,0.0,1,0.33401779603011633,1
Advertising,600000.0,1,0.5010266940451745,0
Advertising,30000000.0,3,1.111567419575633,1
Advertising,5000000.0,1,5.9986310746064335,1
Advertising,26000.0,1,0.999315537303217,0
Advertising,46800000.0,4,0.0,1
Advertising,5000000.0,1,1.2511978097193703,1
Biotechnology,7588201.0,2,1.0,0
Advertising,0.0,1,0.5338809034907598,0
Biotechnology,55500000.0,3,0.999315537303217,1
Advertising,29575000.0,5,2.099931553730322,1
Messaging,18500000.0,2,0.2518822724161533,1
News,56464869.0,5,1.4236824093086926,1
Advertising,1230000.0,2,0.4243668720054757,1
Business Services,2000000.0,1,56.993839835728956,1
Advertising,300000.0,1,1.0,0
Advertising,0.0,1,3.0855578370978782,1
Advertising,3216500.0,1,1.0,1
Advertising,17807000.0,4,1.4948665297741273,1
Business Services,150000.0,1,1.0,0
Ad Targeting,1000000.0,1,1.2840520191649556,0
Advertising,20000000.0,1,4.6652977412731005,1
Advertising,31634312.0,7,0.12046543463381246,1
Advertising,100000.0,1,0.0,0
Advertising,0.0,2,0.2464065708418891,1
Advertising,0.0,1,0.0,0
Advertising,1300000.0,1,0.5886379192334018,1
Advertising,100000.0,1,0.30390143737166325,1
Clean Energy,25500000.0,3,0.7912388774811773,1
Biotechnology,143380947.0,8,9.878165639972622,1
Advertising,100000.0,1,0.0,0
Biotechnology,52750600.0,1,12.128678986995208,1
Semiconductors,15000000.0,1,1.0,1
Biotechnology,33500000.0,2,2.8884325804243667,1
Biotechnology,12300000.0,2,3.028062970568104,0
Biotechnology,57777000.0,3,2.863791923340178,1
Software,10000000.0,1,11.570157426420261,1
Design,0.0,1,6.135523613963039,1
Clean Technology,31670000.0,2,2.2286105407255303,0
Health Care,16211800.0,1,6.907597535934292,1
Technology,399947.0,3,1.0,0
Hardware + Software,5455180.0,6,1.0,1
Advertising,500000.0,1,0.038329911019849415,0
Technology,60764825.0,1,1.0,1
Advertising,0.0,1,9.99315537303217,1
Biotechnology,2000000.0,1,3.3319644079397674,0
Analytics,562336.0,1,1.0,1
Clean Technology,13000000.0,1,0.0,0
Computers,6000000.0,1,14.03422313483915,1
Biotechnology,39700000.0,5,5.711156741957564,1
Semiconductors,24000000.0,3,1.0677618069815196,1
Biotechnology,98537423.0,8,7.748117727583847,1
Enterprise Software,980000.0,1,1.0,0
Clean Technology,78000000.0,3,1.0,1
Consulting,2930000.0,2,1.0,0
E-Commerce,3500000.0,1,4.024640657084189,1
Application Platforms,5000000.0,1,1.0,0
Advertising,8000000.0,1,1.0,1
Curated Web,1000000.0,1,2.2888432580424367,0
Mobile,1000000.0,1,1.0,1
Advertising,24997.0,1,0.32854209445585214,0
Advertising,351681.0,2,3.9479808350444903,0
Advertising,22800000.0,3,2.083504449007529,1
Advertising,1400000.0,2,0.999315537303217,0
Advertising,10250000.0,1,1.0,0
Clean Technology,6500000.0,1,1.0,1
Biotechnology,19814760.0,2,5.486652977412731,1
Enterprises,1304000.0,1,1.0,1
Information Technology,8000000.0,1,5.412731006160164,1
Health Care,0.0,1,1.0,0
Hardware + Software,7857000.0,4,8.714579055441478,1
Web Hosting,5000000.0,1,6.976043805612594,1
Web Hosting,40000000.0,3,6.1711156741957565,1
Biotechnology,253614965.0,5,5.664613278576318,1
Automotive,396528.547243142,1,8.479123887748118,0
Aerospace,159000.0,1,1.0,0
Mobile,104952382.0,6,0.49555099247091033,1
Biotechnology,1349360.0,1,1.0,0
Aerospace,243000.0,1,18.32991101984942,0
Consumers,150000000.0,1,27.4031485284052,1
Mobile,49000000.0,4,8.164271047227926,1
Biotechnology,120500000.0,5,3.2361396303901437,0
Health Care,1200000.0,5,1.0,0
Biotechnology,0.0,1,1.0,1
Cosmetics,6500000.0,1,1.1252566735112937,1
Automotive,150000.0,1,0.8952772073921971,0
Health Care,17681234.0,12,10.521560574948666,1
Biotechnology,108377224.0,5,7.255304585900069,1
Ad Targeting,85000000.0,2,0.0,1
Software,151525.0,1,1.0,0
Curated Web,0.0,1,1.0,1
Biotechnology,81800000.0,5,7.230663928815879,1
Advertising,10500000.0,2,3.5181382614647503,1
Furniture,0.0,1,9.998631074606434,1
Biotechnology,112999999.0,3,1.0,0
Cloud Computing,0.0,1,0.8323066392881588,0
Domains,5000000.0,1,1.0,1
Games,27500000.0,2,2.757015742642026,1
Business Services,225000.0,1,1.4976043805612593,0
Biotechnology,0.0,1,0.0,1
Software,1171300.0,1,11.917864476386036,1
Communications Infrastructure,50311.0,1,0.0,0
Reviews and Recommendations,45000.0,1,0.08487337440109514,0
Biotechnology,171140000.0,5,15.589322381930184,1
Advertising,74311925.0,8,0.0,1
Gift Card,50000.0,1,0.0,0
Analytics,640000.0,1,0.0,0
Biotechnology,111005000.0,7,12.821355236139631,1
Enterprise Software,25000.0,1,0.7063655030800822,1
Lasers,168000000.0,4,2.7761806981519506,1
SaaS,40000000.0,1,1.8507871321013005,0
Software,735330.0,1,1.0,1
Software,12265000.0,3,10.17659137577002,0
Biotechnology,119823937.0,4,0.5147159479808351,1
Enterprise Software,2000000.0,1,0.8569472963723477,1
Enterprise Software,22000000.0,2,1.0,1
Clean Technology,0.0,1,4.358658453114305,1
Delivery,10000.0,1,0.405201916495551,0
Nanotechnology,1000000.0,1,1.0,0
Biotechnology,57100000.0,4,8.101300479123887,1
Clean Technology,81672000.0,1,5.379876796714579,0
Agriculture,7300000.0,1,1.1170431211498972,0
Farming,0.0,1,0.08487337440109514,0
Mobile,3000000.0,1,1.0,1
Advertising,0.0,1,1.2539356605065024,0
Biotechnology,29500000.0,3,0.6297056810403833,1
Finance,1500000.0,1,1.0,0
Mobile,17300000.0,2,7.197809719370294,1
Analytics,0.0,1,2.00684462696783,1
Software,0.0,1,1.0,0
Analytics,7500000.0,2,0.944558521560575,1
Hospitality,97500.0,1,1.0,0
Gps,10000000.0,1,0.0,0
Mobile,25000000.0,1,7.734428473648186,1
Mobile,2500000.0,2,1.0,1
Cloud Computing,27500000.0,2,1.2375085557837098,1
Mobile,14000000.0,1,5.8726899383983575,1
Hardware + Software,929212.0,1,0.3723477070499658,0
Biotechnology,20000000.0,1,3.9452429842573578,1
Web Hosting,20000000.0,1,1.404517453798768,1
Health Diagnostics,0.0,1,1.0,1
Messaging,12000000.0,2,29.07049965776865,1
Location Based Services,3675000.0,1,5.297741273100616,1
Cloud Data Services,28000.0,2,1.0,1
Public Transportation,10500000.0,2,1.352498288843258,0
Mobile,141636023.0,11,17.67008898015058,1
Mobile,17506428.0,2,7.321013004791239,1
Mobile,225000000.0,2,10.149212867898699,1
Software,38809918.0,3,0.8815879534565366,1
Apps,11500000.0,2,1.891854893908282,1
Games,816000.0,1,1.0,1
Advertising,0.0,1,1.2073921971252566,0
Cloud Infrastructure,0.0,1,2.6365503080082138,1
Advertising,43000000.0,2,0.70362765229295,0
Location Based Services,0.0,1,2.809034907597536,0
Games,5045650.01145544,3,0.0,1
Biotechnology,26100000.0,5,0.6379192334017796,1
Biotechnology,83100000.0,4,2.704996577686516,1
Software,18705000.0,2,12.83230663928816,0
Advertising Platforms,0.0,1,0.0,0
Software,11300000.0,2,1.054072553045859,1
Games,36150000.0,6,1.0,0
Banking,850000.0,2,2.3353867214236823,1
Games,1900000.0,1,1.4072553045859,0
Software,53730000.0,5,0.3394934976043806,1
Semiconductors,10000000.0,1,7.512662559890486,1
Semiconductors,46953358.0,6,0.49555099247091033,1
Web Hosting,30200000.0,2,2.3600273785078714,1
Innovation Management,30000000.0,1,1.0,0
Mining Technologies,6000000.0,1,40.747433264887064,0
Software,408000.0,1,1.0,0
Pharmaceuticals,20000000.0,2,1.0,1
Software,7202144.0,2,22.99794661190965,1
Finance,105900000.0,1,1.0,0
Internet of Things,163000000.0,2,9.130732375085557,1
Entertainment,442820.114660888,1,1.0,0
Clean Technology,10025000.0,5,1.0,1
Artificial Intelligence,2000000.0,1,8.123203285420944,1
Biotechnology,50653283.0,6,1.0,1
Fitness,378995.0,1,1.0,0
Biotechnology,105000000.0,4,1.4976043805612593,1
Biotechnology,4793666.0,1,9.007529089664613,0
Health Care,7791560.0,1,11.077344284736482,1
Credit,50000.0,1,0.15605749486652978,0
Advertising,571520.0,1,0.7994524298425736,1
Enterprise Software,9500000.0,2,1.3388090349075976,0
Hardware + Software,400000000.0,1,29.71937029431896,1
Biotechnology,31322.8138424199,1,23.249828884325805,1
Biotechnology,113730309.0,5,1.0,1
Manufacturing,10900000.0,1,36.106776180698155,0
Architecture,5200000.0,1,3.728952772073922,1
Biotechnology,2012351.3654922,1,1.0,1
Software,376000.0,1,1.0,0
Business Services,200000.0,1,1.0,1
E-Commerce,4812000000.0,7,0.33401779603011633,1
Hardware + Software,72299357.0,1,1.0,1
Software,6000000.0,1,4.20807665982204,1
Health Care,125000000.0,1,1.319644079397673,0
Curated Web,25000.0,1,1.0,1
Design,0.0,1,1.0,0
Consumer Behavior,0.0,1,0.4928131416837782,0
E-Commerce,100000.0,1,0.0,0
Biotechnology,206050000.0,7,1.5195071868583163,1
Biotechnology,73000000.0,3,3.1156741957563314,1
Biotechnology,250000000.0,1,1.0,1
Enterprise Software,0.0,1,0.0,0
E-Commerce,5000000.0,1,3.4195756331279945,1
Curated Web,1500000.0,1,1.3415468856947297,1
Analytics,3475204.0,4,2.2642026009582477,1
Data Mining,57262275.0,5,1.998631074606434,1
Software,0.0,1,24.082135523613964,1
Biotechnology,5400000.0,1,5.51129363449692,1
Application Platforms,110000000.0,2,1.757700205338809,0
Healthcare Services,30000000.0,1,1.0,1
Apps,47917.0,1,1.0,0
Internet,7000000.0,1,0.999315537303217,0
Biotechnology,40816578.0,7,1.0,1
Mobile,8135000.0,3,8.188911704312115,1
Advertising,125000.0,2,1.998631074606434,0
Biotechnology,11626182.0,2,1.0,1
Android,220000.0,1,0.04654346338124572,0
Public Relations,109000000.0,5,2.425735797399042,0
Advertising,30000000.0,1,4.177960301163586,1
Curated Web,0.0,1,1.5797399041752225,0
Finance,0.0,1,6.034223134839151,1
Curated Web,2000000.0,2,2.861054072553046,1
iPad,0.0,1,3.923340177960301,0
Journalism,4276568.0,2,0.0,0
Communications Hardware,8500000.0,3,7.085557837097878,1
Agriculture,30550000.0,3,5.908281998631074,1
Facebook Applications,0.0,2,0.0,0
Biotechnology,55000000.0,2,0.8295687885010267,1
Health Care,734600000.0,3,1.0,1
Mobile,445000.0,1,0.31759069130732376,0
Location Based Services,1500000.0,1,2.193018480492813,1
Semiconductors,1750000.0,1,4.498288843258043,1
Artificial Intelligence,40000.0,1,1.0841889117043122,0
Fantasy Sports,5000000.0,2,1.0,1
Video,12000000.0,1,1.0,1
Finance,650000.0,3,1.160848733744011,0
Computers,0.0,1,7.422313483915127,1
Content,0.0,1,0.5749486652977412,0
Health Care,58950000.0,2,22.855578370978783,1
News,250000.0,3,0.0,0
BPO Services,0.0,1,10.020533880903491,0
Software,163000.0,1,1.0,0
Manufacturing,72000000.0,1,4.183436002737851,1
Clean Technology,102000000.0,1,1.0,0
Biotechnology,23466666.0,2,1.0,0
Health and Wellness,387996.0,1,1.0869267624914443,0
Clean Technology,10000.0,1,22.89664613278576,0
Software,28000000.0,4,2.0725530458590007,1
Enterprise Software,23000000.0,1,9.023956194387406,1
Biotechnology,32500000.0,2,1.0,0
Public Relations,1000000.0,1,20.13141683778234,1
EdTech,26600000.0,2,0.7255304585900069,1
Communications Infrastructure,0.0,1,3.2854209445585214,1
Security,16000000.0,2,1.2484599589322383,1
Software,31000000.0,2,0.999315537303217,0
Clean Technology,228500000.0,2,1.0,0
Consulting,4000000.0,1,1.0,1
Search,9499393.0,4,0.3668720054757016,1
Health Care,39999999.0,4,2.3956194387405887,0
Technology,86000000.0,2,5.754962354551677,1
Boating Industry,500000.0,1,0.16153319644079397,0
Alumni,20000.0,1,1.0,0
E-Commerce,15590000.0,3,1.0403832991101984,1
Medical Devices,10000000.0,1,1.0,0
Finance,7700000.0,1,1.0,1
Networking,12000000.0,1,1.0,1
Education,650000.0,1,0.8733744010951403,1
Advertising,117994.0,2,0.6652977412731006,0
Social Media,0.0,1,1.0,1
Industrial,12500000.0,1,1.0,0
Analytics,12800000.0,2,2.5516769336071183,0
Semiconductors,76000000.0,4,0.6570841889117043,1
Biotechnology,70000000.0,1,18.781656399726216,1
Software,592365.0,1,12.837782340862423,0
Biotechnology,0.0,1,0.7474332648870636,1
Gambling,800000.0,1,8.082135523613964,1
Mobile,153721622.0,2,0.0,1
Consumer Goods,8000000.0,1,0.9883641341546886,1
Broadcasting,15400000.0,1,2.086242299794661,1
Public Relations,0.0,2,0.9418206707734429,1
Software,6700000.0,1,12.83230663928816,1
Curated Web,41900000.0,3,1.0,1
Hardware + Software,5000000.0,1,15.011635865845312,1
Biotechnology,193727869.0,7,5.360711841204655,1
Customer Service,167000000.0,3,6.247775496235455,1
Semiconductors,10400000.0,3,1.0,1
Software,0.0,1,26.00958247775496,1
Biotechnology,142825000.0,6,0.0,1
Carbon,10750000.0,5,0.999315537303217,1
Mobile,3000000.0,2,0.0,1
Biotechnology,8877015.0,4,1.0,1
Fashion,25000000.0,1,16.517453798767967,0
Cannabis,0.0,1,1.3278576317590691,1
Biotechnology,18121600.0,5,19.351129363449694,1
Business Intelligence,0.0,1,1.0294318959616702,1
Clean Energy,2100000.0,1,9.196440793976729,1
Telecommunications,6000000.0,1,4.657084188911704,1
Hospitality,3740000.0,2,0.9117043121149897,0
Dietary Supplements,500000.0,1,0.0,0
Clean Technology,250000.0,1,1.0,0
Curated Web,0.0,1,6.74880219028063,0
Hospitality,10000000.0,1,13.708418891170432,0
Health Care,4500000.0,1,52.69815195071869,1
Biotechnology,2500000.0,1,4.5338809034907595,0
Health Care,0.0,1,0.0,1
Internet,45000000.0,1,1.0,0
Semiconductors,1000000.0,1,1.0,1
Biotechnology,175463420.0,1,27.19233401779603,1
Clean Technology,9000000.0,1,47.00068446269678,1
Curated Web,0.0,2,0.05201916495550993,1
Analytics,2000000.0,1,1.4537987679671458,1
Biotechnology,9000000.0,1,12.881587953456537,1
Biotechnology,105866943.0,5,2.3627652292950034,1
Curated Web,3900000.0,2,0.0,1
Biotechnology,25000000.0,1,1.0,1
Energy,150000000.0,1,1.0,0
Software,10000000.0,1,4.249144421629021,1
Technology,14000000.0,1,1.0,0
Big Data,72000000.0,6,1.5030800821355237,1
Biotechnology,1025000.0,2,1.0,1
E-Commerce,0.0,1,1.0,1
Apps,400000.0,2,0.0,0
Information Technology,248250.0,2,0.0,0
Mobile,374000000.0,4,1.0,0
Manufacturing,30000000.0,1,1.0,1
Biotechnology,43000000.0,2,0.999315537303217,1
Babies,18000.0,1,1.1854893908281998,0
Biotechnology,63885000.0,2,1.0,1
Analytics,44074955.0,6,2.3983572895277208,1
Biotechnology,14140433.0,3,19.033538672142367,0
Biotechnology,20000000.0,1,1.0,1
Biotechnology,43990999.0,4,24.150581793292265,1
Curated Web,467880.0,1,2.91854893908282,0
Semiconductors,149938635.0,1,30.570841889117045,1
Clean Technology,25000000.0,1,25.300479123887747,1
Consulting,5000000.0,1,33.72758384668035,0
Biotechnology,1700000.0,1,1.0,0
Distributors,0.0,1,1.0,1
Digital Signage,0.0,1,13.242984257357975,1
Biotechnology,417040423.0,10,3.7782340862423,1
Software,1481639.0,1,1.0,1
Consulting,7500000.0,1,41.43463381245722,1
Biotechnology,198500000.0,8,2.833675564681725,1
Semiconductors,15000000.0,1,1.0,0
Biotechnology,17500000.0,1,1.0,0
Environmental Innovation,4000000.0,1,16.098562628336754,1
Waste Management,15000000.0,1,1.0,0
Sensors,0.0,1,1.0,1
Internet of Things,0.0,1,2.91854893908282,0
Web Hosting,34600000.0,3,1.8754277891854894,0
Analytics,5550000.0,3,0.6707734428473648,1
Biotechnology,24300000.0,3,0.08213552361396304,0
Biotechnology,12600000.0,2,1.0,0
E-Commerce,333200000.0,2,16.6652977412731,1
Semiconductors,10000000.0,2,1.620807665982204,1
Advertising,6000000.0,2,0.0,0
Photography,15000.0,1,0.6105407255304586,0
Health and Wellness,155000.0,1,21.921971252566735,1
Finance,9350000.0,2,7.915126625598905,1
Biotechnology,75000000.0,1,7.36208076659822,1
Brand Marketing,0.0,1,1.0,1
Semiconductors,29600000.0,4,7.542778918548939,0
Corporate Wellness,51347.0,1,1.0,0
Biotechnology,400000.0,1,3.460643394934976,0
Biotechnology,30000000.0,3,8.960985626283367,1
E-Commerce,236490.0,2,1.0,0
Consulting,1930000.0,1,1.0,0
Advertising,182600000.0,9,11.41409993155373,1
Health Care,13600000.0,1,4.689938398357289,0
Biotechnology,42000000.0,2,4.769336071184121,1
Analytics,3536.0,1,1.0431211498973305,0
Software,225000.0,1,0.010951403148528405,1
Software,250000.0,1,1.0,0
Mobile,25000.0,1,1.0,0
Games,213000.0,1,1.0,0
Pets,25000.0,1,1.0,0
Entertainment,5700000.0,2,1.5058179329226558,1
Biotechnology,10375000.0,3,2.3709787816563996,1
Semiconductors,72000000.0,3,1.5852156057494866,1
Enterprise Software,5600000.0,1,1.0,1
Biotechnology,37500000.0,1,1.0,0
Software,0.0,1,1.0,1
Identity,200000.0,1,0.0,0
Enterprise Software,2000000.0,1,1.0,0
Mobile,1250016.0,1,18.198494182067076,0
Automotive,6000000.0,1,0.6105407255304586,1
Advertising,0.0,1,1.0,1
Search,0.0,2,0.2518822724161533,0
Social Media,0.0,1,1.0,1
Curated Web,384410000.0,9,0.0,1
Software,307000.0,1,2.099931553730322,0
Software,1280000.0,1,1.0,1
Android,160000.0,2,0.0,0
Software,48581364.0,4,12.479123887748118,1
Nanotechnology,17194549.0,6,3.800136892539357,1
Clean Technology,7000000.0,1,12.648870636550308,0
Application Platforms,187291.0,1,0.14236824093086928,0
Health Care,4800000.0,1,8.720054757015742,0
Biotechnology,50500000.0,2,4.618754277891855,1
Reputation,0.0,1,0.4271047227926078,0
Chemicals,0.0,1,1.0,0
Biotechnology,3856398.0,3,3.6112251882272415,1
Boating Industry,560079.0,1,1.0,0
Biotechnology,20366453.0,6,2.622861054072553,1
Software,28306508.0,4,31.039014373716633,0
Apps,1199137.0,2,0.0,0
Hardware + Software,3200000.0,1,3.2032854209445585,1
Software,70000000.0,4,0.0,1
Music,15000.0,1,1.0,1
Sports,380000.0,1,0.0,0
Health Care,4041700.0,2,7.282683093771389,0
Advertising Platforms,1000000000.0,1,20.522929500342233,1
Enterprise Security,11000000.0,2,0.08487337440109514,1
Biotechnology,5800000.0,1,1.0,1
Biotechnology,5000000.0,1,13.10609171800137,1
Electronics,0.0,1,1.0,1
DIY,1000000.0,1,1.0,0
Health Care,3853000.0,2,3.5373032169746748,1
Hardware + Software,46420307.0,4,5.83709787816564,1
Mobile,30000000.0,1,1.0,1
Mobile,160279779.0,15,0.0,1
Software,17200000.0,2,17.100616016427104,1
Biotechnology,43500000.0,4,1.998631074606434,0
Cloud Data Services,173000000.0,7,0.8323066392881588,1
Cloud Computing,2900000.0,2,0.16153319644079397,1
Advertising,4580000.0,1,1.0,0
Information Technology,1160000.0,1,1.0,1
Enterprise Software,22579243.0,8,5.831622176591376,0
Health Care,60100000.0,4,1.3634496919917864,0
Design,70000.0,3,8.83504449007529,0
Real Estate Investors,50000000.0,1,1.0,1
Biotechnology,22300000.0,3,10.855578370978781,1
Aerospace,250000.0,2,0.0,0
Finance Technology,1700000.0,1,1.3853524982888432,0
Apps,0.0,1,0.9281314168377823,1
Flash Storage,6000000.0,1,1.0,1
Enterprise Software,9600000.0,2,2.9322381930184807,0
Developer APIs,600000.0,2,0.0,0
Android,4000000.0,1,3.7180013689253935,1
Hospitality,161947.0,3,0.0,0
Mobile,60000.0,1,0.7474332648870636,0
Local Businesses,120000.0,3,0.14510609171800137,1
Analytics,4100000.0,1,0.008213552361396304,1
Real Estate,30000000.0,2,2.414784394250513,1
Meeting Software,3180000.0,1,4.1943874058863795,1
Mobile,1800000.0,1,1.1800136892539357,1
Advertising,44250000.0,8,0.4161533196440794,1
Development Platforms,318627.0,1,0.810403832991102,1
Application Platforms,15500000.0,2,1.0,1
Opinions,5600000.0,3,3.5811088295687883,1
iOS,200000.0,1,1.0,0
Software,12000000.0,1,2.1546885694729636,1
Apps,500000.0,1,1.2457221081451062,1
Application Platforms,41250.0,1,1.0,0
Application Platforms,6034050.0,1,12.167008898015059,1
E-Commerce,0.0,1,1.0,0
Curated Web,715000.0,3,0.0,1
Software,10000000.0,1,5.489390828199863,1
Design,0.0,1,0.48459958932238195,1
Computers,250000.0,1,1.1197809719370295,1
Delivery,14000000.0,1,1.0,1
Application Platforms,122000.0,2,0.0027378507871321013,0
Software,596000.0,1,1.0,0
Software,17000000.0,2,3.5318275154004106,1
Security,25838556.0,8,1.0,1
Biotechnology,78050000.0,5,0.0,1
Advertising,30300000.0,3,3.033538672142368,0
Hardware + Software,1358979.0,3,3.216974674880219,0
Manufacturing,12500000.0,2,1.0,1
Semiconductors,45319939.0,3,10.26694045174538,1
Software,154000000.0,2,7.682409308692677,1
Manufacturing,49770145.0,5,0.0,0
Advertising,6000000.0,2,2.507871321013005,1
Enterprise Software,4000000.0,1,7.255304585900069,1
Android,1000000.0,1,0.813141683778234,1
Curated Web,800000.0,1,0.7474332648870636,1
B2B,50000.0,2,0.0,0
Apps,1800000.0,2,2.0971937029431897,1
Apps,0.0,1,0.999315537303217,0
Advertising,700000.0,1,0.7885010266940452,1
E-Commerce,800000.0,1,0.19164955509924708,0
Enterprise Software,63000000.0,9,1.08145106091718,1
Advertising,0.0,2,2.329911019849418,1
Games,40000.0,1,1.3032169746748803,0
Apps,7000000.0,2,1.212867898699521,0
Software,0.0,1,0.08487337440109514,1
Advertising,8699999.0,4,1.0896646132785763,1
Games,1900000.0,1,1.0,0
Analytics,28000.0,1,1.0,1
Advertising,13329915.0,4,0.7665982203969883,0
SaaS,288277.0,2,1.0,0
Apps,1155000.0,2,0.188911704312115,1
Advertising,30240000.0,3,6.461327857631759,1
Mobile,1700000.0,3,1.620807665982204,1
Android,618000.0,2,0.5284052019164955,1
Construction,40000000.0,1,1.0,1
Apps,1350000.0,3,0.7282683093771389,1
Public Relations,23660962.0,2,5.946611909650924,1
Android,6250000.0,2,0.0,1
Clean Energy,30000000.0,1,5.163586584531143,1
All Students,15000000.0,1,1.0,0
Enterprise Software,14500000.0,1,7.000684462696783,1
Software,16100000.0,2,9.793292265571527,1
Mobile,0.0,1,0.33401779603011633,1
Biotechnology,54000000.0,2,1.0,0
Business Services,40000.0,1,0.27104722792607805,0
Biotechnology,170466.0,1,1.0,1
Cloud Computing,13292327.0,2,2.1574264202600957,1
Messaging,5000000.0,1,1.0,1
Automotive,56300000.0,4,4.268309377138946,0
SaaS,1000000.0,2,0.0,1
Medical,1000000.0,1,1.0,0
Biotechnology,5660000.0,1,29.32785763175907,1
Advertising,4600000.0,2,0.08213552361396304,1
Clean Technology,0.0,1,0.5776865160848734,0
Clean Technology,3180659.0,1,1.0,1
Biotechnology,13000000.0,2,1.0,1
Software,1770000.0,1,3.8275154004106775,1
Biotechnology,16226758.0781003,3,5.623545516769336,0
Semiconductors,20000000.0,1,3.154004106776181,0
Health Care,99600000.0,4,2.5571526351813825,1
Billing,19600000.0,1,1.0,0
Biotechnology,74119365.0,7,3.4442162902121836,1
Biotechnology,122000000.0,4,0.3997262149212868,1
Health Care,25000000.0,1,3.0143737166324436,1
Software,16190000.0,2,6.0862422997946615,1
Biotechnology,76750000.0,4,1.0157426420260096,1
Hardware + Software,2648258.0,3,1.0,1
Manufacturing,20000000.0,1,6.078028747433265,0
Publishing,8750000.0,1,1.0,1
Software,3000000.0,2,1.0,1
Biotechnology,91850846.0,9,1.0,1
Biotechnology,101000000.0,5,3.4524298425735798,1
Clean Technology,90000000.0,1,1.0,0
Biotechnology,560519.0,3,1.0,1
Software,15000000.0,2,0.7474332648870636,1
Biotechnology,99000000.0,1,6.2587268993839835,1
E-Commerce,125000000.0,7,2.1656399726214923,1
News,0.0,1,0.4188911704312115,0
Software,12000000.0,1,1.0,1
Apps,18000000.0,1,1.0,0
Audio,250000.0,2,0.4188911704312115,0
Medical,28000000.0,2,1.0,1
Health and Wellness,2500000.0,1,1.0,0
Search,0.0,1,1.1663244353182751,0
Email,3000000.0,1,4.0,1
Security,62000000.0,4,4.676249144421629,1
Business Analytics,34060000.0,1,9.607118412046544,1
Security,26914000.0,3,0.0,1
Health Care,3496500.0,1,1.0,0
Semiconductors,5294000.0,2,1.0,1
Computers,8000000.0,1,5.516769336071184,0
Biotechnology,32360000.0,1,1.0,0
Biotechnology,112785321.0,3,3.8740588637919235,1
Electronics,1938000.0,5,1.0,0
Health Care,64080000.0,3,2.001368925393566,1
Biotechnology,220260000.0,3,32.45722108145106,1
Real Estate,37000000.0,1,2.6967830253251197,1
Biotechnology,63643889.0,4,1.0,1
Medical,18200000.0,2,12.457221081451062,1
Apps,26500000.0,1,1.0,1
Biotechnology,128352074.0,7,13.71937029431896,1
Analytics,1565000.0,2,0.6516084873374401,1
Security,10450000.0,1,33.95208761122519,0
Advertising,2000000.0,1,3.0910335386721424,1
E-Commerce,4800000.0,1,32.19438740588638,1
Software,1750000.0,1,1.1279945242984257,0
Mobile,1100000.0,1,10.316221765913758,0
Mobile,9513175.0,3,6.094455852156058,1
Semiconductors,0.0,1,1.7987679671457906,0
Biotechnology,67500000.0,3,1.0,1
Clean Technology,1500000.0,1,13.25119780971937,1
B2B,30000000.0,1,0.4216290212183436,0
Hardware + Software,181860000.0,7,1.9630390143737166,1
Apps,200000.0,1,0.0,0
Software,622000.0,1,8.999315537303216,0
Biotechnology,23500000.0,2,6.880219028062971,1
Hardware + Software,845075.0,2,0.865160848733744,0
Advertising,1000000.0,1,0.9089664613278576,0
Data Security,7000000.0,2,8.591375770020534,1
Email Marketing,54493.0,2,0.0,0
Cloud Security,2000000.0,1,2.1574264202600957,1
Security,955000.0,2,1.0321697467488022,1
Biotechnology,195000.0,1,1.0841889117043122,1
Advertising,15564591.0,3,1.1663244353182751,0
Biotechnology,0.0,1,1.0,1
Biotechnology,85000000.0,1,17.163586584531142,1
Big Data Analytics,40269828.0,1,2.869267624914442,1
Cloud Data Services,0.0,1,1.0,1
Bio-Pharm,0.0,1,7.5564681724846,0
Biotechnology,34898793.0,1,5.746748802190281,1
Biotechnology,65982896.0,3,5.61533196440794,1
Communications Hardware,15800000.0,2,1.0,1
Games,25000000.0,2,2.316221765913758,1
Data Privacy,49000000.0,3,3.9014373716632442,1
E-Commerce,0.0,1,1.0,0
Security,3239000.0,2,1.0,1
Art,551179.800362676,1,1.0,0
Games,10000.0,1,0.4161533196440794,0
Art,50000.0,1,0.0,0
Software,5250000.0,2,7.529089664613279,0
E-Commerce,54302.0,1,2.190280629705681,1
Analytics,7000000.0,2,2.2751540041067764,1
Computers,0.0,1,8.785763175906913,1
Games,0.0,2,0.08487337440109514,0
Art,1200000.0,2,2.6036960985626285,0
Art,0.0,1,0.9308692676249144,1
E-Commerce,14450000.0,4,1.0,1
Art,161688.0,1,0.2464065708418891,0
Software,6883956.0,3,1.483915126625599,1
Communications Hardware,30000000.0,1,4.826830937713894,1
Security,20047324.0,3,1.6153319644079398,1
Chemicals,80000000.0,1,1.6673511293634498,1
Biotechnology,83257446.0,4,1.0,0
Consumer Goods,442182454.0,1,1.0,1
Logistics,10000000.0,1,4.290212183436003,1
E-Commerce,12155000.0,1,2.847364818617385,0
Software,200000.0,1,6.154688569472964,0
Software,2590000.0,1,9.297741273100616,1
Health Care,20100000.0,1,1.0,1
Bio-Pharm,85814905.1742262,2,1.0,1
Oil and Gas,5070000.0,2,1.9411362080766599,0
Biotechnology,39664050.0,2,12.057494866529774,1
Clean Technology,71350002.0,8,6.655715263518139,1
Intelligent Systems,4214802.0,1,1.0,1
Software,20000000.0,1,3.1184120465434635,1
Design,6000.0,1,0.0,0
Application Platforms,41250.0,1,1.0,0
Advertising,0.0,1,3.082819986310746,0
Curated Web,1200000.0,1,1.0,0
Advertising,4099999.0,1,1.782340862422998,1
Logistics Company,0.0,1,128.65160848733743,0
Engineering Firms,1000000.0,1,1.0,0
Search,25000000.0,2,0.0,1
Android,3500000.0,1,1.0,0
Apps,40000.0,1,0.33401779603011633,0
Collaboration,136762.0,1,1.9028062970568105,0
Consumer Goods,4000000.0,1,1.0,0
Clean Technology,136000000.0,6,7.479808350444901,1
Software,100000000.0,1,22.628336755646817,1
Pharmaceuticals,57000000.0,1,1.0,1
Collaboration,28000.0,2,0.0,1
News,20000000.0,1,24.511978097193705,1
Software,4900000.0,1,3.488021902806297,1
Software,3000000.0,1,5.089664613278576,1
CRM,5700000.0,2,1.2840520191649556,1
Curated Web,21400000.0,3,1.0,1
Health and Wellness,5700000.0,1,5.223819301848049,1
Consulting,0.0,3,1.0,1
Consulting,5000000.0,1,7.003422313483915,0
Network Security,12900000.0,2,3.3292265571526354,1
Hardware + Software,22420000.0,1,6.850102669404517,0
Analytics,53000000.0,4,0.33675564681724846,1
Health Care,50000000.0,1,4.369609856262834,1
Software,0.0,1,13.571526351813826,1
Android,1900000.0,2,3.162217659137577,1
Games,0.0,1,1.6646132785763177,0
Enterprises,5300000.0,1,4.172484599589322,1
Clean Technology,0.0,1,6.852840520191649,1
Software,3200000.0,1,26.78986995208761,1
Information Services,10000000.0,1,1.0,1
Health Care,7200000.0,1,1.0,0
Casual Games,0.0,1,1.0,1
Biotechnology,52000000.0,2,1.0,1
Content,300000.0,1,0.0,0
Broadcasting,12868200.0,2,15.08829568788501,1
Software,35860000.0,3,11.24435318275154,1
Services,15000000.0,1,1.2539356605065024,0
Software,4000000.0,1,4.076659822039699,0
Semiconductors,10000000.0,1,2.9596167008898013,1
Business Services,40000000.0,3,2.746064339493498,1
Biotechnology,43500000.0,4,138.68856947296374,1
Health Care,37673932.0,6,3.9425051334702257,1
Biotechnology,9000002.0,1,17.22381930184805,1
Enterprises,200000.0,1,0.0,0
Email,8200000.0,2,0.2464065708418891,1
Advertising,300000.0,1,2.0725530458590007,0
Artificial Intelligence,50000.0,1,1.1800136892539357,0
Web Hosting,39700000.0,1,22.978781656399725,0
Finance,400000.0,1,2.3572895277207393,0
Games,22900000.0,1,1.0,1
Biotechnology,13700000.0,1,2.023271731690623,1
Real Estate,250000.0,1,2.236824093086927,1
Biotechnology,32600000.0,3,2.4832306639288158,1
Software,46341484.0,6,0.4216290212183436,1
Health Care,410958.0,1,1.5879534565366187,1
Curated Web,17000000.0,2,1.0,1
Web Hosting,39200000.0,2,3.542778918548939,0
Medical Devices,8500000.0,2,0.0,1
Hardware + Software,52000000.0,2,1.0,1
Mobile,13000000.0,3,6.93223819301848,1
Semiconductors,10000000.0,1,5.034907597535934,1
Software,2500000.0,2,0.16427104722792607,1
Email,0.0,1,0.0,1
Software,5000000.0,1,5.390828199863107,1
Software,0.0,1,1.0,0
SEO,27200000.0,4,0.3258042436687201,1
Hardware + Software,18000000.0,2,7.485284052019165,0
Software,10500000.0,4,16.416153319644078,1
Biotechnology,180500000.0,6,2.291581108829569,1
Curated Web,614000.0,1,1.0,0
Curated Web,2500000.0,1,1.0,1
Auctions,5500000.0,1,4.733744010951403,1
Auctions,400000.0,2,0.0,1
Semiconductors,15000000.0,1,8.588637919233403,1
Business Services,15000000.0,1,1.0,1
Mobile,5568600.0,1,5.207392197125257,1
Legal,250000.0,1,1.6618754277891854,1
Software,8771500.0,5,10.617385352498289,1
Distribution,4500000.0,2,0.0,1
Artists Globally,1250000.0,2,0.4079397672826831,1
Social Media,85000.0,2,0.5913757700205339,0
Advertising,30426151.0,4,8.92539356605065,1
Audio,8500000.0,1,1.0,0
Film,80000.0,1,1.0130047912388775,0
Apps,25000.0,1,0.0,0
Automotive,4073365.0,4,0.24914442162902123,0
Automotive,90000.0,2,0.9828884325804244,0
Audio,0.0,1,1.054072553045859,1
Manufacturing,22000000.0,2,1.0,0
Hardware + Software,4600000.0,2,26.77344284736482,1
Media,300000.0,1,0.9664613278576317,0
Biotechnology,73331503.0,8,1.0,0
Biotechnology,52000000.0,1,1.0,0
Health Care,60680000.0,2,4.876112251882272,1
Games,7660000.0,2,1.8261464750171115,0
Biotechnology,98817742.0,10,8.386036960985626,1
Clean Technology,123300000.0,4,1.0,1
Consulting,3500000.0,1,12.473648186173854,1
Information Security,22900000.0,2,3.0006844626967832,1
Data Security,27300000.0,3,1.160848733744011,1
Analytics,5000000.0,1,0.4928131416837782,0
Software,22465006.0,7,25.79876796714579,1
SaaS,21000000.0,2,7.312799452429843,0
Security,1595790.0,2,0.0,0
Software,33000000.0,2,7.567419575633128,1
Information Security,3067000.0,3,0.0,1
Business Development,0.0,1,16.26009582477755,1
Automotive,0.0,1,1.678302532511978,1
Internet,33000000.0,1,1.0,0
Biotechnology,55153254.0,5,2.833675564681725,1
Technology,0.0,1,1.0,0
Analytics,10800000.0,3,3.167693360711841,1
Advertising,0.0,1,2.976043805612594,0
Curated Web,0.0,1,1.0,1
Public Transportation,40000000.0,1,1.0,1
Network Security,34500000.0,3,0.48459958932238195,0
Automotive,10200000.0,2,0.0,0
Automotive,0.0,1,0.0,0
Automotive,53615099.0,7,0.8980150581793293,1
Auto,875000.0,2,1.5003422313483916,0
Automotive,0.0,1,11.665982203969884,1
Software,6000000.0,1,5.464750171115674,1
Flash Storage,23800000.0,7,0.0,0
Advertising,2500000.0,1,0.04654346338124572,1
Semiconductors,9000000.0,1,2.187542778918549,0
Biotechnology,43000000.0,1,4.848733744010952,1
Property Management,135000000.0,1,1.0,0
Electronics,17000000.0,2,4.75564681724846,1
Health Care,34200000.0,1,0.5503080082135524,1
Enterprise Software,20200000.0,3,3.4223134839151266,1
Biotechnology,70653885.0,3,7.901437371663245,1
Manufacturing,31350293.0,1,1.0,1
Telecommunications,0.0,1,1.0,0
Biotechnology,237338.0,1,9.820670773442847,1
Software,27000000.0,2,3.2854209445585214,1
Material Science,23000000.0,1,1.0,1
Cloud Data Services,7500000.0,3,0.32854209445585214,1
Biotechnology,30000000.0,1,24.484599589322382,1
Analytics,960000.0,2,2.195756331279945,0
Security,5000000.0,1,1.0,0
Biotechnology,15008402.0,2,0.6269678302532512,0
Consulting,8370000.0,1,1.0,0
Chemicals,2500000.0,1,1.0,0
Hardware + Software,9500000.0,2,2.245037645448323,0
Enterprise Software,28000000.0,4,2.4503764544832305,1
Security,5000000.0,1,2.2012320328542097,1
Information Technology,0.0,1,8.41615331964408,0
Manufacturing,1000000.0,1,0.7008898015058179,0
Energy,40000000.0,1,1.0,1
Services,440000.0,3,0.9609856262833676,1
Biotechnology,208949997.0,6,0.0,1
Mobile,6250000.0,2,0.5639972621492129,1
Hardware + Software,13940000.0,3,1.0,0
Security,252000000.0,2,0.6789869952087612,1
Apps,19044025.0,4,0.0,1
Android,1800000.0,1,1.5249828884325805,1
Enterprise Software,1000000.0,1,1.0,1
Biotechnology,69900000.0,4,0.06570841889117043,1
Biotechnology,72300000.0,2,2.3436002737850785,1
Mobile,750000.0,1,2.3326488706365502,0
Enterprise Software,750000.0,1,0.0,0
Biotechnology,70930000.0,14,1.809719370294319,0
Biotechnology,31500000.0,4,1.6317590691307324,1
Health Care,125796572.0,5,4.027378507871321,1
Marketplaces,0.0,1,2.0944558521560577,1
Software,7200000.0,1,1.0,0
SaaS,2500000.0,1,10.521560574948666,1
Clean Technology,3200000.0,1,1.0,1
Advertising,1342000000.0,5,3.4086242299794662,1
Biotechnology,2608000.0,4,1.3278576317590691,0
Enterprise Software,6430000.0,1,6.061601642710472,0
Software,9000000.0,1,11.770020533880903,0
Financial Services,0.0,1,5.5277207392197125,1
Mobile,0.0,1,0.0,1
Minerals,1100000.0,1,6.650239561943874,1
Security,100000.0,2,0.1697467488021903,0
Auto,360000.0,6,0.3066392881587953,0
Health Care,0.0,1,0.5859000684462696,0
Advertising,20000000.0,1,4.035592060232717,1
Curated Web,1500000.0,1,1.0,1
Information Technology,21948190.0,4,0.0,1
Curated Web,0.0,1,1.0,0
Games,3500000.0,1,0.12867898699520877,1
Maps,59700.0,4,0.0,1
Dental,25000.0,1,1.0,0
Industrial,0.0,1,1.0,0
Software,13800000.0,2,8.016427104722792,1
Enterprise Software,12000000.0,1,12.372347707049967,1
Semiconductors,15000000.0,1,35.51813826146475,1
Enterprise Software,26000000.0,4,9.817932922655714,1
Web Hosting,17650000.0,2,6.715947980835044,1
Biotechnology,19400000.0,2,3.162217659137577,0
Engineering Firms,0.0,1,1.0841889117043122,0
Semiconductors,29449981.0,2,5.103353867214237,1
Biotechnology,4000000.0,2,0.9308692676249144,1
Design,6100000.0,1,1.0,1
Mobile,5843207.27154683,1,3.1101984941820673,1
Semiconductors,4025000.0,4,2.461327857631759,0
Mobile,3000000.0,1,7.3730321697467485,1
Biotechnology,69919779.0,7,5.9575633127994525,1
Health Care,17700000.0,1,1.0,1
Public Safety,2000000.0,1,1.0,1
Fraud Detection,9780000.0,1,1.0,0
Audio,1071500.0,4,1.0,0
Games,530000.0,2,0.621492128678987,0
Mobile,21000000.0,1,3.646817248459959,0
Mobile,15000000.0,1,3.2881587953456535,1
Enterprise Software,15000297.0,2,3.488021902806297,1
Advertising,683125.435492465,1,0.33127994524298426,0
Information Technology,29000000.0,2,1.0,1
Biotechnology,9715488.0,3,11.619438740588638,0
Internet,80000000.0,2,1.7467488021902806,0
Web Hosting,34649948.0,6,1.0,1
Enterprise Software,28100000.0,6,0.0,1
News,300000.0,1,4.955509924709103,0
Software,15000000.0,1,1.0,1
Semiconductors,11999999.0,3,4.0,1
Legal,100000.0,1,1.0,0
Finance,7500000.0,2,0.0,1
Games,9850000.0,3,1.51129363449692,0
News,2000000.0,1,1.3716632443531827,1
Software,20000000.0,2,1.0,0
iPhone,1500000.0,1,1.267624914442163,0
Media,6250000.0,3,2.1820670773442847,1
Email,500000.0,1,1.8535249828884326,0
Mobile,13200000.0,1,0.0,0
E-Commerce,21100000.0,2,0.6707734428473648,0
E-Commerce,900000.0,2,0.5667351129363449,0
Curated Web,0.0,1,2.830937713894593,1
E-Commerce,2500000.0,2,0.8706365503080082,1
Electronics,37200000.0,3,2.414784394250513,1
Games,145000.0,1,0.4462696783025325,1
Advertising,1315000.0,4,0.4161533196440794,1
Data Security,40000.0,1,0.10403832991101986,0
SaaS,2000000.0,1,8.845995893223819,1
Enterprise Software,19525000.0,5,0.7474332648870636,1
Software,150000.0,1,1.0,1
Biotechnology,6250000.0,2,1.0,1
Biotechnology,28561000.0,4,12.281998631074606,0
Open Source,500000.0,1,0.07939767282683094,0
File Sharing,0.0,2,0.999315537303217,0
Manufacturing,83700000.0,2,10.080766598220396,1
Social Media,1476100.0,1,0.4188911704312115,0
Search,161200000.0,4,0.30937713894592744,1
Security,22813005.0,2,5.623545516769336,1
E-Commerce,5163625.0,2,1.0,1
Social Media,50000.0,1,0.0,0
Enterprise Software,1500000.0,2,7.6796714579055445,1
E-Commerce,3550000.0,4,0.33675564681724846,0
Public Relations,155000.0,1,3.2799452429842573,0
Games,871189.0,3,1.5852156057494866,1
Clean Technology,12500000.0,2,31.066392881587955,1
Financial Services,0.0,1,2.433949349760438,1
Hardware + Software,100000.0,1,2.001368925393566,0
Auto,6000000.0,1,12.498288843258042,0
Ticketing,8000000.0,1,16.736481861738536,0
Design,35000000.0,1,1.0,0
Apps,375000.0,4,0.0,1
Mobile,27200000.0,2,13.357973990417522,1
Apps,0.0,1,1.08145106091718,0
E-Commerce Platforms,1023335.0,1,1.0,0
Finance,6000000.0,2,5.25119780971937,0
Banking,15290000.0,4,0.8323066392881588,1
Credit Cards,0.0,1,0.0,0
Manufacturing,40000000.0,1,2.4175222450376452,0
Contact Management,3550002.0,3,0.33401779603011633,1
Consulting,1700000.0,1,3.920602327173169,1
Entertainment,1854110.0,2,2.439425051334702,0
E-Commerce,0.0,1,4.161533196440794,1
Maps,50000.0,1,1.0,0
E-Commerce,300000000.0,1,95.32648870636551,1
Biotechnology,33200000.0,3,3.9370294318959616,1
Communications Hardware,45610000.0,3,3.02258726899384,1
Health Care,15000000.0,1,7.531827515400411,1
iPhone,280000.0,1,0.9144421629021219,0
Entertainment Industry,0.0,1,1.0,0
Advertising,14345752.0,2,4.216290212183436,0
Media,68903320.4319178,2,1.0,0
Android,1200000.0,2,1.7221081451060918,1
Fitness,43500000.0,3,0.971937029431896,1
Advertising,0.0,1,0.0,0
Pharmaceuticals,35500000.0,2,1.0,0
Games,130000.0,2,1.3689253935660506,0
Biotechnology,55874661.0,1,21.357973990417523,1
Health Care,51200000.0,3,3.668720054757016,1
Hardware + Software,10000000.0,1,12.19438740588638,1
Information Technology,7766.0,1,1.0,0
E-Commerce,2000000.0,2,0.0,0
Content,130552663.0,5,0.999315537303217,1
Advertising,10000000.0,1,3.7973990417522243,1
Web Hosting,16000000.0,3,56.24914442162902,1
Email,500000.0,1,0.16700889801505817,0
Manufacturing,700000.0,2,1.0,1
Consulting,0.0,1,5.322381930184805,0
Advertising,938830.0,2,0.0,1
Advertising,0.0,1,0.0,0
Internet,3000000.0,1,6.357289527720739,1
Health and Wellness,58000000.0,1,26.401095140314855,1
Clean Technology,24000000.0,1,12.898015058179329,1
VoIP,3000000.0,1,1.0,0
Advertising Platforms,0.0,1,0.32854209445585214,1
Curated Web,0.0,1,1.0,0
Music,0.0,1,1.0,0
Hardware,500000000.0,1,7.737166324435318,1
Android,120000000.0,2,0.16153319644079397,0
Beauty,110000.0,1,0.0,0
Beauty,500000.0,1,2.0944558521560577,0
Curated Web,450000.0,1,2.485968514715948,0
Social Media,15000000.0,1,1.3141683778234086,1
Semiconductors,97800000.0,5,1.7467488021902806,1
Fashion,1298719.14683085,1,1.0,0
Advertising Platforms,37200000.0,4,0.6680355920602327,1
SNS,100000.0,1,0.33675564681724846,0
Advertising,9522.0,1,0.0,0
Navigation,11240000.0,1,8.728268309377139,1
News,400000.0,1,0.30116358658453113,1
iPad,9500000.0,2,1.839835728952772,0
Advertising,3250000.0,2,0.0,0
Entertainment,7216281.0,2,0.0,1
Software,2540000.0,1,1.0,0
Advertising,10000000.0,1,10.833675564681725,0
Creative Industries,6500000.0,1,6.28062970568104,1
Software,355000.0,1,0.0,1
Cooking,500000.0,1,0.0,0
Games,12000000.0,2,3.260780287474333,0
Photography,7540262.0,2,1.0,1
Web Hosting,8000000.0,2,1.0266940451745379,1
Mobile,60900000.0,4,2.223134839151266,1
Retail,26499973.0,1,3.4414784394250515,0
Curated Web,7000000.0,1,0.0,1
Android,50000.0,1,0.0,0
Biotechnology,145932588.0,10,3.271731690622861,1
Design,13000000.0,1,13.809719370294319,1
Distribution,250000.0,1,0.0,0
Public Relations,928135.0,1,1.0,0
Curated Web,0.0,1,0.0,0
Brand Marketing,100.0,1,0.7091033538672142,0
Software,7000000.0,1,6.997946611909651,1
Software,74664439.0,1,14.770704996577686,1
Health and Insurance,7157090.0,3,0.7501711156741958,1
Biotechnology,30826728.0,1,13.284052019164955,0
Social Media,225000.0,2,4.082135523613963,0
Manufacturing,0.0,1,1.0,1
Biotechnology,4259323.0,2,1.0,1
Business Services,12500000.0,3,0.030116358658453114,0
Blogging Platforms,1200000.0,1,7.832991101984942,1
Mobile,12000000.0,2,2.414784394250513,0
Advertising,7500000.0,2,1.8453114305270362,1
Hardware + Software,36824722.0,4,5.930184804928132,1
Nanotechnology,20250000.0,3,1.1663244353182751,1
Mobile,26500000.0,4,0.7008898015058179,1
Communications Infrastructure,12000000.0,1,0.9253935660506503,1
Mobile,50000.0,1,1.0,0
Event Management,30896.0,1,6.395619438740589,0
Fashion,0.0,1,0.0,0
Search,0.0,1,3.0006844626967832,1
Design,215.0,1,0.0,0
Curated Web,3450000.0,1,2.595482546201232,1
News,38930000.0,2,8.522929500342231,1
B2B,4225000.0,4,0.2080766598220397,1
E-Commerce,10000000.0,1,1.0622861054072552,0
Health Care,0.0,1,1.0,1
Android,1025000.0,2,0.6789869952087612,1
E-Commerce,59063.0,2,1.5359342915811087,1
Curated Web,10000.0,1,0.0,0
Curated Web,5000000.0,1,2.9979466119096507,0
Clean Technology,925000000.0,6,0.008213552361396304,1
Games,2000000.0,1,0.0,0
Public Relations,750000.0,1,0.0,0
Internet,500000.0,1,0.01642710472279261,0
Analytics,1700000.0,1,0.0,0
Advertising,300000.0,1,0.0,1
Web Hosting,10000000.0,1,6.294318959616701,1
Coupons,100000.0,1,0.3613963039014374,0
Social Media,1200000.0,1,0.010951403148528405,0
Curated Web,1050000.0,2,2.945927446954141,0
Advertising,5320000.0,3,1.0,1
Software,1060000.0,1,1.0,0
Mobile,87000000.0,2,1.0,0
Security,0.0,1,26.99794661190965,1
Games,0.0,1,1.0,0
Biotechnology,96029290.0,8,1.2484599589322383,1
Diagnostics,11988175.7201105,2,3.9671457905544147,1
Curated Web,250000.0,1,0.5886379192334018,0
Celebrity,3000000.0,1,0.0,0
Business Services,0.0,1,0.0,0
Financial Services,0.0,1,1.0,0
Advertising,500000.0,1,0.0,1
Entertainment,500000.0,1,1.0,0
Entertainment,95244796.0,2,6.69678302532512,1
Advertising,3425000.0,2,0.6516084873374401,1
Public Relations,450000.0,1,1.0,1
Chat,4715359.0,5,3.0636550308008212,0
Games,150023.0,1,1.0,1
Entertainment,10600000.0,2,0.0,1
Curated Web,518000.0,2,5.716632443531828,0
Consulting,360000.0,1,18.625598904859686,0
Telecommunications,42000000.0,2,4.4955509924709105,1
Curated Web,4500000.0,1,1.0,0
Security,26400000.0,3,5.73305954825462,1
Email,6000000.0,1,5.059548254620124,1
Hardware + Software,20750000.0,3,0.17522245037645448,1
Advertising,7000000.0,2,1.0,0
Software,0.0,1,13.713894592744696,1
Curated Web,0.0,1,0.6625598904859685,1
Curated Web,8000000.0,2,1.0,1
3D,620000.0,1,0.1971252566735113,0
Internet,600000.0,1,0.6187542778918549,1
Advertising,10000000.0,1,1.0,0
E-Commerce,2428201.0,3,1.0,0
Enterprise Software,1100000.0,1,1.212867898699521,0
Financial Services,15260000.0,3,0.2464065708418891,0
Business Development,500000.0,1,3.0006844626967832,0
Consumer Lending,16500000.0,3,0.12867898699520877,1
Mobile,7240000.0,4,3.8603696098562628,0
Credit,100000000.0,3,6.16290212183436,1
Curated Web,9000000.0,2,0.0,0
E-Commerce,0.0,1,0.0,0
Analytics,10304545.0,4,1.3004791238877482,1
Biotechnology,137847684.0,6,1.9028062970568105,1
E-Commerce,1200000.0,2,1.0,1
Manufacturing,38805883.0,6,5.111567419575633,1
Health Care,15189281.0,1,1.0,0
Biotechnology,2317000.0,4,0.0,1
Biotechnology,135585460.0,6,14.335386721423683,1
Biotechnology,127890.0,1,38.66392881587954,1
Biotechnology,4750000.0,1,2.1190965092402463,1
Biotechnology,321184551.0,8,2.7871321013004793,1
Biotechnology,0.0,1,1.0,0
Biotechnology,17102999.0,5,1.0,1
Biotechnology,2300000.0,1,1.0,1
Biotechnology,19024912.0,5,0.5585215605749486,0
Biotechnology,1018959.43862128,1,1.0,1
Biotechnology,25000000.0,1,1.0,0
Biotechnology,8399999.0,3,1.0,1
Biotechnology,48500002.0,2,1.0,1
Biotechnology,80700000.0,3,15.906913073237508,1
Biotechnology,7410000.0,1,11.326488706365502,0
Biotechnology,70000000.0,2,22.715947980835043,1
Biotechnology,7415000.0,6,6.830937713894593,0
Biotechnology,2000000.0,1,1.0,0
Curated Web,0.0,1,0.0,0
Biotechnology,946520.0,5,2.4449007529089664,1
Biotechnology,26000000.0,1,5.631759069130732,1
Biotechnology,3185000.0,1,1.0,0
Biotechnology,49024004.0,3,24.522929500342233,1
Biotechnology,196664126.0,9,6.633812457221081,0
Biotechnology,10200000.0,2,1.0,1
Biotechnology,63100000.0,4,1.3388090349075976,1
Bio-Pharm,41000000.0,1,1.0,1
Advanced Materials,50000.0,1,1.0,0
Health Care,280000.0,2,16.210814510609172,1
Health Care,4825800.0,1,1.0,0
Biotechnology,2020000.0,1,1.0,0
Biotechnology,36618955.0,3,5.845311430527036,1
Biotechnology,1000000.0,1,0.0,1
Bio-Pharm,1300000.0,1,11.68788501026694,1
Clean Technology,5000000.0,1,3.186858316221766,0
Biotechnology,20369775.0,3,3.0061601642710474,1
Biotechnology,2600000.0,1,6.74880219028063,0
Biotechnology,16010000.0,2,1.0,1
Health Care,1500000.0,1,7.17864476386037,1
Health Care,38000000.0,2,1.0,1
Biotechnology,18000000.0,1,1.0,1
Biotechnology,3307299.0,4,1.0,1
Health and Wellness,172016262.0,2,1.0,1
Biotechnology,10000000.0,1,7.389459274469542,1
Communities,1500000.0,1,1.0,0
Fitness,100000.0,1,1.0,0
Biotechnology,3605000.0,1,1.0,0
Biotechnology,1400000.0,1,15.616700889801505,0
Biotechnology,3978000.0,4,5.831622176591376,1
Biotechnology,11187700.0,3,1.2484599589322383,1
Biotechnology,423000.0,1,1.0,1
Bio-Pharm,5000000.0,1,7.025325119780972,0
Biotechnology,151808176.0,3,1.0,1
Biotechnology,63630000.0,7,16.854209445585216,1
Biotechnology,24213329.0,2,1.0,1
Biotechnology,133314585.0,4,0.0,1
Biotechnology,0.0,1,0.8815879534565366,1
Curated Web,1100000.0,2,1.6919917864476386,0
Biotechnology,73000000.0,4,2.967830253251198,1
Design,28000000.0,1,134.63928815879535,1
Advertising,0.0,1,0.0,0
Hospitality,5000000.0,1,1.0,0
Security,5250000.0,2,1.0,1
E-Commerce,44700000.0,5,6.16290212183436,1
Hardware + Software,4788800.0,1,15.107460643394935,1
Bitcoin,2300000.0,1,1.2046543463381245,1
Analytics,209999.0,1,1.4428473648186173,1
Mobile,21000000.0,4,3.4934976043805612,1
Fashion,1500000.0,1,2.3764544832306638,0
Hardware + Software,130000.0,1,3.7508555783709787,1
Curated Web,13300000.0,2,0.5804243668720055,0
Bitcoin,25000.0,1,0.36413415468856947,0
Mobility,6333407.0,2,1.946611909650924,1
Enterprise Software,0.0,1,8.687200547570157,1
Curated Web,6700000.0,1,1.0,1
Design,45000.0,2,0.8323066392881588,1
Communications Infrastructure,120000.0,2,1.1225188227241616,0
Analytics,24300000.0,3,1.0,1
Curated Web,0.0,1,0.0,0
Messaging,8000000.0,1,6.1300479123887746,1
SaaS,25000.0,1,1.9164955509924708,0
Messaging,345000.0,1,1.3333333333333333,0
Contact Management,250000.0,1,0.0,0
Advice,0.0,1,0.0,0
Advertising,28500000.0,4,0.0,1
Curated Web,40000.0,1,1.106091718001369,1
Business Services,3200000.0,1,1.0,0
Internet Marketing,5000000.0,1,1.0,0
Online Dating,200000.0,1,0.13689253935660506,0
Services,8000000.0,1,1.0,0
Office Space,0.0,1,0.14510609171800137,0
E-Commerce,40000.0,1,0.0,0
Internet Service Providers,9500000.0,2,13.880903490759753,1
Electronics,28200000.0,3,2.5735797399041753,1
Robotics,2700000.0,9,1.0,0
Advertising,59763076.0,5,0.0,1
Hardware + Software,1000000000.0,1,29.842573579739906,1
Software,66999515.0,2,4.0,1
Analytics,2500000.0,2,0.0,1
Advertising,2700000.0,2,1.1882272416153319,0
Android,300000.0,1,1.1444216290212184,1
Games,5926462.0,2,5.207392197125257,0
Cloud Computing,10000000.0,1,3.6878850102669403,1
Infrastructure,17000000.0,2,1.0,1
Video,0.0,1,2.0424366872005475,1
Software,1000000.0,1,0.8514715947980835,1
Search,60200000.0,9,0.2518822724161533,1
Education,0.0,1,0.7255304585900069,1
Enterprise Software,28000000.0,2,2.4996577686516086,0
Apps,4400000.0,1,0.16427104722792607,1
Software,2370027.0,3,1.0,0
Games,0.0,1,3.0034223134839153,1
Advertising,6600000.0,5,2.0342231348391513,0
Advertising,27300000.0,7,0.8323066392881588,1
Mobile,12931223.0,2,2.924024640657084,0
Assisitive Technology,0.0,1,0.31211498973305957,0
Service Providers,29750000.0,1,1.0,0
Curated Web,500000.0,1,0.47091033538672145,1
Location Based Services,1000000.0,1,1.0,1
Blogging Platforms,20000.0,1,1.998631074606434,0
Blogging Platforms,15500000.0,3,2.4476386036960984,1
Blogging Platforms,0.0,1,0.9144421629021219,0
Broadcasting,3000000.0,1,0.6707734428473648,1
Curated Web,12500.0,1,0.3860369609856263,0
News,50000.0,1,0.0,0
Mobile,4770000.0,4,0.0,0
Application Platforms,3000000.0,1,1.0,0
Android,0.0,1,0.7474332648870636,0
E-Commerce,51050000.0,4,0.0,1
E-Commerce,500000.0,1,0.0,0
Entertainment,50000000.0,1,1.0,0
Biotechnology,41431808.0,2,6.759753593429158,1
Cloud Management,26600000.0,6,9.25119780971937,1
News,1310000.0,1,4.528405201916495,0
Advertising,8925000.0,9,0.08213552361396304,1
Clean Technology,10000000.0,1,8.191649555099247,1
Web Hosting,13400000.0,1,3.0855578370978782,1
Software,8605192.0,4,0.0,0
Apps,400000.0,1,0.17248459958932238,0
Consumers,49000000.0,2,1.2922655715263518,1
Consulting,19200000.0,1,1.0,1
Public Relations,4000000.0,1,3.7207392197125255,0
Web Hosting,221000000.0,7,0.0,1
Biotechnology,150500000.0,6,12.766598220396988,1
Finance,0.0,1,0.2327173169062286,0
Analytics,20350000.0,4,0.0,1
Cyber Security,16000000.0,2,1.864476386036961,0
E-Commerce,24600000.0,4,4.747433264887063,1
Advertising,50100000.0,4,1.2484599589322383,1
Curated Web,37500000.0,2,0.0,1
Collaboration,12300000.0,2,0.4517453798767967,1
Employment,300000.0,1,1.4757015742642026,0
Advertising,11500000.0,1,1.0869267624914443,1
Enterprise Software,23400000.0,2,0.7337440109514032,1
Databases,4161954.0,1,22.809034907597535,1
Biotechnology,115000000.0,3,0.2737850787132101,1
Mobile,6000000.0,1,16.974674880219027,0
Curated Web,20300000.0,3,2.965092402464066,1
Architecture,56900.0,1,1.4976043805612593,0
Mobile,37028546.0,4,4.243668720054757,1
Software,10000000.0,1,0.6242299794661191,1
E-Commerce,3164047.0,3,9.166324435318275,1
Software,6000000.0,1,1.0,0
Mobile,39000000.0,4,3.2553045859000687,1
IT Management,13525000.0,3,0.0,1
Analytics,40000.0,1,0.24914442162902123,0
Consulting,2000000.0,1,5.292265571526352,1
Hospitality,100000.0,1,0.0,0
Consumer Goods,59000.0,2,1.5523613963039014,0
Software,750000000.0,1,33.549623545516766,1
Health Care,0.0,3,1.995893223819302,1
Software,16000000.0,1,1.7768651608487338,1
Finance,650000.0,1,1.0,1
Brand Marketing,5000000.0,1,0.999315537303217,0
Leisure,150852.0,1,0.999315537303217,0
Curated Web,32000000.0,3,1.0,0
Apps,250000.0,1,0.0,0
Consumer Goods,500000.0,1,0.4024640657084189,0
Fashion,18000016.0,1,41.530458590006845,1
Fitness,25000.0,1,0.07939767282683094,0
Health and Wellness,27800000.0,6,4.440793976728268,1
Software,125000000.0,3,2.7707049965776864,1
Mobile,73000000.0,5,0.0,1
Curated Web,0.0,1,0.0,1
Aerospace,0.0,1,73.88090349075975,1
Customer Service,11000000.0,3,2.127310061601643,0
Curated Web,1963650.0,1,1.0,1
Finance,23100000.0,2,0.0,1
E-Commerce,2350000.0,2,1.0,1
Advertising,29000.0,1,1.0,0
Curated Web,1500000.0,3,1.6317590691307324,1
Curated Web,100000.0,1,1.0,0
Internet,387700.0,1,0.13963039014373715,0
Android,260000.0,1,0.5284052019164955,1
Business Services,100000.0,1,0.24914442162902123,0
Analytics,500000.0,1,0.999315537303217,1
Cloud Data Services,0.0,1,0.47638603696098564,1
Databases,350000.0,1,0.29021218343600275,0
All Students,0.0,1,0.33401779603011633,1
Music,0.0,1,1.0,0
Advertising,1000000.0,1,1.0,0
Cloud Computing,4900000.0,2,1.83709787816564,1
Fashion,200000.0,1,1.0,0
Games,10000000.0,1,4.350444900752909,1
Hospitality,1500000.0,1,1.0,1
Advertising,3000000.0,2,0.5639972621492129,1
Cloud Data Services,578970.0,1,5.212867898699521,1
Discounts,59500000.0,4,0.0,0
Music,2000000.0,2,0.9144421629021219,0
Business Services,16400000.0,3,2.757015742642026,1
Internet,3100000.0,1,3.6331279945242985,0
Biotechnology,2000000.0,1,3.455167693360712,1
Biotechnology,10286000.0,3,2.223134839151266,1
Software,457048.0,1,10.097193702943189,0
E-Commerce,6500000.0,2,1.2511978097193703,1
Android,25000.0,1,0.038329911019849415,0
Software,6260000.0,2,13.697467488021903,1
Audio,0.0,1,0.7392197125256673,0
Education,9700000.0,2,0.0,1
Advertising,12000000.0,4,1.998631074606434,1
Health Care,10000002.0,2,40.34496919917864,1
Cloud Computing,558950000.0,11,0.6652977412731006,1
Curated Web,0.0,1,0.0,0
Email,1500000.0,1,1.0650239561943875,1
Apps,150000.0,1,2.726899383983573,1
Software,26500000.0,3,4.8815879534565365,1
Messaging,3000000.0,1,1.7905544147843941,1
Android,13514000.0,4,4.662559890485968,1
Automated Kiosk,900000.0,1,1.0,0
Games,6000000.0,1,7.496235455167693,1
Internet,81299969.0,6,3.1238877481177276,1
Clean Technology,12000000.0,1,9.670088980150581,0
Software,10100000.0,2,15.315537303216974,1
Social Media,3500000.0,1,1.1170431211498972,1
Entertainment,0.0,1,0.0,0
Biotechnology,74672769.0,6,1.0,0
Business Development,0.0,1,1.0,1
Biotechnology,18139599.0,5,8.569472963723477,1
Health and Wellness,11800000.0,1,11.189596167008897,1
Software,3000000.0,1,1.0,0
Accounting,69000000.0,2,3.7426420260095825,1
Curated Web,2000000.0,1,0.5119780971937029,1
Career Management,49000000.0,3,0.2135523613963039,1
Services,118000.0,1,1.0,0
Advertising,27000000.0,3,0.8624229979466119,1
Advertising,180000.0,1,0.03559206023271732,1
Internet,4380000.0,2,5.325119780971937,0
Enterprise Software,136710.0,1,1.0,1
Advertising,25025.0,1,2.64476386036961,0
Fashion,0.0,1,0.6899383983572895,1
E-Commerce,17000000.0,2,0.15605749486652978,0
Advertising,3350000.0,2,1.0,1
Environmental Innovation,799686.0,1,10.494182067077345,0
Content Discovery,0.0,1,0.11772758384668036,0
Services,640254.0,1,1.0,0
Security,31000000.0,4,2.409308692676249,1
Advertising,4400000.0,2,0.0,1
Advertising,21400000.0,2,8.161533196440795,1
Security,20000000.0,2,2.206707734428474,1
Biotechnology,1125080.0,1,1.0,0
Enterprise Software,61200000.0,2,1.0,1
Enterprise Software,1580000.0,1,1.0,0
Ticketing,3000000.0,1,2.16290212183436,0
Clean Technology,200000000.0,1,0.1998631074606434,1
Energy,20000.0,1,1.0,0
App Marketing,0.0,1,0.0,0
Games,920000.0,1,1.0,0
Public Relations,0.0,1,0.16700889801505817,0
Apps,82800000.0,6,1.0,1
Software,8205000.0,4,12.432580424366872,1
Manufacturing,344789135.0,10,4.251882272416153,1
Health Care,35301007.0,5,2.0588637919233403,1
Software,23000000.0,2,2.0698151950718686,1
Software,15000000.0,3,4.128678986995209,1
Mobile,0.0,1,1.998631074606434,1
Software,21189.0,1,0.676249144421629,0
Business Services,50000000.0,1,1.0,0
Cars,370000.0,2,0.4188911704312115,0
Big Data,20000000.0,2,1.3278576317590691,1
Software,10400000.0,2,1.0,0
Cloud Computing,0.0,1,3.02258726899384,1
Analytics,198007658.0,8,1.163586584531143,1
Clean Energy,1550000.0,1,2.891170431211499,0
Curated Web,120000.0,1,0.0,0
Social Media,0.0,1,7.734428473648186,1
Android,2094920.0,4,0.5804243668720055,1
Curated Web,950000.0,1,0.8323066392881588,1
Creative,850000.0,2,0.5804243668720055,0
Advertising,40242738.0,6,0.5804243668720055,1
Enterprises,0.0,1,0.0,0
Clean Technology,845000000.0,9,2.833675564681725,1
Distribution,283000000.0,1,10.516084873374401,1
Clean Technology,6000000.0,1,1.0,0
Advertising,3200000.0,3,1.0677618069815196,1
Software,14000000.0,1,5.631759069130732,1
Application Platforms,0.0,1,1.1498973305954825,0
Games,4340000.0,3,0.0,1
Semiconductors,19000000.0,1,2.329911019849418,1
Biotechnology,15510000.0,1,121.8754277891855,1
Computers,25100000.0,2,1.0,1
Information Technology,5400000.0,1,1.0,0
Databases,44300000.0,1,1.0,0
Hardware + Software,57000000.0,3,2.9322381930184807,1
Music,0.0,1,2.830937713894593,1
Mobile,25000.0,1,0.10677618069815195,0
Android,2574556.0,1,2.940451745379877,0
Collaboration,2700000.0,1,0.16700889801505817,0
Software,8105000.0,6,2.674880219028063,0
Internet,8000000.0,1,1.0,0
News,0.0,1,0.0,0
Web Hosting,5750095.0,2,6.5927446954141,1
Software,44900000.0,4,4.098562628336755,1
Web Hosting,41551329.0,3,6.863791923340178,1
Software,44000000.0,3,4.0219028062970565,1
Software,5700000.0,1,1.0,1
Games,7500000.0,1,8.093086926762492,1
Public Relations,2154000.0,3,3.652292950034223,0
Computers,300000000.0,1,15.052703627652292,1
Computers,10402868.417585,1,5.8507871321013,1
Insurance,18000.0,1,1.0,0
Games,0.0,1,0.785763175906913,0
Search,400000.0,1,4.517453798767967,0
Software,5800000.0,1,2.00684462696783,0
Coupons,1073497.0,2,0.0,0
Brewing,56829.0,1,1.0,0
Delivery,6000.0,1,0.0,0
Health Care,51000000.0,1,18.250513347022586,1
Clean Technology,6660000.0,2,0.4791238877481177,0
Hardware + Software,7000000.0,1,0.08213552361396304,1
Manufacturing,120794.0,1,2.0698151950718686,0
Audio,40000000.0,5,1.6919917864476386,1
Social Media,1000000.0,1,0.5037645448323066,0
Curated Web,0.0,1,0.0,0
Innovation Management,2000000.0,1,1.0,1
Enterprise Software,1400000.0,1,1.0,1
Apps,90000000.0,5,0.0,1
Banking,13596.0,1,0.07939767282683094,0
Wearables,17000000.0,2,2.2012320328542097,0
Advertising,125000.0,2,0.0,0
E-Commerce,1000000.0,1,1.1690622861054072,1
Analytics,100000.0,1,0.0,1
Brand Marketing,0.0,1,1.0,0
Software,6000000.0,1,4.695414099931554,1
Logistics,1500000.0,1,1.0,0
Games,0.0,2,3.915126625598905,1
Cloud Data Services,9495622.95886318,3,14.061601642710473,1
E-Commerce,240000.0,1,0.2518822724161533,1
Mobile,19900000.0,3,0.6324435318275154,1
Software,1650000.0,1,1.1827515400410678,1
Curated Web,0.0,1,0.0,1
Curated Web,450000.0,2,0.12046543463381246,0
Flash Sales,65000.0,2,0.06570841889117043,0
Advertising,550000.0,1,0.06297056810403832,0
E-Commerce,1200000.0,1,1.0,1
Cloud Computing,1500000.0,1,0.6023271731690623,0
Advertising,7300000.0,2,0.3258042436687201,1
Advertising,15000000.0,1,5.084188911704312,0
E-Commerce,6500000.0,2,0.4188911704312115,1
Sports,25000.0,1,0.1834360027378508,0
Apps,0.0,1,0.04654346338124572,0
Financial Services,5000000.0,1,12.32580424366872,0
Software,4000000.0,1,20.66803559206023,1
Trading,0.0,1,0.837782340862423,1
Curated Web,55600000.0,7,1.2101300479123889,1
Analytics,0.0,1,25.689253935660506,1
Mobile,0.0,1,4.03832991101985,1
Social Media,200000.0,1,1.4154688569472964,0
Internet Radio Market,103000000.0,1,1.0,0
Consumer Goods,210000.0,1,0.08213552361396304,0
Bitcoin,1250000.0,2,0.6297056810403833,0
Advertising,16924999.0,5,0.188911704312115,1
Business Services,103703.0,1,3.2854209445585214,0
Marketing Automation,70000.0,1,0.0,0
Bridging Online and Offline,0.0,1,0.7501711156741958,1
Real Estate,409562.0,1,0.0,0
E-Commerce,325000.0,1,2.0095824777549622,0
Curated Web,0.0,1,1.0,0
Real Estate,0.0,1,2.349075975359343,0
Advertising,24030000.0,3,0.8432580424366872,1
E-Commerce,700000.0,1,0.4106776180698152,0
Big Data,450000.0,1,1.1279945242984257,0
E-Commerce,1000000.0,1,0.9007529089664613,1
E-Commerce,20000009.6565487,2,1.5441478439425051,1
E-Commerce,36962500.0,6,0.32854209445585214,1
E-Commerce,625000.0,1,2.858316221765914,1
Curated Web,1200000.0,1,0.0,0
Advertising,750000.0,1,2.0588637919233403,0
Analytics,1569585.0,2,0.4161533196440794,0
Curated Web,0.0,1,1.0,1
Content,6000000.0,1,3.3921971252566734,0
Mobile,1025000.0,3,0.013689253935660506,1
Mobile,12000000.0,2,0.0,0
Hardware + Software,5980000.0,1,1.0,0
Local Search,4014726.0,1,0.0,0
Finance,10000000.0,2,9.103353867214237,1
Content,1000000.0,2,0.0,1
Enterprise Software,244000.0,1,2.91854893908282,0
Mobile,4250000.0,2,1.462012320328542,1
Mobile,29000000.0,1,1.5770020533880904,1
Digital Rights Management,0.0,1,3.8576317590691307,0
Advertising,14500000.0,2,2.9979466119096507,1
Consulting,374792349.0,3,3.0006844626967832,1
Finance,15000000.0,1,1.0,0
Software,5000000.0,1,5.018480492813142,1
Marketplaces,2000000.0,1,13.273100616016427,1
Hardware + Software,10000000.0,1,5.779603011635865,0
Advertising,1290000.0,1,1.0,0
Games,3000000.0,1,1.0,0
Biotechnology,64016800.0,6,1.0,0
Analytics,35600000.0,6,0.0,1
Mobile,0.0,1,1.0,1
Automotive,1678603.0,1,5.155373032169747,1
Advertising Platforms,153553.0,1,0.6652977412731006,0
Entertainment,886210.0,1,0.0,0
Big Data,1944976.0,1,4.37782340862423,0
Enterprise Software,9856183.0,2,0.8514715947980835,1
Biotechnology,0.0,1,4.084873374401095,1
Software,44307221.0,2,1.0,1
Analytics,1178000.0,5,2.083504449007529,1
E-Commerce,15500000.0,3,0.4161533196440794,1
Finance,0.0,3,0.0,1
Curated Web,1000000.0,1,1.0349075975359343,0
Mobile,9250000.0,2,29.01574264202601,1
Health Care,59463635.0,10,0.6625598904859685,0
Health Care,10414530.0,6,1.0,0
Curated Web,250000.0,1,0.33401779603011633,0
Biotechnology,54800000.0,5,4.583162217659138,1
Document Management,10000.0,2,0.0,1
Banking,16000000.0,1,7.493497604380561,1
EdTech,3000000.0,1,2.847364818617385,0
Design,10500000.0,1,1.0,1
Hospitals,1250000.0,1,1.0,0
Biotechnology,1950000.0,2,4.969199178644764,1
Biotechnology,10794877.0,1,15.994524298425736,1
Enterprise Software,0.0,1,0.9034907597535934,1
Biotechnology,97200000.0,5,1.1718001368925393,1
Biotechnology,104999998.0,6,0.10130047912388775,1
Semiconductors,150000000.0,3,4.101300479123887,1
Mobile,20000.0,1,0.0,0
Messaging,60000.0,1,0.0,0
Biotechnology,6211154.0,2,2.5023956194387407,1
Software,11350000.0,2,7.025325119780972,1
Security,1250000.0,1,4.087611225188227,0
Communications Infrastructure,0.0,1,3.8548939082819986,1
Analytics,2150000.0,3,1.6892539356605065,1
E-Commerce,8300000.0,1,1.0,1
Software,8000000.0,1,4.043805612594114,1
Health Care,102569484.0,4,1.0,1
EDA Tools,18813485.0,3,2.6995208761122518,1
Clean Technology,135000000.0,1,1.0,0
Information Services,31568890.0,1,0.0,0
Enterprises,5000000.0,1,12.0,0
Health Care,7200000.0,3,19.98904859685147,1
Information Technology,1000000.0,1,0.0,0
Software,339000.0,1,13.749486652977414,1
Business Services,120000000.0,1,0.0,0
Information Services,40000000.0,1,0.0,0
Services,70000000.0,2,0.0,0
Architecture,5150000000.0,2,4.971937029431896,1
Web Hosting,54300000.0,3,20.774811772758383,1
Information Technology,20000000.0,1,14.245037645448322,1
Photography,0.0,1,0.16700889801505817,1
Mobile,0.0,1,0.49555099247091033,1
Hardware + Software,23000000.0,6,0.49828884325804246,1
Health Care,158500000.0,2,7.457905544147844,1
Web Hosting,16100000.0,2,2.239561943874059,1
Apps,0.0,1,0.0,0
Advertising,5000000.0,2,1.9630390143737166,1
Software,0.0,1,0.2546201232032854,1
Social Media,516799.0,2,1.0,0
Semiconductors,155111530.0,3,13.152635181382614,1
Carbon,18414560.0,2,6.496919917864476,0
Biotechnology,6618000.0,1,11.832991101984941,1
Information Technology,14500000.0,2,1.0,0
Clinical Trials,21513913.0,1,1.0,1
Hardware + Software,34000000.0,3,6.661190965092403,1
Biotechnology,2750.0,1,22.198494182067076,0
Biotechnology,31000002.0,4,1.0,1
Mobile Commerce,0.0,1,0.6899383983572895,1
Finance,89500000.0,4,4.0,0
Analytics,2064000.0,2,0.9500342231348392,0
Advertising,110000000.0,1,0.0,1
Music,5000000.0,1,1.0,1
Pharmaceuticals,3270326.0,1,12.303901437371664,0
Games,3625000.0,2,0.03559206023271732,0
Games,24000000.0,1,36.01916495550992,1
Construction,10653150.248667,1,1.0,0
Software,19950000.0,2,7.293634496919918,1
Games,0.0,1,1.08145106091718,0
Finance,5100000.0,1,1.0,0
Banking,325000000.0,1,2.8720054757015743,1
Enterprise Software,10000000.0,1,1.0,1
Analytics,1500000.0,1,4.164271047227926,1
Ad Targeting,1000000.0,1,0.5804243668720055,0
Biotechnology,0.0,1,15.51813826146475,1
Advertising,0.0,1,16.514715947980836,1
Design,1012227.25780978,2,6.543463381245722,0
Enterprises,18400000.0,2,1.0,0
E-Commerce,1100000.0,2,0.2929500342231348,0
Biotechnology,56100003.0,5,1.0,1
Advertising,0.0,1,0.0,1
Security,0.0,1,2.305270362765229,1
Enterprise Software,1434300.0,1,2.546201232032854,0
Clean Technology,5000000.0,1,3.4962354551676933,0
SaaS,67192715.0,6,1.051334702258727,1
Health Care,34999999.0,4,2.8993839835728954,1
Mobile,1000000.0,1,1.0,1
Biotechnology,4973170.0,6,2.976043805612594,1
Fitness,22500000.0,1,1.0,1
Biotechnology,45434000.0,4,2.3600273785078714,1
Health Care,13797958.0,3,12.747433264887064,1
Curated Web,63925.0,1,0.13415468856947296,0
Health and Wellness,1500000000.0,1,35.62217659137577,1
Health Care,285000.0,1,1.0,0
Biotechnology,68589111.0,4,5.023956194387406,1
Data Visualization,165000.0,1,1.0,1
Biotechnology,526000.0,1,1.0,1
Health Care,36050344.0,7,2.1519507186858315,1
Biotechnology,37000000.0,1,1.0,1
Biotechnology,29214350.0,1,1.0,0
Health Care,232601872.0,10,0.49555099247091033,1
Biotechnology,55000000.0,2,4.501026694045175,0
Enterprise Software,123000000.0,2,4.032854209445585,1
Health Care,22000000.0,2,1.0,0
Software,11795000.0,3,1.0,0
Biotechnology,15000000.0,2,21.946611909650922,1
Medical Devices,11220000.0,1,1.0,1
Biotechnology,66500000.0,4,1.9274469541409993,1
Biotechnology,750000.0,1,1.0,1
Android,0.0,1,0.9144421629021219,1
Biotechnology,6215250.0,1,2.4914442162902124,1
Auto,3000000.0,1,7.824777549623546,1
Curated Web,0.0,2,0.0,1
E-Commerce,10000000.0,2,1.0,1
Android,2030882.0,4,0.0,1
Business Services,75000000.0,1,12.180698151950718,1
Curated Web,110800000.0,6,0.08487337440109514,1
Elder Care,25000.0,1,0.0,0
Curated Web,8832393.0,3,3.707049965776865,1
Curated Web,100000.0,1,1.0,0
Employment,25000.0,1,0.8049281314168378,0
Health and Wellness,25053750.0,4,1.0,1
Software,6800000.0,1,3.4387405886379194,1
Software,2600000.0,3,0.42984257357973993,1
Finance,60000000.0,1,10.362765229295004,1
Biotechnology,27000000.0,1,11.887748117727584,1
Curated Web,0.0,1,0.8350444900752909,0
Biotechnology,32000000.0,1,1.0,0
Cars,100000.0,1,0.06297056810403832,0
Auctions,150000.0,1,0.7529089664613279,0
Food Processing,0.0,1,3.4140999315537304,1
Baby Boomers,23519998.0,4,0.6652977412731006,0
Innovation Management,1913318.0,1,1.0,0
Biotechnology,0.0,1,1.0,1
Biotechnology,2000000.0,1,1.3278576317590691,1
Cosmetics,0.0,1,0.4544832306639288,1
Curated Web,1625900.0,2,1.4976043805612593,0
Biotechnology,2250000.0,1,6.1738535249828885,0
Environmental Innovation,10000000.0,4,8.580424366872005,1
E-Commerce,1593610.0,3,2.4969199178644765,0
Oil & Gas,6000000.0,1,1.0,1
Apps,450000.0,1,0.0,0
Cars,0.0,1,0.2518822724161533,0
Document Management,1230000.0,1,3.865845311430527,1
Biotechnology,2670000.0,1,1.0,1
Clean Technology,130000.0,1,0.0,0
E-Commerce,25000.0,1,0.0,0
E-Commerce,7000000.0,2,1.949349760438056,1
Auto,10850000.0,4,0.6652977412731006,0
Automotive,350000.0,1,0.0,1
Health Care,16925000.0,2,1.0,1
Mobile,18799999.0,3,1.9657768651608487,1
Design,0.0,1,0.09034907597535935,1
Hospitality,1200000.0,1,1.0,0
Apps,2000000.0,1,2.001368925393566,0
Information Technology,50000.0,1,1.0,0
Enterprise Software,4000000.0,1,4.58590006844627,0
Curated Web,13300000.0,2,2.9568788501026693,1
E-Commerce,569000000.0,1,42.64202600958248,1
Finance,30320000.0,4,4.090349075975359,1
Services,5000000.0,1,1.0,0
Computers,120000000.0,1,3.156741957563313,0
Cyber Security,11524995.0,2,1.0,1
Software,15000000.0,2,0.7446954140999316,1
Service Providers,30000.0,3,1.0,0
Software,0.0,1,1.0,0
Enterprise Software,10000000.0,1,1.0,1
Analytics,631720.0,1,0.0,1
Software,53299997.0,6,2.513347022587269,1
Health and Wellness,180999999.0,5,0.24914442162902123,1
Games,3100000.0,2,0.0,1
Biotechnology,119523736.0,9,2.0396988364134154,1
Real Estate,4500000.0,1,1.0,0
Biotechnology,15100000.0,1,1.0,0
Application Platforms,6000000.0,1,1.0,0
Semiconductors,0.0,1,0.16153319644079397,0
Biotechnology,2000000.0,1,7.2032854209445585,1
Enterprise Software,2000000.0,1,1.0,1
Apps,0.0,1,0.4079397672826831,0
Android,9300000.0,2,1.5852156057494866,0
Curated Web,5500000.0,1,0.34770704996577684,0
Advertising,2600000.0,2,0.06844626967830253,0
Professional Services,25000.0,1,1.002053388090349,0
Databases,75000000.0,1,4.060232717316906,1
Social Media,2743500.0,3,1.9548254620123204,0
Big Data,15500000.0,2,0.758384668035592,1
Facebook Applications,16350000.0,3,0.0,1
Curated Web,15000000.0,2,0.5037645448323066,1
Bio-Pharm,5000000.0,1,1.0,0
Nanotechnology,1400000.0,1,1.0,1
Semiconductors,92989194.0,4,2.6639288158795345,1
Web Hosting,38000000.0,2,1.7467488021902806,0
Messaging,2000000.0,2,0.6023271731690623,1
Biotechnology,0.0,1,3.704312114989733,1
CRM,3500000.0,1,0.46269678302532513,0
Online Identity,5500000.0,1,1.0,0
Environmental Innovation,2000000.0,1,1.0,0
Enterprise Software,6500000.0,1,1.0,0
Enterprise Software,50000000.0,3,8.317590691307323,1
Education,0.0,2,6.663928815879535,1
Hospitals,430000.0,1,1.0,1
Software,150000000.0,1,1.0,1
Biotechnology,1191901.0,1,1.0,0
Technology,50000.0,1,1.0,0
Consumers,58738637.0,1,31.616700889801507,1
Hardware + Software,8500000.0,2,1.3169062286105406,0
Enterprise Software,81000000.0,5,2.1519507186858315,1
Nonprofits,250000000.0,2,1.0,1
Biotechnology,7000000.0,1,6.1711156741957565,1
Advertising Platforms,0.0,1,0.5804243668720055,0
Biotechnology,4400000.0,1,26.633812457221083,1
Biotechnology,96876867.0,6,8.58590006844627,1
Business Intelligence,9100000.0,1,2.0698151950718686,1
Semiconductors,2000000.0,1,4.158795345653662,1
Clean Technology,2500000.0,2,4.999315537303217,1
Biotechnology,85249999.0,6,4.999315537303217,1
Biotechnology,85060000.0,5,18.63107460643395,1
Biotechnology,172013496.0,12,5.932922655715264,1
Biotechnology,2000000.0,1,1.0,1
Biotechnology,19638485.0,5,1.0,1
Biotechnology,17367286.0,3,0.919917864476386,1
Health Care,44424979.0,3,9.54962354551677,1
Biotechnology,115425741.132338,3,3.6659822039698837,0
Public Relations,5700000.0,1,1.0,1
Coupons,26000000.0,3,0.0,1
Clean Technology,62125000.0,3,1.0,0
Mobile,0.0,1,0.7474332648870636,1
Biotechnology,1047627.77785053,1,1.0,0
Curated Web,2000000.0,2,2.1820670773442847,1
Diagnostics,11200000.0,1,1.0,1
Biotechnology,7273407.0,3,5.086926762491444,1
Health Care,3845100.0,1,1.0,0
Bio-Pharm,2000000.0,1,1.0,0
Biotechnology,111641664.0,4,6.31895961670089,1
Biotechnology,10016030.0,3,3.5208761122518824,0
Biotechnology,3400000.0,1,0.6789869952087612,1
Software,18890000.0,3,0.5804243668720055,0
Internet,147000000.0,2,1.0,0
Bio-Pharm,13789744.0,3,1.0,1
Biotechnology,87500000.0,2,8.747433264887064,1
Biotechnology,100000000.0,1,1.0,0
Enterprise Software,1550000.0,1,8.328542094455852,1
Curated Web,19185000.0,3,1.379876796714579,1
Biotechnology,108119996.0,5,0.2464065708418891,1
Biotechnology,36253675.0,6,1.0,0
Finance,4663524.0,1,1.0,0
Health and Wellness,21102000.0,1,28.01368925393566,1
Cloud Computing,1000000.0,1,14.247775496235455,1
Curated Web,10400000.0,5,1.0841889117043122,0
Technology,12500000.0,1,1.0,1
Software,8700000.0,2,1.0,0
Software,28000000.0,2,6.069815195071868,1
Software,796205.0,1,1.0,0
Collaboration,7000000.0,1,2.9596167008898013,1
Semiconductors,20000000.0,1,6.965092402464066,1
Software,139050000.0,4,1.1197809719370295,1
Enterprise Software,25000.0,1,0.08487337440109514,0
Mobile,500000.0,1,0.0,0
Health Care,20000000.0,1,1.0,0
Public Relations,7999399.0,1,83.47433264887064,1
Security,16000000.0,2,5.5249828884325805,1
Software,5040000.0,1,23.665982203969882,1
Business Services,1500000.0,1,22.84188911704312,0
Biotechnology,25000000.0,2,10.13826146475017,1
Biotechnology,77700000.0,2,1.0,1
Mobile,13360000.0,4,2.2477754962354553,1
Telecommunications,17000000.0,1,18.247775496235455,1
Biotechnology,60943184.0,3,1.2594113620807665,1
Biotechnology,71500000.0,3,1.0,1
Web Hosting,456225.0,3,1.0,0
Biotechnology,137757341.803352,5,1.0,1
Clean Technology,98000000.0,2,18.73511293634497,1
Content,109500000.0,2,1.0,0
Public Relations,2600000.0,1,4.301163586584531,0
Advertising,8450000.0,2,0.0,1
Mobile,170000.0,1,3.679671457905544,0
Software,19000000.0,2,4.5366187542778915,0
Hardware + Software,4940000.0,2,0.7775496235455168,1
Business Services,6000000.0,1,1.0,0
Enterprise Software,7210210.0,4,4.648870636550308,1
Health Care,151700000.0,11,0.9144421629021219,1
Health Care,30000000.0,1,11.496235455167694,1
Web Hosting,75000000.0,1,12.616016427104723,1
Software,4500000.0,1,4.035592060232717,0
Banking,12000000.0,1,1.0,1
Biotechnology,44300000.0,2,3.0034223134839153,1
Software,1100000.0,2,1.0,1
Mobile,500000.0,1,18.05612594113621,1
Charter Schools,1300000.0,1,2.428473648186174,1
Fantasy Sports,14500000.0,2,2.521560574948665,1
Games,4500000.0,1,1.0,0
Apps,1000000.0,1,1.0,0
Health Care,938000.0,1,1.0,0
Biotechnology,36800000.0,5,25.010266940451746,1
Education,48000000.0,6,0.6652977412731006,1
Advertising,18628333.0,4,2.4941820670773445,1
Curated Web,6084516.0,2,10.792607802874743,1
Advertising,6000000.0,1,1.0,0
Auctions,75000000.0,4,2.5598904859685145,1
Curated Web,200000.0,1,1.0,0
Software,26500000.0,1,1.0,1
Biotechnology,0.0,1,9.596167008898014,1
Restaurants,1600000.0,1,8.358658453114305,0
Databases,12000000.0,1,4.060232717316906,1
Biotechnology,100000.0,1,1.0,0
Charity,3000.0,1,0.08213552361396304,0
E-Commerce,3000000.0,1,7.526351813826146,1
Specialty Foods,1500000.0,1,3.030800821355236,0
Manufacturing,10000000.0,1,19.49349760438056,1
Biotechnology,34000000.0,1,64.7419575633128,1
Brokers,6178766.0,1,36.761122518822724,1
Internet,5162513431.0,2,16.8870636550308,1
Advertising,500000.0,1,0.0,0
Leisure,50000.0,1,1.0,0
Biotechnology,201000.0,1,1.8562628336755647,1
Internet,0.0,1,0.3942505133470226,0
Analytics,251444.0,2,1.0,0
Android,1000000.0,1,0.6707734428473648,0
Health Care,21877704.0,2,1.0,1
Cyber Security,0.0,1,20.999315537303218,1
Coupons,100000.0,1,0.0,0
Consumers,252303692.0,10,0.0,1
Biotechnology,39420000.0,4,1.0321697467488022,1
Biotechnology,80540000.0,3,7.457905544147844,1
Automotive,5250000.0,2,0.8514715947980835,0
Games,1000000.0,1,0.16700889801505817,1
Financial Services,32000000.0,1,33.190965092402465,1
Databases,1250000.0,1,1.0,0
Manufacturing,22900000.0,1,1.0,1
Biotechnology,176000000.0,7,4.695414099931554,1
Semiconductors,22487000.0,3,0.0,1
E-Commerce,1500000.0,1,1.678302532511978,0
Biotechnology,256400000.0,7,1.6837782340862424,1
Social Media,100000.0,1,0.0,0
Life Sciences,9554140.0,1,1.0,1
Clean Technology,472000000.0,1,1.0,0
Public Transportation,84797290.0,4,1.0,1
Finance,400000000.0,1,13.596167008898014,0
Enterprise Software,195000000.0,1,1.0,0
Mobile,2556850.0,4,2.921286789869952,0
Biotechnology,1367369.0,2,16.76933607118412,0
Curated Web,118500000.0,6,7.665982203969883,1
Curated Web,40790797.0,1,17.472963723477072,1
Curated Web,10304000.0,1,6.672142368240931,1
Entertainment Industry,804000000.0,1,1.0,1
Semiconductors,27500000.0,3,8.361396303901437,1
Semiconductors,0.0,1,1.5003422313483916,1
Semiconductors,4140000.0,2,0.5804243668720055,1
Software,10900000.0,2,4.774811772758385,0
Video,31800000.0,2,1.0,1
Semiconductors,16000000.0,2,0.0,1
Photography,0.0,1,0.4188911704312115,1
Curated Web,0.0,1,1.0,1
Biotechnology,21000000.0,2,3.6112251882272415,0
Hardware + Software,14000000.0,1,4.969199178644764,1
Biotechnology,1954250.0,2,1.0,1
Consumer Internet,250000.0,1,0.0,0
Property Management,205000.0,2,1.0,0
Mobile,2565000.0,2,0.14510609171800137,1
Advertising,15000.0,1,0.0,0
Content,4500000.0,1,0.8952772073921971,1
Hospitality,289910.0,1,1.0,0
Apps,192644.997468094,1,0.6543463381245722,0
Finance,165000.0,1,0.8569472963723477,0
Biotechnology,16124996.0,5,11.40041067761807,1
Analytics,0.0,1,0.09856262833675565,0
Anything Capital Intensive,142200000.0,6,0.0,0
Consulting,21639640.0,6,0.10677618069815195,0
Web Hosting,5520000.0,1,5.44558521560575,1
Biotechnology,12960313.0,1,1.0,0
iOS,0.0,2,2.3901437371663246,1
Finance,0.0,1,0.0,0
Hospitality,0.0,1,0.9938398357289527,1
Business Services,0.0,1,1.0,1
Semiconductors,17400000.0,1,6.633812457221081,0
Travel,0.0,1,1.6399726214921286,0
Semiconductors,24150000.0,3,1.5852156057494866,1
Biotechnology,104332199.0,3,1.0,1
Games,3000000.0,1,0.0,1
Apps,301985.0,1,0.0,0
Software,1301000.0,2,1.0,1
Film,18442000.0,4,6.573579739904175,1
Games,0.0,1,0.0,0
Search,1000000.0,1,0.0,0
Coupons,30000.0,2,0.0,0
Security,141535713.0,8,1.3497604380561259,0
Web Hosting,42000000.0,1,4.183436002737851,1
Hardware + Software,26797546.0,4,1.3853524982888432,1
Media,5722750.0,9,0.405201916495551,0
Parenting,0.0,1,0.0,1
Analytics,0.0,1,1.5249828884325805,1
Curated Web,0.0,1,1.0,1
Content,0.0,1,1.0,0
Health Care,89200000.0,5,1.0,1
Enterprises,32500000.0,2,1.8836413415468858,0
Communications Infrastructure,2500000.0,1,2.083504449007529,1
Mobile,0.0,1,0.7611225188227242,1
Curated Web,70000.0,2,0.6652977412731006,0
Information Technology,139893.0,1,0.0,0
Sports,10000000.0,1,1.998631074606434,1
Domains,3000000.0,1,2.3600273785078714,1
News,1529666.0,2,0.5859000684462696,1
E-Commerce,6600000.0,2,0.5530458590006845,1
Software,11500000.0,2,1.0,0
Advertising,250000.0,1,0.2464065708418891,0
Curated Web,750000.0,1,0.02737850787132101,0
Advertising,1000000.0,1,1.9164955509924708,0
Crowdsourcing,55000.0,2,1.0,0
Coupons,5628800.0,1,1.0,1
Telecommunications,50360919.0,1,3.4387405886379194,1
Networking,0.0,1,0.0,0
Finance,183352.0,1,0.0,0
Coupons,770000.0,2,0.013689253935660506,0
Curated Web,422500.0,3,3.167693360711841,1
Hotels,0.0,1,1.5852156057494866,1
Content,134250.0,1,0.23545516769336072,0
Customer Service,0.0,1,1.0,1
Biotechnology,122000000.0,5,2.023271731690623,1
Media,110000.0,1,0.02737850787132101,0
E-Commerce,6515643.0,1,27.405886379192335,1
Banking,34100000.0,3,1.6454483230663928,1
Biotechnology,50912000.0,2,1.0,1
Biotechnology,275000.0,1,5.371663244353183,0
Analytics,1500000.0,1,0.3586584531143053,1
Curated Web,2700000.0,2,1.0,1
Collaboration,14219390.0,3,4.301163586584531,0
Payments,19000000.0,2,0.999315537303217,1
Advertising,500000.0,1,0.37782340862423,1
Medical Devices,6500000.0,2,0.038329911019849415,0
Health Care,11800000.0,2,1.0,1
Software,8330000.0,2,4.328542094455853,1
All Students,350000.0,2,1.5824777549623545,0
Advertising,8684459.0,3,1.4127310061601643,0
Classifieds,0.0,1,1.0,0
Software,1530000.0,2,2.5489390828199863,0
Classifieds,15000.0,1,1.2840520191649556,0
Clean Technology,0.0,1,7.627652292950034,0
Clean Technology,16193969.0,2,2.245037645448323,1
Clean Technology,1000000.0,1,1.0,0
Clean Technology,19600000.0,1,1.0,0
Biotechnology,1300000.0,1,24.711841204654345,1
Environmental Innovation,5300.0,1,0.2080766598220397,0
Clean Technology,600000.0,1,3.7481177275838466,1
Curated Web,250000.0,1,0.36960985626283366,0
Software,5000000.0,1,2.43668720054757,1
Enterprise Software,4000000.0,1,1.0,1
Software,1100000.0,1,1.0,1
Finance,127620230.0,7,0.0,1
Web Hosting,6000000.0,1,1.0,1
Enterprise Software,19200000.0,2,4.4490075290896645,1
Natural Language Processing,10000000.0,2,5.746748802190281,1
Information Technology,0.0,1,0.6379192334017796,0
Public Relations,5000000.0,1,1.0,0
Software,1000000.0,1,4.856947296372348,1
Software,3800000.0,2,6.9897330595482545,1
Advertising,1776763.0,2,0.46269678302532513,1
Security,0.0,1,1.0,1
Information Technology,300000.0,1,8.33949349760438,0
Software,730000.0,1,1.0,0
Ediscovery,29000000.0,2,1.325119780971937,1
Internet,5820000000.0,6,0.0,1
Biotechnology,66426557.0,6,0.0,1
Enterprise Software,100410283.0,4,3.8603696098562628,1
E-Commerce,5600000.0,5,1.0,1
Health and Wellness,2250002.0,3,4.057494866529774,0
Consulting,0.0,1,1.0,0
Content,11500000.0,2,9.092402464065708,1
Advertising,32500000.0,6,0.0,1
Curated Web,29972500.0,3,5.83709787816564,1
Delivery,0.0,1,5.960301163586585,1
Advertising,3000000.0,1,3.649555099247091,1
Entertainment,19000000.0,2,0.70362765229295,1
3D Technology,50000.0,1,0.0,0
Identity,20000.0,1,0.14510609171800137,1
Software,6000000.0,1,1.462012320328542,1
Software,56710000.0,3,8.676249144421629,1
Internet,0.0,1,1.0,0
Software,1000000.0,1,1.5441478439425051,0
Advertising,750000.0,1,0.648870636550308,0
Biotechnology,259611.0,2,1.0,1
Health Care,0.0,1,17.93839835728953,0
Dental,50000.0,1,1.0,0
Curated Web,0.0,1,0.8487337440109514,1
Android,0.0,1,0.70362765229295,0
Curated Web,750000.0,3,0.0,0
Crowdsourcing,0.0,1,0.5886379192334018,0
Photography,100000.0,1,6.737850787132102,1
Curated Web,1510017.0,2,4.010951403148528,0
Search,840000.0,1,10.959616700889802,0
Messaging,2000000.0,2,0.10130047912388775,0
Software,14200000.0,2,6.483230663928816,1
Biotechnology,0.0,1,1.0,1
Fashion,475000.0,1,0.7501711156741958,0
E-Commerce,0.0,1,0.44353182751540043,1
Cloud Computing,11000000.0,1,2.001368925393566,1
Business Services,1200000.0,2,0.0027378507871321013,0
Diagnostics,2582000.0,2,0.04380561259411362,0
Application Platforms,50000.0,1,1.0,0
Internet,10000.0,1,1.3305954825462012,0
Security,2180000.0,2,3.698836413415469,1
Cloud Computing,63300000.0,5,3.3319644079397674,1
Big Data,18250000.0,8,0.0,1
Education,110000000.0,1,9.516769336071183,1
Enterprise Software,9915000.0,2,7.195071868583162,1
Curated Web,5906547.0,1,0.0,0
Enterprise Software,3000000.0,1,1.0,1
Cloud Computing,2750000.0,2,0.7008898015058179,1
Analytics,5300000.0,2,2.001368925393566,1
Cloud Computing,26140000.0,4,1.0704996577686516,1
Cloud Computing,14000000.0,2,5.71937029431896,1
Web Hosting,25000000.0,2,5.823408624229979,1
Cloud Computing,149180.0,1,0.4079397672826831,0
Software,15400000.0,2,1.0,1
Mobile,0.0,1,1.0,0
Analytics,0.0,1,1.1197809719370295,1
Enterprise Software,4415653.0,2,1.8507871321013005,1
Cloud Data Services,600000.0,1,0.5201916495550992,0
All Students,25000.0,1,0.0,1
Cloud Computing,3532577.0,1,3.600273785078713,1
Mobile,8800000.0,2,0.5311430527036276,1
Public Relations,21000000.0,2,2.746064339493498,1
Biotechnology,356962756.0,3,0.39698836413415467,1
Advertising,20000.0,1,1.1690622861054072,0
Software,7000000.0,1,1.6399726214921286,0
E-Commerce,692850.0,1,0.4106776180698152,0
Entertainment,225000.0,1,0.9774127310061602,0
Software,430000.0,1,1.0,0
Software,0.0,1,1.0,1
Mobile,0.0,1,1.0,1
Graphics,696000.0,1,1.0,0
Games,15010000.0,1,2.833675564681725,1
Services,5000000.0,1,1.0,0
Semiconductors,7484035.0,3,0.15879534565366188,1
Biotechnology,7660569.14175812,2,2.8199863107460645,0
Android,1400000.0,3,5.390828199863107,0
Software,600000.0,1,0.0,0
Biotechnology,3137231.0,1,1.0,1
Biotechnology,16395534.0,15,1.0,1
Biotechnology,10050000.0,2,1.0,1
Internet,28000000.0,1,1.0,1
Clean Technology,90000.0,1,1.0,0
Software,42000000.0,1,23.59479808350445,1
Security,9350003.0,4,10.105407255304586,1
Clean Technology,13350000.0,2,1.0,1
Biotechnology,38520000.0,3,3.1019849418206706,1
Curated Web,6659995.0,3,1.0,0
Social Media,25000.0,1,2.622861054072553,0
Blogging Platforms,1500000.0,1,0.8980150581793293,0
Cosmetics,489778.0,1,1.0,0
Software,2800000.0,1,1.0,0
Enterprise Software,34000418.0,3,1.002053388090349,1
Curated Web,110000.0,3,0.09308692676249145,0
Innovation Management,1900000.0,1,8.062970568104038,1
Cloud Computing,1000000.0,1,5.618069815195072,0
Apps,37422.0,1,1.163586584531143,0
Enterprise Software,0.0,1,0.16153319644079397,1
Software,6500000.0,1,1.2019164955509924,1
Mobile,60000.0,1,0.75564681724846,0
Security,3600000.0,1,4.101300479123887,1
Health and Wellness,23020000.0,3,1.0,1
Software,1400000.0,3,5.664613278576318,1
Career Management,50000.0,1,0.09034907597535935,0
Biotechnology,37000000.0,1,4.616016427104722,1
Contact Management,0.0,1,1.2484599589322383,1
Cloud Data Services,6194000.0,3,0.6789869952087612,1
Software,2600000.0,1,4.134154688569473,1
Curated Web,1130000.0,7,0.038329911019849415,1
News,390000000.0,2,21.489390828199863,1
Web Hosting,41510000.0,2,4.462696783025325,1
Analytics,1340000.0,2,0.0,1
Apps,11200000.0,2,2.833675564681725,1
Analytics,11700000.0,1,11.148528405201917,0
Pervasive Computing,0.0,1,1.0,1
E-Commerce,25000.0,1,0.33127994524298426,0
Networking,14500000.0,1,1.0,0
Hardware + Software,15500000.0,2,3.1731690622861053,1
Software,7000000.0,1,10.338124572210814,1
Advertising,10150000.0,3,0.49555099247091033,1
Security,1400000.0,1,1.0,1
Health and Wellness,150000.0,2,1.0,0
Health Care,41525000.0,3,4.295687885010267,1
Biotechnology,249271980.0,4,3.0362765229295,1
Bio-Pharm,23100000.0,2,9.582477754962355,1
Collaboration,1400000.0,2,0.0,1
Bitcoin,1373909.0,1,0.0,1
Business Intelligence,11000000.0,3,3.0006844626967832,1
Enterprise Software,6500000.0,1,4.999315537303217,1
Bio-Pharm,40000000.0,2,6.655715263518139,1
Messaging,12971851.0831496,1,7.096509240246407,1
Enterprise Software,29600000.0,5,3.7234770704996576,1
Android,2350000.0,3,0.16153319644079397,1
Health and Wellness,1564572.0,1,3.2826830937713893,1
Curated Web,2000000.0,1,1.0,0
Analytics,15324624.0,6,1.0841889117043122,1
Curated Web,39500.0,2,13.54962354551677,1
Delivery,50000.0,2,0.0,0
Cable,25000000.0,1,1.0,0
Travel,20000.0,1,0.07939767282683094,0
Colleges,20000.0,1,1.0,0
Career Management,1800000.0,1,0.6324435318275154,1
Colleges,20000000.0,1,7.581108829568788,1
Colleges,20000.0,1,0.0,0
Education,320000.0,3,1.434633812457221,0
Colleges,2244500.0,2,1.0,0
All Students,2000000.0,1,1.0,0
Electronics,0.0,1,1.0,1
Biotechnology,103000002.0,6,4.837782340862423,1
Collectibles,225000.0,1,0.0,0
Advertising,6201649.0,2,1.4154688569472964,1
Lighting,13000000.0,1,1.0,1
Local,41000000.0,1,0.6406570841889117,0
Apps,1167697.0,1,3.5318275154004106,0
Beauty,1300000.0,1,2.485968514715948,0
Curated Web,2970000.0,1,8.0,1
Art,1000000.0,1,5.418206707734429,1
Web Hosting,42000000.0,3,4.183436002737851,1
Biotechnology,80799981.0,5,3.4962354551676933,1
Games,8000000.0,1,7.107460643394935,1
Governments,25000000.0,3,11.186858316221766,0
Biotechnology,56952124.0,6,1.0,1
Enterprise Software,5191392.0,3,9.429158110882957,1
Intelligent Systems,1620840.0,3,1.0,0
Web Hosting,725000000.0,1,50.34907597535934,1
Software,350000.0,2,0.0,0
Internet,0.0,1,1.0,0
Entertainment,20500000.0,1,1.0,0
Entertainment,1000000.0,1,1.0,0
Analytics,538062.0,4,0.0,0
Communities,50000.0,1,1.0,0
Comics,3496222.0,6,2.3353867214236823,1
Cyber Security,23500000.0,2,1.0,0
E-Commerce,10000000.0,1,9.522245037645447,1
Minerals,5000000.0,1,1.0,1
Software,834000.0,2,0.6652977412731006,1
Payments,2500000.0,1,5.952087611225188,1
Public Relations,0.0,1,3.975359342915811,1
Chat,0.0,1,0.0,0
Business Services,26000000.0,2,1.0,1
Broadcasting,100000000.0,1,33.223819301848046,1
Wireless,5000000.0,1,1.0,0
IT and Cybersecurity,96100000.0,3,8.525667351129364,1
Software,15600000.0,2,1.0,0
Hardware + Software,15112330.0,7,28.421629021218344,0
Document Management,0.0,1,6.913073237508556,0
Analytics,25000.0,1,0.32854209445585214,0
Social Media,22500.0,1,1.0,0
Analytics,125000.0,1,0.6050650239561944,0
Banking,25000000.0,1,1.0,1
Industrial,9908249.0,1,1.0,0
Financial Services,725000000.0,1,1.0,1
Developer APIs,0.0,1,1.0,0
Advertising,12000000.0,3,0.7364818617385352,0
Software,2000000.0,1,1.4428473648186173,0
Software,11000000.0,2,1.5906913073237507,1
Data Security,29310000.0,2,1.541409993155373,1
Biotechnology,0.0,1,1.0,1
Blogging Platforms,3802024.0,4,0.32306639288158795,1
Advertising,33000000.0,4,0.8350444900752909,1
Distribution,550125.0,1,1.0,0
Curated Web,0.0,1,1.4483230663928817,1
Biotechnology,104490061.0,4,0.0,1
Web Hosting,5630000.0,1,6.7268993839835725,1
Automotive,12530000.0,3,1.8288843258042438,1
Software,1250000.0,1,1.0,1
Data Security,1200000.0,1,0.0,0
Content,31950003.0,5,0.0,1
Biotechnology,1800000.0,1,42.69952087611225,1
Databases,0.0,1,12.772073921971252,1
Human Resources,20000000.0,1,29.916495550992472,1
Information Technology,0.0,1,6.581793292265571,0
Business Services,68239769.0,4,1.0869267624914443,1
Service Providers,2000000.0,1,1.0,1
Software,155000.0,1,1.0,1
Clean Technology,0.0,1,6.740588637919234,1
Biotechnology,62101551.0,6,1.0,1
Consulting,0.0,1,4.971937029431896,1
Application Platforms,20000000.0,1,2.001368925393566,0
Content Discovery,7200000.0,2,0.0,1
Biotechnology,99500000.0,4,0.5393566050650239,1
Internet,1273700.0,1,1.0,0
Software,4053915.0,2,1.0,0
Health and Wellness,72658074.0,2,1.0,0
Software,18800000.0,2,1.0,1
Cloud Management,291754092.0,2,16.043805612594113,1
Software,3000000.0,2,0.0,0
Games,8500000.0,2,1.0,1
Clean Technology,0.0,2,1.0,1
Private Social Networking,500000.0,1,0.0,0
Social Media,200000.0,1,1.1663244353182751,0
Biotechnology,20500000.0,2,5.921971252566735,1
Clean Technology,12700000.0,1,1.0,1
Software,27250000.0,3,1.0,1
Biotechnology,219100000.0,3,5.607118412046543,1
Cloud Computing,3000000.0,1,1.5797399041752225,0
Networking,500000.0,1,2.48870636550308,1
Cloud Computing,1500000.0,2,0.0,0
Software,53500000.0,2,1.0,1
Analytics,6745000.0,3,1.0,1
Internet of Things,0.0,1,3.5181382614647503,0
Analytics,0.0,1,1.0,0
Software,4795519.0,2,1.0,0
Software,23500000.0,2,6.420260095824777,1
Contact Management,10000.0,1,0.3915126625598905,0
Advertising,5000000.0,3,13.305954825462011,1
E-Commerce,1384000.0,1,1.8234086242299794,1
Consulting,67400000.0,4,2.130047912388775,0
Software,8500000.0,1,1.2046543463381245,1
Clean Technology,33048483.0,4,1.9630390143737166,1
Advertising,0.0,1,1.0,0
E-Commerce,40000.0,1,1.0,0
App Marketing,565000.0,1,1.9247091033538672,1
Advertising,10200000.0,2,1.3880903490759753,1
Advertising,8159714.0,2,4.919917864476386,1
Health Care,61000000.0,1,22.05612594113621,1
Biotechnology,48350000.0,3,1.0,0
Architecture,13154038.0,2,13.91375770020534,1
Event Management,14816145.0,3,12.83230663928816,1
Health and Wellness,5000000.0,1,1.0,1
Business Services,0.0,1,0.49555099247091033,0
Curated Web,40600000.0,4,0.6598220396988365,0
Chat,3000000.0,1,7.34839151266256,1
Hardware + Software,9000000.0,1,6.316221765913758,1
Advertising,1000000.0,3,0.2053388090349076,1
Enterprise 2.0,250000.0,1,0.14784394250513347,0
Content,100000.0,1,0.0,0
Analytics,992250.0,3,1.6071184120465434,1
Data Centers,23817000.0,3,1.4127310061601643,1
Advertising,63500000.0,5,4.41615331964408,0
Credit,15000.0,1,0.32306639288158795,1
Consumer Electronics,5750000.0,1,1.5824777549623545,0
Software,1125000.0,1,1.6153319644079398,0
Data Integration,36000000.0,2,1.0,1
Data Center Automation,8000000.0,1,1.0,1
Software,10000000.0,1,1.0,1
Biotechnology,16967648.0,3,1.1197809719370295,1
Hardware + Software,93000000.0,7,1.6290212183436004,1
Data Centers,9079060.0,1,9.201916495550993,1
Security,8247532.0,5,1.4264202600958247,0
Email,0.0,1,1.056810403832991,0
Mobile,5792000.0,3,3.4962354551676933,1
Security,15000000.0,1,1.0,0
Biotechnology,35400000.0,1,1.0,1
Web Hosting,10000000.0,1,8.862422997946611,1
Advertising,5000000.0,3,0.0,1
Software,42750000.0,4,2.239561943874059,1
E-Commerce,0.0,1,0.0,0
Adventure Travel,16674.0,1,1.0,0
Delivery,75000.0,1,1.0,0
Databases,0.0,1,0.0,1
Messaging,28100000.0,3,1.4948665297741273,1
Software,10000000.0,1,10.89390828199863,0
Analytics,71426633.0,4,4.180698151950718,1
Local Businesses,4899605.0,3,2.4503764544832305,1
Software,4901574.0,3,1.0,1
Enterprise Software,4100000.0,2,1.111567419575633,1
Security,627300.0,1,12.402464065708418,0
Semiconductors,14500000.0,1,5.891854893908282,1
SaaS,55000.0,1,0.0,0
Finance,11765000.0,6,1.0,1
E-Commerce,0.0,1,3.668720054757016,1
SaaS,27700000.0,2,5.639972621492129,1
Curated Web,0.0,1,0.16700889801505817,0
Biotechnology,36289479.0,4,1.0,1
Health Care,724000.0,1,12.320328542094456,1
Clinical Trials,18000000.0,1,10.30800821355236,1
Business Development,80000000.0,1,6.291581108829569,1
Biotechnology,18432029.0,4,1.0,0
Consulting,25000000.0,1,5.330595482546201,1
Services,573000000.0,1,1.0,1
Advertising,91000000.0,2,7.184120465434634,1
Energy Efficiency,50000000.0,1,1.0,1
Enterprise Software,2000000.0,1,12.49555099247091,1
Web Hosting,89500000.0,4,1.6919917864476386,1
Health Care,5685000.0,2,1.0,0
Hardware + Software,1801500.0,1,6.436687200547571,1
Finance,4000000.0,1,1.0,0
Security,20404494.0,5,0.8542094455852156,1
Web Hosting,0.0,1,1.0,1
Biotechnology,1250000.0,1,1.0,1
Biotechnology,8067308.0,2,1.0,1
Manufacturing,36617912.0,3,8.878850102669405,1
Networking,41300000.0,2,2.8145106091718,0
Health Care,40000000.0,1,1.0,1
Curated Web,0.0,1,0.9144421629021219,0
Biotechnology,6469973.0,3,3.865845311430527,1
Career Management,44700000.0,3,7.876796714579055,1
Biotechnology,30000000.0,1,1.0,1
Android,3000000.0,3,1.9164955509924708,1
Electronics,40000000.0,1,1.0,0
Biotechnology,62758534.0,5,3.589322381930185,1
Travel,0.0,1,26.491444216290212,1
Collaboration,600000.0,1,1.0,1
Analytics,8620000.0,3,4.960985626283367,1
Enterprise Software,11400000.0,4,0.0,1
Software,20000000.0,2,6.417522245037645,1
Game,80000000.0,2,15.460643394934976,1
Biotechnology,71724981.0,3,1.0,1
Curated Web,0.0,1,0.2299794661190965,0
Enterprise Software,4826784.0,3,10.39835728952772,0
Enterprise Software,60000.0,1,0.999315537303217,0
Biotechnology,23000000.0,1,1.0,1
Hardware,162000000.0,2,4.605065023956194,1
Pharmaceuticals,60000000.0,1,1.0,0
Health and Wellness,10000006.0,1,1.0,1
Email,5500000.0,1,1.7221081451060918,1
Development Platforms,40143.0,1,1.160848733744011,0
E-Commerce,175000.0,1,0.16700889801505817,0
Content Delivery,36000000.0,4,0.0,1
Social Media,1500000.0,1,0.4736481861738535,0
Advertising,1100000.0,1,0.5174537987679672,1
Health and Wellness,0.0,1,1.0,1
Software,2000000.0,1,0.892539356605065,0
Health Care,1220077.59693517,1,0.9555099247091033,0
Risk Management,20000000.0,1,115.03353867214237,1
Security,9500000.0,1,4.944558521560575,1
Advertising,276760000.0,7,7.337440109514032,1
Coupons,10000.0,1,0.0,0
Coupons,15000.0,1,0.05201916495550993,0
Information Technology,15000000.0,1,1.0,1
Biotechnology,90505207.0,5,2.759753593429158,1
Advertising,16000000.0,2,0.9034907597535934,1
Finance,11000000.0,4,4.490075290896646,1
Software,789000.0,1,2.967830253251198,0
Android,1700000.0,1,0.0,1
Blogging Platforms,1000000.0,1,2.078028747433265,1
Enterprise Software,22000000.0,1,6.083504449007529,1
Finance,23850000.0,4,2.412046543463381,1
Software,7000000.0,1,10.546201232032855,1
Events,5800000.0,1,0.0027378507871321013,1
Curated Web,29557587.0,8,0.7474332648870636,0
Financial Services,500000.0,1,1.0896646132785763,0
Consulting,100000000.0,1,26.420260095824776,1
Clean Technology,27680000.0,2,7.737166324435318,1
Consulting,0.0,1,3.6659822039698837,1
Curated Web,9000000.0,2,6.7323750855578375,1
Mobile,6000000.0,2,0.6954140999315537,1
Curated Web,0.0,1,2.2806297056810405,1
Collaboration,150000.0,1,1.4976043805612593,0
Environmental Innovation,0.0,1,0.7529089664613279,0
Consulting,50000.0,1,2.4969199178644765,0
Creative,2300000.0,2,0.13415468856947296,1
Security,21000000.0,3,1.9383983572895278,1
Environmental Innovation,0.0,1,1.0,1
Banking,1000000.0,2,0.9527720739219713,0
Credit Cards,58800000.0,1,6.039698836413415,1
Banking,3000000.0,2,5.221081451060917,0
Internet,18852.0,1,1.0,0
Hardware + Software,241039698.0,2,24.621492128678987,1
Services,39000000.0,2,1.0,1
Biotechnology,161600003.0,5,6.485968514715948,1
Web Hosting,24500000.0,3,4.922655715263518,1
Software,2000000.0,1,1.0,1
Consulting,11000000.0,2,6.6885694729637235,0
Curated Web,16494801.0,3,2.2532511978097194,1
Distribution,3300000.0,1,1.0,1
Advertising,63360000.0,4,1.2457221081451062,1
Biotechnology,1690312.0,5,14.674880219028063,1
Bio-Pharm,56000000.0,1,1.0,1
Curated Web,100000.0,1,0.0,0
Manufacturing,18000000.0,1,5.136208076659822,0
Software,0.0,1,0.16153319644079397,1
Shoes,200000000.0,1,11.997262149212867,1
Software,25000.0,1,0.49828884325804246,0
Security,24500000.0,2,7.34839151266256,1
Manufacturing,13020000.0,2,10.433949349760438,1
Semiconductors,13205000.0,2,5.341546885694729,1
Curated Web,0.0,1,0.08487337440109514,0
Analytics,36102807.0,5,15.80561259411362,1
Advertising,2000000.0,1,0.5859000684462696,0
Software,8100000.0,1,1.0,1
Consumer Electronics,200000.0,2,1.3059548254620124,0
Consumer Goods,50000.0,1,1.0,0
Social Media,1000000.0,1,1.0,0
Finance,0.0,1,0.999315537303217,1
Financial Services,167030.421807492,1,0.0,0
Collaboration,6000000.0,1,3.4387405886379194,1
Android,1300000.0,1,2.6940451745379876,1
Advertising,12035360.0,2,0.0,1
Curated Web,0.0,1,0.08487337440109514,0
Advertising,9458000.0,3,2.8254620123203287,1
Brand Marketing,770000.0,2,0.5831622176591376,0
Advertising,1000000.0,1,0.33401779603011633,0
Application Platforms,0.0,1,1.0,0
Business Services,880000.0,3,0.0,0
E-Commerce,5126000.0,3,1.675564681724846,1
Blogging Platforms,40000.0,1,0.33127994524298426,0
Crowdsourcing,14570000.0,5,0.0,1
Apps,0.0,1,0.0,0
Hardware + Software,668421.0,1,13.371663244353183,1
Biotechnology,443000000.0,1,16.739219712525667,1
Hardware + Software,0.0,1,8.876112251882272,1
Art,115015.0,2,0.7392197125256673,1
Travel,253194.0,2,0.0,0
Hospitality,3500000.0,1,1.0,1
File Sharing,5000000.0,1,0.024640657084188913,0
Games,26799993.0,3,0.08487337440109514,1
Biotechnology,8000000.0,1,1.0,1
Medical Devices,39500000.0,2,2.0752908966461328,1
Hardware + Software,1250000.0,1,1.0,1
Cyber Security,861714.0,4,0.0,1
Networking,280000.0,1,0.07939767282683094,1
Software,15000000.0,1,12.459958932238193,1
Biotechnology,6535000.0,2,1.0,0
Messaging,6545530.0,1,3.972621492128679,0
Electrical Distribution,31253119.8860997,1,1.0732375085557837,0
Security,3737446.0,2,13.17180013689254,1
All Markets,19074918.0,2,1.6673511293634498,1
Semiconductors,30000000.0,1,1.0,0
Public Transportation,300000000.0,1,23.159479808350444,1
Business Services,500000.0,3,0.7474332648870636,1
Collaborative Consumption,65000.0,1,0.2053388090349076,0
Public Relations,9787513.0,1,2.735112936344969,1
Apps,3685000.0,2,1.0,1
Big Data Analytics,0.0,1,0.3723477070499658,0
Collaboration,11500000.0,3,4.084873374401095,1
Blogging Platforms,130000.0,2,0.16700889801505817,0
Mobile,10000.0,1,0.024640657084188913,0
Blogging Platforms,300000.0,1,0.049281314168377825,1
Curated Web,4715000.0,3,0.08487337440109514,1
Semiconductors,8000000.0,1,1.0,1
Search,33000000.0,2,2.1601642710472277,0
Information Technology,20000.0,1,0.243668720054757,0
Cooking,0.0,1,0.188911704312115,0
Cloud Computing,650000.0,1,2.31895961670089,1
Coupons,1500000.0,2,0.0,0
Entertainment,9750000.0,2,3.1813826146475015,1
Internet Marketing,2250000.0,2,0.0,0
Curated Web,0.0,1,1.5030800821355237,0
Biotechnology,1526000.0,1,1.0,0
Advertising,1500000.0,1,3.7481177275838466,1
Android,0.0,1,0.038329911019849415,0
Health Care,0.0,1,1.5523613963039014,0
Biotechnology,22964000.0,4,10.116358658453114,1
Software,13000000.0,1,1.0,1
Software,100000000.0,1,1.0,1
News,15000000.0,1,0.5722108145106092,0
Media,100000000.0,1,1.0,0
Mobile,0.0,1,0.243668720054757,0
Open Source,588384.0,1,1.4182067077344285,1
Communities,95656.0,1,1.0,0
Fashion,200000.0,1,0.0,0
Finance Technology,250000.0,1,1.2375085557837098,0
Health Care,32676154.0,4,1.3990417522245038,0
Event Management,136911999.0,3,1.5879534565366187,1
Consulting,7000.0,1,0.0,0
Biotechnology,2555672.0,1,6.234086242299795,1
Enterprise Software,3000000.0,1,9.639972621492129,1
Security,0.0,1,1.7111567419575633,1
Software,130082104.0,7,0.70362765229295,1
Information Security,43000000.0,2,7.652292950034223,1
IT and Cybersecurity,13210580.0,7,6.406570841889117,0
Enterprise Software,22500000.0,1,1.0,0
Technology,0.0,1,0.999315537303217,1
Online Shopping,6000000.0,1,1.0,1
Enterprise Software,0.0,2,1.0,1
Mobile,2535759.0,2,1.0,0
Biotechnology,132188186.0,7,1.0,1
Automotive,0.0,1,31.08829568788501,1
Biotechnology,98802924.0,5,1.0,0
Biotechnology,171505694.0,8,12.657084188911705,1
Apps,0.0,1,1.0,0
Analytics,7400000.0,1,1.0,1
Web Hosting,6623651.0,3,1.3607118412046544,1
Biotechnology,36713046.0,5,8.238193018480493,1
Biotechnology,42600000.0,4,10.559890485968515,0
Semiconductors,77000000.0,2,6.759753593429158,1
Security,27250000.0,4,1.0,1
Biotechnology,2675263.0,1,11.624914442162902,1
Biotechnology,23000000.0,1,1.0,0
Consulting,170000.0,1,3.8165639972621492,0
Manufacturing,17606421.6437253,2,3.9507186858316223,0
Web Hosting,150600000.0,2,9.91375770020534,1
Biotechnology,45700000.0,2,7.813826146475017,0
Biotechnology,965000.0,1,1.2566735112936345,0
Biotechnology,68470098.0075415,4,1.0,1
Biotechnology,36467860.0,10,1.0,1
Pharmaceuticals,40000000.0,1,1.0,1
Biotechnology,104775000.0,8,1.0,1
Biotechnology,11885330.3329477,1,6.160164271047228,0
Biotechnology,133500000.0,5,2.1683778234086244,1
Biotechnology,54751700.0,4,13.494866529774127,1
Biotechnology,500000.0,1,1.106091718001369,1
Consumer Goods,0.0,1,18.510609171800137,1
Biotechnology,42500000.0,2,1.0,1
Bio-Pharm,86000000.0,1,1.0,1
Biotechnology,22304410.0,5,2.116358658453114,1
Information Security,13100000.0,3,0.8186173853524983,1
B2B,200000000.0,1,0.07665982203969883,1
Design,1210185.0,2,1.0,0
Food Processing,4200000.0,1,1.0,0
Audio,15500000.0,1,1.0,1
Games,7500000.0,2,0.9856262833675564,0
Billing,25025.0,1,1.0,0
Entertainment Industry,25000.0,1,0.2518822724161533,0
Big Data,45000.0,2,0.7063655030800822,0
Social Media,170000.0,1,2.7707049965776864,0
Games,350000.0,1,1.0,0
Curated Web,0.0,1,0.0,1
Advertising,37500000.0,2,3.0088980150581794,1
Curated Web,135520.0,2,0.15879534565366188,0
Software,4000000.0,1,31.534565366187543,1
E-Commerce,283500.0,2,1.0,0
Photo Sharing,7015000.0,3,0.4681724845995893,1
Exercise,540000.0,2,0.5831622176591376,1
Curated Web,9360000.0,1,0.5941136208076659,1
Hardware,68500000.0,3,1.4182067077344285,1
Curated Web,0.0,1,0.008213552361396304,0
Curated Web,5000000.0,1,1.1279945242984257,1
Advertising,500000.0,1,0.0,0
Design,20000.0,1,0.08213552361396304,0
Outsourcing,27000000.0,2,1.0,1
Advertising,6000000.0,1,1.0,1
Billing,30000000.0,1,1.0,0
Energy,13535982.0,1,5.13347022587269,1
Curated Web,0.0,1,1.0,1
Music,4500000.0,2,0.08213552361396304,0
Advertising Platforms,50000.0,1,0.70362765229295,1
E-Commerce,0.0,2,1.0,1
Software,118300000.0,5,0.810403832991102,1
Games,355000.0,2,0.0,0
Clean Technology,42700000.0,3,7.882272416153319,0
Service Providers,13500000.0,1,1.0,0
Games,17136.0,1,1.0,0
Advertising,4000000.0,2,0.1943874058863792,1
Collaboration,30500000.0,4,8.071184120465434,1
Semiconductors,0.0,1,2.8856947296372346,1
Biotechnology,7397000.0,2,1.0,1
E-Commerce,0.0,1,0.4407939767282683,1
E-Commerce,7300000.0,2,0.2135523613963039,0
Cyber,502100.0,1,1.3716632443531827,0
Software,12000000.0,1,3.8220396988364134,0
Software,0.0,1,1.0,0
Digital Media,2545000.0,2,1.0,0
Software,48000000.0,1,1.0,0
Advice,5118761.0,1,0.038329911019849415,0
Gps,65000000.0,3,1.0,1
Fashion,0.0,2,1.0,0
Mobile,3859459.0,2,2.754277891854894,1
Curated Web,2000000.0,1,1.0,1
Databases,1200000.0,1,3.783709787816564,0
Enterprise Software,17000000.0,1,2.209445585215606,1
Software,5000000.0,1,1.0,1
Curated Web,0.0,1,0.16427104722792607,1
Information Security,0.0,1,12.28747433264887,1
Services,4920000.0,2,1.0,1
E-Commerce,0.0,1,1.0,0
Cloud Data Services,118000.0,1,1.0,0
Legal,17500000.0,3,3.4250513347022586,1
Human Resources,0.0,1,1.0,1
Technology,2236501.0,1,1.0,1
Web Hosting,63100000.0,4,0.999315537303217,1
Advertising,86545843.0,6,7.789185489390828,1
Advertising,4300000.0,1,0.0,0
Software,2650000.0,1,7.832991101984942,1
Enterprise Software,6300003.83690592,5,2.5790554414784395,1
Analytics,1700000.0,1,0.0,1
Advertising,9200000.0,3,1.1663244353182751,1
Computers,7000000.0,2,47.80287474332649,1
Enterprise Software,1588000.0,3,1.377138945927447,1
Software,100000.0,1,3.9397672826830936,0
Software,15000000.0,1,1.4428473648186173,1
Analytics,16000.0,1,0.3997262149212868,0
Big Data,100000.0,1,1.7467488021902806,0
Software,57500000.0,1,29.13347022587269,1
Telecommunications,11000000.0,1,1.0,0
Match-Making,50000.0,1,1.1800136892539357,0
Networking,100000.0,1,0.05475701574264202,0
Content Creators,0.0,1,0.459958932238193,0
Enterprise Software,8459197.0,2,1.0,1
Mobile,0.0,1,0.0,0
E-Commerce,13962782.0,1,4.027378507871321,1
Energy,9322033.89830509,2,4.917180013689254,1
Enterprise Software,50000.0,1,8.670773442847365,0
Cloud Computing,40000000.0,3,1.3305954825462012,1
Public Transportation,50000000.0,1,1.0,0
Curated Web,12300000.0,2,1.1663244353182751,1
Beauty,150000.0,1,0.15879534565366188,0
Technology,9000000.0,1,1.0,0
Biotechnology,309700000.0,3,8.958247775496236,1
Clean Technology,4700000.0,1,1.0,0
E-Commerce,1200000.0,1,1.6427104722792607,0
Finance,868000.0,3,0.0,0
Automotive,0.0,1,0.0,0
Advertising,5000000.0,2,11.19233401779603,1
Automotive,157866382.0,1,10.770704996577686,1
Business Services,436180930.0,2,1.2457221081451062,1
Curated Web,300000.0,1,0.11772758384668036,0
Coupons,0.0,1,0.16153319644079397,1
Advertising,1500000.0,1,1.2402464065708418,1
Auctions,0.0,1,0.5941136208076659,0
B2B,4352758.0,5,0.4380561259411362,1
Web Hosting,1675000.0,2,13.17180013689254,1
Software,0.0,1,1.5824777549623545,0
Finance,1584593.0,2,1.0,1
Enterprise Software,56063148.0,6,9.207392197125257,1
Consumer Electronics,16500000.0,3,0.0,1
Finance,19826645.0,7,0.0,1
Enterprise Software,14000000.0,1,8.427104722792608,1
Software,10510626.0,4,1.0,1
Health Care,50000.0,1,1.0,0
Curated Web,40000.0,1,1.0,0
Computers,40000000.0,1,1.5797399041752225,1
Development Platforms,3471859.0,1,4.692676249144422,1
Algorithms,8207892.0,3,2.4914442162902124,1
Clean Technology,3500000.0,1,1.0,1
Security,9500000.0,1,0.6789869952087612,1
Curated Web,690000.0,1,1.8316221765913758,0
Analytics,33272398.0,2,18.748802190280628,1
Mobile,15100000.0,3,0.4216290212183436,0
Oil & Gas,1500000.0,1,10.620123203285422,1
Biotechnology,13100000.0,2,3.1786447638603694,1
Services,260000000.0,1,1.0,0
E-Commerce,44100000.0,1,21.152635181382614,1
Social Media,0.0,1,1.5824777549623545,1
Curated Web,100000.0,1,0.01642710472279261,0
E-Commerce,12000000.0,2,3.0691307323750854,0
Automotive,8000000.0,1,0.0,1
Enterprise Software,2000019.0,1,26.989733059548254,1
Curated Web,0.0,1,1.0,0
Audio,11567800.0,3,0.8295687885010267,1
Networking,4000000.0,2,0.4134154688569473,1
Software,10119801.0,3,7.000684462696783,1
Advertising,100000000.0,1,1.3169062286105406,1
Fmcg,6000000.0,1,7.687885010266941,1
Enterprise Software,54100002.0,5,2.1190965092402463,1
Consumer Electronics,16600000.0,1,7.381245722108145,1
Advertising,8500000.0,3,0.0,1
Education,533000.0,4,0.31211498973305957,1
E-Commerce,19362564.0,3,1.054072553045859,1
Computers,22000000.0,1,5.02943189596167,0
Software,36000000.0,2,1.0,1
Pharmaceuticals,875000000.0,2,19.67419575633128,1
Clean Technology,0.0,1,21.127994524298426,1
Software,12700000.0,2,3.575633127994524,1
Hardware + Software,29074972.0,1,1.0,1
Biotechnology,0.0,1,3.920602327173169,0
Biotechnology,128000000.0,3,1.7987679671457906,1
Marketplaces,47434.0,1,1.0,0
Ad Targeting,300000.0,1,1.3305954825462012,0
E-Commerce,62515.0,1,0.0,0
Industrial,1140000.0,1,1.0,0
Software,432299.0,1,2.9130732375085557,1
Designers,16800000.0,2,11.616700889801505,1
Software,2700000.0,2,3.8439425051334704,1
Software,2000000.0,2,2.116358658453114,1
Crowdsourcing,10966004.7852471,4,1.7494866529774127,1
Software,4156680.0,2,1.0,1
Web Hosting,26249976.0,5,1.5742642026009583,1
Freelancers,681350.0,1,1.9164955509924708,0
Health Care,18500000.0,1,9.059548254620124,1
Digital Rights Management,100000.0,1,0.6269678302532512,1
Analytics,80221.0,4,1.0,1
Apps,100000.0,1,0.12867898699520877,0
Development Platforms,11000000.0,1,1.0,0
Health Care,151500204.0,1,1.0,1
Apps,2000.0,1,0.05475701574264202,0
Design,150830.0,1,0.6844626967830253,0
Mobile,50000.0,2,0.0,0
Search,2600000.0,1,0.6680355920602327,0
Cloud Computing,515000.0,2,1.0,0
Enterprise Software,9250000.0,1,1.0,1
Hardware + Software,26464019.0,2,6.015058179329227,1
Education,105000.0,1,0.0,0
Mobile,144500000.0,7,2.91854893908282,1
Mobile,35560000.0,1,1.0,0
Entertainment,115549.0,2,1.0,0
Software,1585418.0,1,2.7679671457905544,0
Angels,0.0,1,8.098562628336756,0
Semiconductors,6900000.0,2,1.0,0
Curated Web,4750000.0,1,1.0,0
E-Commerce,5600000.0,2,1.0,0
Apps,8250000.0,2,4.084873374401095,1
Biotechnology,1210000.0,1,0.785763175906913,0
Biotechnology,68700000.0,4,10.028747433264886,1
Biotechnology,927000.0,1,1.0,0
Biotechnology,0.0,1,21.590691307323752,1
Diagnostics,34000000.0,1,1.0,0
Health Diagnostics,2010000.0,6,0.7529089664613279,1
Gambling,140000.0,1,2.6666666666666665,0
Communications Infrastructure,43019869.0,2,1.0,1
Graphics,0.0,1,0.0,0
3D,390000.0,1,1.4510609171800137,0
Biotechnology,1620030.0,2,3.373032169746749,1
Medical Devices,20000.0,1,0.4134154688569473,0
Semiconductors,57358050.0,2,5.6591375770020536,1
E-Commerce,450000.0,1,0.75564681724846,0
Finance,0.0,1,0.917180013689254,1
Biotechnology,225450628.0,5,1.5359342915811087,1
Celebrity,150000.0,1,0.0,0
Retail,0.0,2,45.83436002737851,1
Communities,0.0,1,1.002053388090349,0
Android,18533749.0,5,1.6125941136208077,1
Design,49000000.0,5,0.971937029431896,1
Software,2290000.0,1,1.3908281998631074,0
Information Services,362660.0,1,5.248459958932238,0
Curated Web,2000000.0,1,1.0,0
Biotechnology,10399999.0,2,1.0,1
Business Services,20000000.0,1,1.0,1
Brand Marketing,33000.0,1,0.0,0
Games,5000000.0,1,1.0,0
Freelancers,152499.0,1,0.038329911019849415,0
E-Commerce,4940357.0,1,1.7084188911704312,1
Public Relations,10000000.0,2,5.19917864476386,0
Hardware + Software,20806628.0,3,1.0,1
Entertainment,18000000.0,1,1.0,0
Advertising,4113526.0,1,11.28268309377139,1
Enterprise Software,73140000.0,1,0.6707734428473648,1
Software,1020000.0,1,1.0,0
Design,58500000.0,3,1.0,0
Software,13000000.0,3,3.515400410677618,1
Designers,0.0,1,2.973305954825462,0
E-Commerce,0.0,2,0.0,0
Advertising,0.0,2,5.831622176591376,0
Broadcasting,3100000.0,1,0.0,1
Entertainment,0.0,1,1.3278576317590691,0
Software,3000000.0,1,11.841204654346338,1
Advertising,4775579.0,4,4.903490759753593,0
Curated Web,15200000.0,2,1.0,0
Legal,20000000.0,2,0.0,1
Broadcasting,0.0,1,5.9137577002053385,1
Curated Web,3216277.0,1,1.0,1
Games,1203771.0,1,1.0,1
Software,1700000.0,1,1.0,0
Mobile,600000.0,1,0.0,0
Facebook Applications,60900000.0,5,0.9144421629021219,0
Photography,0.0,1,12.164271047227926,1
Biometrics,13000000.0,1,8.260095824777549,1
Curated Web,3720975.0,5,1.0,0
Software,38251364.0,6,0.7802874743326489,1
Big Data,666000.0,1,1.0,0
Databases,2500000.0,1,5.086926762491444,0
Advertising,2000000.0,2,0.7474332648870636,1
Collaboration,8000000.0,2,6.083504449007529,1
Security,32500000.0,2,2.757015742642026,1
Digital Media,99670000.0,8,2.305270362765229,0
Curated Web,8400000.0,2,1.0841889117043122,1
Retail,1350000.0,1,1.0,0
Databases,552000.0,1,0.16700889801505817,0
Curated Web,250000.0,1,0.0,0
E-Commerce,3600000.0,2,2.086242299794661,0
Entertainment,400000.0,1,0.0,0
Content,95000.0,1,0.999315537303217,0
Semiconductors,18000000.0,3,1.0,1
Biotechnology,6927500.0,4,0.5557837097878165,1
Search,26000000.0,1,1.5824777549623545,1
Babies,500000.0,1,0.999315537303217,0
Advice,16000000.0,1,1.0,0
Internet,20000000.0,1,1.0,0
Finance,98000.0,1,0.0,0
Consulting,7715715.0,2,1.0,1
Entertainment,1717000.0,2,0.4928131416837782,1
Biotechnology,43747800.0,4,2.9295003422313486,1
Software,10000000.0,1,6.798083504449007,1
Clean Technology,46941951.0,2,3.3018480492813143,1
Consumer Goods,156000.0,1,0.0,0
Diagnostics,33250000.0,2,1.0,0
Apps,289760.0,1,0.7474332648870636,1
Consumer Goods,15000000.0,1,1.0,0
Pharmaceuticals,4900000.0,2,1.0,1
Consumer Internet,150000.0,1,3.5290896646132786,1
Curated Web,100000.0,1,0.0,0
Networking,12200000.0,2,1.0,1
Cloud Computing,983000.0,3,0.16700889801505817,1
Advertising,725000.0,2,0.0,1
Big Data,2990725.0,3,0.23819301848049282,1
Clean Technology,36893203.0,1,18.217659137577,1
Software,3048000.0,3,1.160848733744011,1
Enterprise Software,1300000.0,1,0.9390828199863107,1
Software,3850000.0,1,6.286105407255304,1
Manufacturing,0.0,1,14.18754277891855,0
Fitness,18885.0,1,1.0841889117043122,0
Apps,775000.0,1,0.6789869952087612,1
Business Services,3150000.0,2,4.747433264887063,0
Agriculture,11800000.0,1,10.113620807665983,1
Services,0.0,1,1.0,0
Facebook Applications,300000.0,2,0.4654346338124572,0
Software,25000000.0,3,0.7474332648870636,1
Nonprofits,100000.0,1,0.0,0
Legal,25000.0,1,0.17522245037645448,0
Application Platforms,1180000.0,2,0.3531827515400411,0
Curated Web,10000.0,1,0.0,1
Software,35000000.0,4,1.6673511293634498,1
Software,3610000.0,1,6.940451745379876,0
Games,341000.0,1,18.48870636550308,1
Games,2000000.0,2,0.8952772073921971,1
Semiconductors,0.0,1,1.0,0
Education,11500000.0,3,3.4195756331279945,0
Clean Technology,12000000.0,1,2.0451745379876796,0
Technology,1000000.0,2,1.0,0
Corporate Training,6371788.0,3,1.3470225872689938,1
Professional Networking,550200.0,1,0.3805612594113621,0
Curated Web,4000000.0,2,0.2518822724161533,0
Health Care,1000000.0,1,3.3292265571526354,1
Game,100000.0,1,0.5804243668720055,0
Analytics,2000000.0,2,1.0622861054072552,1
Security,12862048.0,6,25.4072553045859,1
Software,100000.0,1,0.0,0
Software,2250000.0,4,17.913757700205338,1
Curated Web,1300000.0,1,0.892539356605065,1
Pets,1000000.0,1,2.6365503080082138,1
Curated Web,1000000.0,1,1.6646132785763177,1
Facebook Applications,880000.0,2,0.0,0
Collaboration,535726.0,2,0.243668720054757,1
Networking,0.0,1,2.461327857631759,0
Advice,10000000.0,1,1.0,0
Real Estate,0.0,1,0.7529089664613279,0
Home Owners,700000.0,1,1.0,0
Curated Web,1000000.0,2,0.0,0
Open Source,160000.0,1,0.5311430527036276,0
Apps,1165000.0,2,0.16153319644079397,1
Curated Web,985136.0,1,0.7200547570157426,0
Cloud Computing,622125.0,1,0.999315537303217,0
Advertising,0.0,1,0.837782340862423,1
Curated Web,1270000.0,1,0.9226557152635181,1
Apps,7500.0,1,1.571526351813826,0
Career Management,5750000.0,3,1.6700889801505818,1
Advertising,33284175.0,3,0.9144421629021219,1
Games,0.0,1,1.0,0
Games,11000000.0,1,1.0,0
Private Social Networking,0.0,3,1.0,1
Music,1000000.0,1,1.0,0
Colleges,950000.0,2,1.0,0
E-Commerce,250000.0,1,0.0,0
Finance,0.0,1,1.0,1
E-Commerce,0.0,1,0.0,0
Software,8808039.0,1,1.0,1
Apps,976332.0,1,1.4182067077344285,0
Analytics,110000.0,1,0.35044490075290896,0
Curated Web,3762066.0,3,0.0,0
Cloud Computing,28679147.0,4,2.5817932922655715,1
Real Estate,7000000.0,1,4.388774811772758,1
Electronics,250000.0,1,0.0,0
Public Relations,300000.0,1,0.0,0
Messaging,500000.0,1,0.0,1
Curated Web,59000000.0,4,1.8617385352498288,0
E-Commerce,100000.0,1,0.0,0
Advertising,7200000.0,3,2.6666666666666665,1
Freemium,0.0,1,0.648870636550308,0
Auctions,13000000.0,1,66.84736481861738,1
Curated Web,30000.0,1,1.4099931553730323,0
Analytics,240000.0,1,0.0,1
Cloud Computing,11800159.0,3,2.11088295687885,1
News,100000.0,1,0.0,0
Billing,150000.0,1,7.5044490075290895,0
Clean Technology,2600000.0,1,4.97741273100616,1
Hospitality,5600000.0,1,1.0,0
Entertainment,2200000.0,1,0.70362765229295,0
Fantasy Sports,3052000.0,2,0.32854209445585214,1
Mobile,120000.0,1,1.0,0
Career Management,20000.0,1,0.0,0
Android,14000000.0,2,1.2511978097193703,1
Web Hosting,34674740.0,2,1.0,1
Freemium,11491490.0,4,1.620807665982204,1
Clean Technology,7500000.0,2,1.0,1
Hardware + Software,500000.0,1,1.5742642026009583,1
Enterprises,10000.0,1,0.0,0
Health Care,350000.0,1,0.971937029431896,0
B2B,20000.0,1,0.07118412046543464,0
Entertainment,15000000.0,1,21.114305270362767,1
Enterprise Software,0.0,1,1.0,1
Health Care,0.0,1,1.0,0
Curated Web,300000.0,1,0.0,0
Games,4000000.0,1,1.0650239561943875,1
Automotive,0.0,1,1.0,0
Systems,46000000.0,2,7.479808350444901,0
Analytics,5049999.0,2,1.9712525667351128,1
Cars,300000.0,1,0.5941136208076659,0
Service Providers,14509.0,1,0.0,0
Services,100000.0,1,0.2518822724161533,0
EdTech,8750000.0,3,0.019164955509924708,1
Hardware,47800000.0,4,0.16153319644079397,1
Entertainment,3500000.0,1,1.0,1
Aerospace,39240.3076440119,1,0.0,0
E-Commerce,63000000.0,1,4.246406570841889,1
Enterprise Software,2088900.0,3,0.5037645448323066,0
Service Providers,0.0,1,10.965092402464066,1
Curated Web,0.0,1,6.039698836413415,0
Business Services,0.0,1,1.0,0
Hospitality,67000000.0,3,10.439425051334702,0
Big Data,200000.0,1,0.0,1
Advertising,0.0,1,6.064339493497604,1
Business Services,7516703.0,4,0.5831622176591376,0
Cars,1500000.0,2,0.0,0
Software,7000000.0,1,5.3579739904175225,1
Analytics,747936.0,2,1.1389459274469542,1
Apps,30000.0,1,0.0,0
Games,25000.0,1,0.6543463381245722,0
Software,170000.0,1,1.1690622861054072,0
Internet,75321.0,1,0.7474332648870636,0
Semiconductors,12000000.0,2,4.862422997946612,1
Agriculture,9000000.0,1,206.9514031485284,1
Curated Web,100000.0,1,0.0,0
Biotechnology,70000000.0,1,4.848733744010952,1
Biotechnology,20000000.0,1,16.48186173853525,1
Manufacturing,1896024.0,1,1.0,0
Consulting,498000.0,1,3.247091033538672,0
Automated Kiosk,20000000.0,1,7.488021902806297,0
Manufacturing,14600000.0,1,7.531827515400411,1
Life Sciences,2000000.0,1,2.236824093086927,1
Clean Technology,905000.0,1,1.0869267624914443,0
Crowdfunding,0.0,1,0.06297056810403832,0
Customer Service,31000000.0,1,5.730321697467488,1
Health and Wellness,250000.0,1,0.16700889801505817,0
Biotechnology,2000000.0,1,36.18343600273785,1
E-Commerce,500000.0,1,1.4976043805612593,0
Cloud Management,16300000.0,2,3.159479808350445,1
Consulting,4200000.0,1,55.0362765229295,1
Developer APIs,16006.0,1,2.327173169062286,0
Energy,18000000.0,2,15.537303216974674,0
Software,1000000.0,1,5.749486652977413,1
Manufacturing,3000000.0,1,1.0,1
Application Performance Monitoring,21900000.0,3,13.886379192334017,1
Medical,4000000.0,1,36.336755646817245,1
Advertising,14078664.0,3,0.0,0
Curated Web,3474608.0,2,2.2477754962354553,1
Real Estate,0.0,1,3.0006844626967832,1
Publishing,0.0,1,0.04380561259411362,1
Software,18000000.0,2,1.0,1
Clean Technology,130861.0,1,2.6666666666666665,0
Networking,0.0,1,1.0,1
Information Technology,10000000.0,1,1.0,1
Online Shopping,30000000.0,1,7.832991101984942,0
Curated Web,94000.0,2,0.0,0
E-Commerce,0.0,3,0.0,1
Internet,0.0,1,1.0,0
Energy Efficiency,12000000.0,1,7.619438740588638,0
Health Care,12348194.0,1,1.0,1
Health Care,95000000.0,1,27.772758384668034,1
Internet Radio Market,630000.0,3,1.404517453798768,1
Health and Wellness,0.0,1,0.999315537303217,0
Clean Energy,4000000.0,2,1.6646132785763177,1
Curated Web,23598258.0,1,17.27583846680356,1
Augmented Reality,0.0,1,0.5037645448323066,1
Broadcasting,4674662.0,2,0.0,0
Curated Web,0.0,1,0.5831622176591376,1
Credit Cards,25000.0,1,0.0,0
Automotive,100000.0,1,4.810403832991102,0
Web Design,5400000.0,1,10.99794661190965,1
Hospitality,0.0,1,1.0,1
Automotive,2400000.0,1,102.5763175906913,1
Delivery,360000.0,1,0.0,1
Marketplaces,1200000.0,1,0.9965776865160849,0
Fashion,3500000.0,1,1.3032169746748803,1
All Markets,6700000.0,1,1.7494866529774127,1
E-Commerce,23000000.0,2,1.9685147159479808,0
Software,25000000.0,1,33.78781656399726,1
E-Commerce,1100000.0,1,6.165639972621492,0
Digital Media,650000.0,1,1.0,0
E-Commerce,1000000.0,1,0.999315537303217,0
Freelancers,6500000.0,2,1.2484599589322383,1
Games,76700000.0,6,2.737850787132101,0
Biotechnology,1500000.0,1,11.16495550992471,0
Communications Hardware,16000000.0,1,1.0,1
Automotive,200000.0,1,1.0,0
Consulting,17400000.0,1,1.0,1
Biotechnology,42914126.0,9,1.0,1
Music,0.0,1,0.0,1
Clean Technology,13700000.0,1,3.7399041752224504,1
Photography,250000.0,1,0.0,1
Web Hosting,39985886.0,6,3.515400410677618,1
Curated Web,8500000.0,2,0.2135523613963039,1
Email Marketing,87168000.0,1,11.028062970568104,1
Health Care,310000.0,1,1.2292950034223136,0
Advertising,264414.0,2,0.5147159479808351,0
Games,60000.0,1,4.7939767282683095,0
Clean Technology,50000.0,1,0.0,0
B2B,2200000.0,1,9.828884325804244,0
Clean Technology,71400000.0,4,1.5441478439425051,1
Environmental Innovation,0.0,1,0.0,0
Manufacturing,7000000.0,1,6.324435318275154,0
E-Commerce,58510.0,1,0.0,0
E-Commerce,10700000.0,4,2.1492128678986995,1
Development Platforms,1624638.0,1,2.729637234770705,0
Development Platforms,7200000.0,1,1.0,0
Clean Technology,18789048.0,3,1.0,0
Clean Technology,130300000.0,4,10.581793292265571,0
Journalism,0.0,1,0.0,0
Algorithms,15071350.0,4,0.0,1
Credit,32000000.0,2,6.915811088295688,1
Web Development,20000000.0,1,1.0,0
Analytics,1550000.0,1,1.0,0
Advertising,950000.0,3,0.0,1
E-Commerce,0.0,1,0.917180013689254,1
Mobile,700000.0,2,3.0910335386721424,1
Social Media,329250.0,1,0.0,0
Consulting,1890000.0,1,4.334017796030117,0
Education,7856.0,1,1.0,0
Digital Media,14000000.0,3,3.5564681724845997,0
Health Care Information Technology,18000000.0,1,1.0,0
Biotechnology,101472500.0,7,1.8507871321013005,1
Content,74000000.0,5,0.0,1
E-Commerce,6500000.0,2,0.999315537303217,0
Analytics,12700000.0,2,0.0,1
Information Technology,2006760.0,1,10.861054072553046,0
SaaS,150000.0,1,1.0,0
Hardware + Software,587000.0,2,1.0841889117043122,0
Collaboration,1250000.0,2,2.861054072553046,0
Software,600000.0,1,1.0,0
Curated Web,0.0,1,1.0,0
Software,5067737.0,2,23.06365503080082,0
EdTech,964000.0,1,7.233401779603011,0
Education,1700000.0,2,1.0,1
Cloud Computing,28000.0,2,0.13963039014373715,0
EdTech,1000000.0,1,12.084873374401095,1
Games,200000.0,1,0.0,0
Events,2097100.0,3,1.0,0
Security,24000000.0,2,4.914442162902122,1
Curated Web,20400000.0,2,1.0,0
Finance,6192900.0,1,1.0,0
Advertising,6000000.0,1,4.662559890485968,1
Services,24150000.0,11,1.0,1
Biotechnology,27600000.0,3,12.24914442162902,1
E-Commerce,1000000.0,2,0.1697467488021903,0
Enterprises,8864292.0,2,14.072553045859001,1
Software,27000000.0,3,5.49760438056126,1
Browser Extensions,21189.0,2,0.676249144421629,0
E-Commerce,420000000.0,5,2.16290212183436,1
Health Care,3500000.0,1,1.0,0
Enterprise Software,52792.0,1,0.7474332648870636,0
Nanotechnology,150000.0,3,1.0,0
Search,19713.0,1,1.0,0
Biotechnology,23040630.0,4,1.1526351813826146,1
Hardware + Software,68800000.0,3,1.3278576317590691,1
Hardware + Software,49600000.0,2,27.748117727583846,1
Clean Technology,52500000.0,3,6.0013689253935665,1
Hardware + Software,49463731.0,6,0.2464065708418891,1
Health Care,49000000.0,3,10.132785763175907,1
Biotechnology,13000000.0,1,1.0,1
Games,40000.0,1,0.5366187542778919,0
Internet,20000000.0,1,1.0,0
Software,5500000.0,1,1.4072553045859,0
Enterprise Software,3400000.0,1,0.9144421629021219,1
Cloud Security,36300000.0,2,1.0,1
Hardware + Software,425130.0,2,1.0,1
Enterprise Software,14449995.0,2,0.6187542778918549,0
E-Commerce,1800000.0,1,1.0,0
Clean Technology,10000.0,1,1.1663244353182751,0
Software,10000000.0,1,1.0,0
Biotechnology,6500000.0,1,3.4524298425735798,1
Finance,125000000.0,1,7.17864476386037,0
Education,16000000.0,1,1.0,0
Enterprises,45650000.0,5,1.319644079397673,1
Mobile,370000.0,1,0.14784394250513347,0
Education,100000.0,1,0.33127994524298426,0
Mobile,31965510.0,2,1.0,0
Biotechnology,89400001.0,4,3.055441478439425,1
Biotechnology,75000000.0,3,0.1834360027378508,1
Advertising,200000.0,2,0.13963039014373715,0
Media,1500000.0,1,2.3655030800821355,1
In-Flight Entertainment,3280942.0,1,0.0054757015742642025,0
Biotechnology,2005038.0,3,13.44558521560575,1
Software,10300000.0,1,1.0,1
Biotechnology,58000000.0,2,7.909650924024641,0
Technology,7000000.0,1,1.0,0
Automotive,10822832.0,1,1.0,0
Real Estate,0.0,1,1.0,1
Electrical Distribution,16393442.0,1,31.94798083504449,0
Design,42446.9665578542,1,1.4428473648186173,0
Transportation,15000000.0,1,4.328542094455853,1
Semiconductors,13500000.0,2,5.117043121149897,0
B2B,35800000.0,2,7.665982203969883,1
Manufacturing,100000000.0,1,1.0,1
Information Technology,2100000.0,2,0.28199863107460643,0
Advertising,500000.0,1,0.0,0
Public Transportation,1000000.0,2,1.0650239561943875,1
Software,0.0,1,1.6454483230663928,0
Software,36640000.0,1,1.0,0
Mobile,121000000.0,5,0.5941136208076659,1
Curated Web,0.0,1,1.0677618069815196,1
Software,32000000.0,2,2.64476386036961,1
Health Care,6700000.0,2,1.0,0
Semiconductors,204142.0,1,27.66050650239562,1
Software,0.0,1,1.0,1
Games,49450000.0,5,4.2217659137577,1
Biotechnology,2000000.0,1,17.089664613278575,1
Developer APIs,448000.0,3,0.0,0
Hardware + Software,300000.0,1,6.321697467488022,0
Fitness,277900.0,2,0.0,0
Security,2400000.0,3,9.88911704312115,1
Clean Technology,71900834.0,6,5.108829568788501,1
Networking,7500000.0,1,1.0,0
Software,5000000.0,2,0.0,0
Clean Technology,0.0,1,1.0,0
Biotechnology,49733850.0,3,24.684462696783026,0
Computers,2000000.0,1,0.0,0
Software,1000000.0,1,1.0,0
Software,1100000.0,1,7.238877481177276,0
Software,2500000.0,1,3.4962354551676933,1
Advertising,1400000.0,2,0.8678986995208761,1
Health and Wellness,15500000.0,1,1.0,1
Curated Web,1000000.0,1,0.15879534565366188,1
Finance,12000000.0,1,5.880903490759754,1
Hardware + Software,13000000.0,2,5.839835728952772,0
Curated Web,750000.0,1,7.41409993155373,1
Android,1500000.0,1,0.9226557152635181,1
Semiconductors,9650000.0,2,4.479123887748118,1
Sales and Marketing,5440000.0,2,12.323066392881588,1
Semiconductors,21000000.0,1,7.928815879534565,1
Biotechnology,21200000.0,2,6.034223134839151,1
Clean Technology,1500000.0,1,1.0,1
Games,0.0,1,0.0,0
Hardware + Software,11000000.0,1,1.0,1
Enterprise Software,16000000.0,1,4.219028062970568,1
Health and Wellness,15500000.0,2,1.9383983572895278,1
Biotechnology,5100000.0,1,4.558521560574949,0
EdTech,19391496.0,2,0.06023271731690623,1
Music,0.0,1,1.0,0
Software,24102319.0,3,1.0,1
Biotechnology,88950000.0,2,17.796030116358658,1
Fitness,2500000.0,1,0.02737850787132101,0
Communications Infrastructure,0.0,1,1.0,1
Android,0.0,1,9.683778234086242,1
E-Commerce,65000000.0,5,1.0,1
Biotechnology,94100000.0,5,10.86652977412731,1
Biotechnology,15000000.0,1,1.0,1
Gps,8175000.0,7,0.8350444900752909,1
Brand Marketing,4250000.0,1,2.0643394934976045,1
Bioinformatics,3572737.0,3,0.8295687885010267,1
Biotechnology,80600000.0,3,6.8199863107460645,1
Health Care,8148584.0,3,1.0,0
Crowdfunding,1500000.0,1,0.4161533196440794,1
Finance,220800000.0,1,2.1574264202600957,1
Biotechnology,7000000.0,1,10.587268993839835,1
Energy,100000.0,1,1.0,0
Manufacturing,20000000.0,1,24.969199178644764,0
Games,0.0,1,0.6680355920602327,0
Skill Assessment,87396.0,3,2.083504449007529,0
Gas,14116228.9049613,1,1.0,0
Clean Technology,2650000.0,2,25.037645448323065,1
Energy Efficiency,16500000.0,1,4.470910335386721,0
Semiconductors,13000000.0,1,2.3764544832306638,1
Services,2000000.0,1,1.0,0
Clean Technology,33052663.0,5,0.0,1
Mobile Games,0.0,1,1.5879534565366187,0
Clean Technology,600000.0,1,1.0,1
Hardware + Software,150000.0,1,23.378507871321013,1
Clean Energy,7750000.0,1,4.071184120465435,1
Energy Efficiency,125000.0,1,0.4134154688569473,0
Mobile,19000000.0,1,1.0,1
Internet,40000000.0,3,1.2539356605065024,0
Match-Making,5000000.0,1,1.0,0
Analytics,14000000.0,2,6.0889801505817935,1
Curated Web,540000.0,1,0.12320328542094455,0
Curated Web,2600000.0,1,2.485968514715948,1
Hardware + Software,6100000.0,1,4.733744010951403,0
Apps,60000.0,1,0.010951403148528405,0
Colleges,8000000.0,3,8.747433264887064,1
Semiconductor Manufacturing Equipment,12500000.0,1,3.2251882272416155,0
Games,1410000.0,1,11.731690622861054,0
Enterprise Software,32500000.0,3,2.4722792607802875,0
Advertising,1100000.0,2,1.998631074606434,0
Enterprises,4948562.0,2,1.0,1
Artificial Intelligence,2250000.0,2,0.14510609171800137,1
Biotechnology,158261598.746082,5,8.046543463381246,1
Analytics,0.0,1,0.7501711156741958,0
Cloud Computing,0.0,1,5.653661875427789,1
Cloud Computing,8798987.0,2,3.838466803559206,1
Clean Technology,76500000.0,3,3.375770020533881,1
Semiconductors,59000000.0,4,3.969883641341547,1
Advertising,2000000.0,1,1.0,1
Search,750000.0,1,1.0,1
E-Commerce,41600000.0,4,0.999315537303217,1
Cloud Computing,3500000.0,1,2.847364818617385,1
Health Care,400000.0,1,0.0,0
Enterprise Software,50000.0,1,1.0,0
Enterprise Software,0.0,1,13.182751540041068,1
CRM,66000000.0,2,6.973305954825462,0
Biotechnology,0.0,2,5.66735112936345,1
Advertising,1000000.0,1,3.3867214236824092,0
Biotechnology,31896351.0,3,2.4969199178644765,1
Enterprise Software,9542.0,1,0.0,1
Software,4000000.0,1,2.6557152635181382,0
Enterprises,3300000.0,2,0.5804243668720055,1
Environmental Innovation,2000000.0,1,5.919233401779603,0
News,2000000.0,1,1.0,1
Public Transportation,240000000.0,1,19.17864476386037,0
Advertising,70000.0,2,0.0,1
Biotechnology,24350007.0,4,1.0,1
Web Hosting,108000000.0,2,2.6940451745379876,1
Semiconductors,0.0,1,1.0841889117043122,1
Cloud Computing,3500000.0,1,6.039698836413415,1
Services,3200000.0,1,7.29637234770705,0
Semiconductors,13000000.0,1,3.030800821355236,0
Biotechnology,29941703.0,6,2.3874058863791925,1
Software,13000000.0,2,3.7125256673511293,0
Infrastructure,15000000.0,1,3.2114989733059547,0
Semiconductors,27400000.0,2,1.0,1
Business Services,0.0,2,1.5222450376454484,1
Cars,500000.0,1,0.0,0
Games,40000.0,1,0.8898015058179329,0
Software,10000022.0,2,5.032169746748802,1
E-Commerce,17000000.0,2,1.0,1
Software,8000000.0,1,13.27583846680356,1
Health and Wellness,1386789.0,2,13.267624914442163,0
Hospitals,781310880.0,2,1.0,0
Delivery,140992280.0,1,12.845995893223819,1
Broadcasting,42500000.0,5,4.722792607802875,1
Public Relations,5280000.0,2,10.16290212183436,1
Business Services,16000000.0,2,2.083504449007529,1
Biotechnology,11000000.0,1,11.08829568788501,1
Senior Citizens,32000000.0,2,1.2457221081451062,0
Analytics,1000000.0,1,0.019164955509924708,0
Health and Wellness,8200001.0,1,6.264202600958248,0
Education,56309183.0,4,10.915811088295689,1
Outsourcing,50000000.0,1,15.493497604380561,1
Software,100000.0,1,15.069130732375086,1
Games,1500000.0,1,1.9219712525667352,0
Computers,8000000.0,2,1.6974674880219027,1
Biotechnology,14176048.0,4,1.5496235455167693,0
Health Diagnostics,58519352.0,4,2.869267624914442,1
Advertising,0.0,1,1.5003422313483916,0
Biotechnology,61500000.0,5,2.7652292950034223,1
Finance,0.0,2,0.0,0
Health and Wellness,35000000.0,3,2.625598904859685,1
Alumni,12500.0,1,1.0,0
Law Enforcement,16554338.0,1,12.999315537303216,0
Education,24999996.0,1,5.0978781656399725,1
Mobile,258215.0,1,0.0,0
Finance,0.0,1,1.0,1
Clean Technology,20000000.0,1,1.0,1
Entertainment,40000.0,1,1.1279945242984257,0
Clean Technology,4800000.0,1,1.0,1
Analytics,120000.0,1,0.33675564681724846,0
Automotive,0.0,1,1.0,1
Curated Web,6875000.0,2,0.04106776180698152,1
Messaging,12500000.0,2,0.0,0
Apps,78259.0,1,0.5831622176591376,0
Enterprise Software,47000000.0,3,17.00205338809035,1
Consulting,1000000.0,1,1.0,1
Web Hosting,280000000.0,2,1.919233401779603,1
Design,20130789.0,1,1.0,0
E-Commerce,161080.0,1,1.0,0
Finance,16000000.0,1,6.967830253251198,0
Aerospace,7000000.0,1,1.0,1
Biotechnology,12000000.0,1,12.021902806297057,1
Marketplaces,0.0,1,4.0,1
Biotechnology,0.0,1,1.0,0
Social Media,0.0,1,0.5831622176591376,1
E-Commerce,15000.0,2,0.0,0
Clean Technology,2000000.0,1,6.417522245037645,0
Software,2551000.0,2,1.0,0
Biotechnology,85919109.0,6,1.0,1
Content,7055.0,1,0.0,0
Biotechnology,63000000.0,2,8.583162217659138,1
Software,3600000.0,2,6.757015742642026,1
Hospitality,209000.0,1,1.0,0
Health and Wellness,11750000.0,1,1.0,1
Biotechnology,6650000.0,1,1.0,0
Employment,0.0,1,10.091718001368925,1
Online Shopping,6000000.0,1,3.6659822039698837,0
File Sharing,5000000.0,3,1.0,1
Software,0.0,1,1.0,1
Bio-Pharm,20000000.0,1,1.0,1
Fashion,12144055.0,1,17.738535249828885,0
Biotechnology,245650000.0,3,0.33127994524298426,1
Software,21000000.0,2,4.728268309377139,1
Apps,0.0,1,1.0,0
Biotechnology,0.0,1,1.0,0
Enterprise Software,2180175.0,1,2.861054072553046,1
E-Commerce,0.0,1,1.0,0
Health Care,39122000.0,4,12.960985626283367,1
Apps,18000.0,1,1.0,0
Advertising,1000000.0,1,0.0,0
Clinical Trials,6000000.0,1,1.0,0
Application Platforms,76500.0,1,0.0,0
Curated Web,740000.0,1,1.0,1
Nonprofits,6500000.0,1,1.0,1
Clean Technology,8000000.0,1,1.0,0
Software,90000.0,1,2.327173169062286,0
CRM,4662500.0,4,9.61533196440794,0
Software,750000.0,1,4.060232717316906,0
E-Commerce,725000.0,2,0.648870636550308,0
Enterprise Software,6500000.0,1,15.175906913073238,1
Advertising,4000000.0,1,0.0,0
Biotechnology,5000000.0,1,5.034907597535934,1
E-Commerce,97256127.0,8,0.0,1
Cloud Computing,55500000.0,3,0.32306639288158795,1
Biotechnology,8610000.0,2,1.0,0
Enterprises,88205645.0,1,1.0,1
Social Media,6850000.0,2,0.917180013689254,0
E-Commerce,1500000.0,1,0.8596851471594799,0
Business Services,0.0,1,1.0,0
Biotechnology,54200000.0,4,0.0,1
Biotechnology,38500543.0,3,1.5523613963039014,1
Biotechnology,34650000.0,1,9.437371663244353,1
Health Care,95000000.0,2,5.3963039014373715,1
Consumer Goods,15000000.0,1,10.417522245037645,1
Data Security,6000000.0,1,6.168377823408624,1
CRM,0.0,1,0.0,0
Event Management,121281.0,1,1.998631074606434,0
Curated Web,19600000.0,3,1.163586584531143,1
Software,0.0,1,0.0,0
Curated Web,2500000.0,2,1.919233401779603,1
Events,1500000.0,2,3.7152635181382614,1
Event Management,0.0,1,0.0,1
E-Commerce,1250000.0,2,0.08213552361396304,0
Internet Marketing,15230.0,1,0.0054757015742642025,1
Events,4345000.0,2,4.561259411362081,1
Software,130000.0,1,3.3210130047912387,0
Curated Web,455000.0,2,0.2518822724161533,0
E-Commerce,0.0,1,2.836413415468857,0
Trading,0.0,1,1.242984257357974,0
Messaging,200000.0,1,1.3607118412046544,0
Databases,32000000.0,2,5.023956194387406,1
Software,16000000.0,2,9.83709787816564,1
Health Care,5850000.0,1,42.247775496235455,0
Finance,750000.0,3,0.974674880219028,1
Social Media,3100000.0,1,0.3613963039014374,0
Photography,2425000.0,3,0.2299794661190965,0
Photography,0.0,1,0.9856262833675564,0
Curated Web,0.0,1,1.0,0
Business Services,84728588.0,8,1.1663244353182751,1
Electronics,1100000.0,1,3.6303901437371664,0
Software,14300000.0,1,1.0,0
E-Commerce,3500000.0,1,1.0,1
E-Commerce,9000.0,1,0.0,0
Mobile,35500000.0,3,1.0266940451745379,0
Groceries,20000000.0,1,1.0,1
Mobile,5190128.0,2,2.083504449007529,1
Supply Chain Management,9500000.0,1,1.0,0
Databases,6800000.0,2,1.0,0
Cloud Infrastructure,350000.0,1,1.4127310061601643,0
Music,2300000.0,1,1.0,1
Analytics,3352194.0,3,1.78507871321013,0
Biotechnology,13790001.0,3,0.47091033538672145,1
Health and Wellness,101279000.0,1,2.746064339493498,1
Software,13880000.0,1,7.857631759069131,1
Analytics,42497374.0,4,1.0759753593429158,1
Financial Services,441277.704885238,1,1.0,0
Cloud Computing,55346471.0,4,1.1307323750855578,0
Entertainment,800000.0,1,4.0,1
Software,8000000.0,2,1.834360027378508,1
Business Services,20000.0,1,1.0,0
Personalization,13460000.0,2,2.631074606433949,0
Biotechnology,8200000.0,1,14.453114305270363,1
Email Marketing,188210000.0,5,3.6358658453114305,1
Databases,15600000.0,1,7.052703627652293,1
Storage,35000000.0,2,1.9274469541409993,1
Security,7660000.0,1,2.521560574948665,1
Biotechnology,1000000.0,1,7.915126625598905,1
Enterprise Software,17000000.0,1,1.0,1
Apps,0.0,1,5.245722108145106,1
Commodities,75000.0,1,1.0,0
Fashion,18800000.0,2,0.837782340862423,1
Curated Web,3300000.0,1,1.0,1
News,0.0,1,1.0,0
Finance,1000.0,1,0.9034907597535934,0
Ad Targeting,32000000.0,3,0.7474332648870636,1
Software,2000000.0,1,2.628336755646817,1
Analytics,12000000.0,1,4.676249144421629,1
Education,0.0,1,0.8049281314168378,0
FinTech,27748.8983687348,1,0.0,0
Healthcare Services,0.0,1,1.0,1
Software,14000000.0,1,10.039698836413416,1
Internet,0.0,1,1.0,0
Software,38400000.0,5,3.7754962354551678,0
Domains,0.0,1,1.0,1
Biotechnology,1125000.0,2,1.4811772758384667,1
Mobile,16560000.0,3,1.218343600273785,1
Hardware + Software,63500000.0,4,1.0,1
Software,450000.0,1,2.349075975359343,1
Computers,30000000.0,1,1.0,1
Local Search,50000.0,1,0.04106776180698152,0
Analytics,14050000.0,2,1.5824777549623545,1
Big Data Analytics,29050000.0,4,0.49555099247091033,1
Cloud Computing,1200000.0,1,2.2477754962354553,0
Finance,15000000.0,1,1.0,1
Software,33200000.0,3,15.203285420944558,1
Enterprises,16000000.0,3,5.08145106091718,1
Hospitality,565000000.0,1,1.0,1
Software,0.0,1,8.747433264887064,1
Curated Web,2750000.0,3,0.2080766598220397,1
Internet,24000000.0,1,1.0,1
Software,167500.0,1,0.8487337440109514,0
Android,50000.0,1,0.0,0
Software,7380000.0,1,4.257357973990418,1
Design,1455000.0,8,0.4462696783025325,0
Software,8800000.0,2,0.08213552361396304,0
Curated Web,150000.0,1,0.0,0
Biotechnology,58443814.0,9,8.83504449007529,1
Consumers,2000000.0,1,0.7720739219712526,0
Software,3700000.0,1,1.7467488021902806,1
Design,0.0,1,1.1416837782340863,1
Medical,10670000.0,1,8.2217659137577,1
Hardware + Software,4720000.0,1,1.0,0
Biotechnology,0.0,1,1.0,0
Enterprise Software,450000.0,1,1.0,0
Internet,10000000.0,1,1.0,0
Semiconductors,12116716.0,3,4.328542094455853,1
Cloud Computing,675150.0,4,1.4127310061601643,0
Advertising,100000.0,1,0.0,1
Mobile,25000.0,1,1.0,0
Beauty,500000.0,1,0.5968514715947981,0
Apps,336325000.0,11,0.0,1
Curated Web,3500000.0,1,4.865160848733744,1
Hospitality,5000000.0,1,0.5201916495550992,0
E-Commerce,2600000.0,1,0.5859000684462696,1
Curated Web,0.0,1,0.0,0
E-Commerce,400000.0,1,0.8788501026694046,0
File Sharing,51300000.0,4,0.08487337440109514,1
Games,7000000.0,1,5.66735112936345,0
Photography,5300000.0,3,3.909650924024641,1
Games,50000.0,1,0.0,0
All Students,2425700000.0,11,0.5749486652977412,1
Broadcasting,700000.0,1,1.730321697467488,1
Lead Generation,0.0,1,0.0,0
Service Providers,70000000.0,2,1.0,1
Curated Web,1200000.0,1,0.44353182751540043,0
Software,2960000.0,1,1.0,1
Software,8000000.0,1,12.41889117043121,1
Bicycles,6821772.0,1,0.0,1
Curated Web,0.0,1,1.0,0
Online Travel,2000000.0,2,1.1553730321697468,0
Public Relations,13300000.0,1,24.629705681040384,1
Consulting,62500.0,2,1.0,0
Collaboration,100000.0,1,0.0,0
Services,4200000.0,1,1.0,0
Artists Globally,9700000.0,3,0.4134154688569473,0
Photography,1300000.0,2,0.32854209445585214,1
Social Network Media,1807716.0,3,0.7255304585900069,1
Curated Web,5750000.0,1,0.7529089664613279,0
Social Media,984000.0,2,0.0,1
Curated Web,10000.0,1,0.33401779603011633,0
Mobile,25000.0,1,3.247091033538672,0
Curated Web,18885.0,1,1.0349075975359343,0
E-Commerce,695000000.0,4,17.43189596167009,1
Digital Media,0.0,1,0.0,0
Entertainment,15300000.0,1,3.0171115674195756,1
Enterprise Software,34085228.0,4,1.002053388090349,1
Entertainment,500000.0,1,0.0,0
Internet,1000000.0,1,0.4681724845995893,0
Mobile,1052870.0,9,1.0,1
Games,25000.0,1,2.5817932922655715,0
Internet,3000000.0,1,0.8459958932238193,1
Content,0.0,1,1.0,0
Curated Web,0.0,1,1.6646132785763177,1
Concerts,15700000.0,3,1.8973305954825461,0
Facebook Applications,0.0,1,0.0,1
Curated Web,1390750.0,3,2.2888432580424367,1
Android,500000.0,1,0.5831622176591376,0
Consumer Electronics,8393798.0,1,4.3641341546885695,1
Gamification,65000.0,2,0.13689253935660506,0
Software,4000000.0,2,0.5859000684462696,0
Fashion,1000000.0,1,0.05475701574264202,0
Finance,20600000.0,3,1.7494866529774127,1
Internet,20000.0,1,1.0,0
Beauty,14841000.0,1,1.0,0
Fashion,500000.0,1,1.0,0
E-Commerce,0.0,1,3.5017111567419574,1
E-Commerce,15031860.0,5,1.2867898699520877,0
Design,0.0,1,0.0,1
Design,200000.0,1,4.714579055441479,0
E-Commerce,400000.0,1,0.03559206023271732,1
Fashion,1000000.0,1,1.8809034907597535,0
Electronics,241827.0,2,0.30937713894592744,0
Messaging,275000.0,1,1.2511978097193703,0
Curated Web,49800796.812749,1,7.748117727583847,0
Advertising,75000000.0,1,7.2060232717316905,1
Big Data,0.0,1,6.269678302532512,1
Curated Web,0.0,1,0.5448323066392882,1
Mobile,12000000.0,1,2.3709787816563996,1
Internet,5000000.0,1,1.0,0
Facebook Applications,5900000.0,2,0.0,1
Finance,12000000.0,2,1.2347707049965777,1
Internet,5575000.0,4,1.4401095140314852,1
Clean Technology,32630837.0,4,3.789185489390828,1
Local,5500000.0,1,1.0,0
Biotechnology,86188360.0,6,0.9089664613278576,1
Advertising,6000000.0,1,2.4969199178644765,1
Educational Games,50000.0,1,0.7994524298425736,0
Databases,0.0,2,1.0,1
Software,8100000.0,1,14.078028747433265,1
Curated Web,1500000.0,1,0.0,0
Blogging Platforms,712000.0,1,1.5523613963039014,0
Publishing,4500000.0,1,2.650239561943874,0
Curated Web,8000000.0,2,0.33127994524298426,1
Social CRM,0.0,3,0.0,0
Cloud Computing,9000000.0,1,3.0034223134839153,1
Events,250000.0,1,0.731006160164271,1
Advertising Platforms,20000.0,1,0.0,0
Business Services,0.0,2,1.0,0
Curated Web,130000.0,1,0.5557837097878165,1
Biotechnology,23500000.0,3,1.0,0
Health and Wellness,0.0,1,11.025325119780971,0
Manufacturing,750000.0,1,0.1834360027378508,0
Biotechnology,243000.0,1,1.0,0
Health and Wellness,25000.0,1,0.06297056810403832,0
Analytics,4600000.0,1,1.0,1
Ad Targeting,1000000.0,1,0.7529089664613279,1
Pets,4933907.0,2,1.0,0
Apps,443000.0,4,1.4264202600958247,0
Enterprise Software,60000.0,1,0.0,0
E-Commerce,194526.0,2,0.0,0
Curated Web,0.0,1,0.5804243668720055,1
Curated Web,1700000.0,1,0.5804243668720055,0
Technology,8300000.0,1,1.0,0
Racing,68569234.0,1,2.3682409308692676,0
Apps,50000000.0,1,12.542094455852157,1
Enterprise Software,28415704.0,3,3.370294318959617,1
Software,185287501.0,3,2.729637234770705,1
Hardware + Software,1500000.0,1,4.4955509924709105,1
Career Planning,0.0,1,1.623545516769336,0
Games,10550000.0,2,1.0,0
E-Commerce,100000.0,1,1.0,1
Curated Web,1000000.0,1,1.0,1
Software,10900000.0,3,5.163586584531143,0
Curated Web,50000.0,1,0.0,0
Software,7500000.0,1,3.2854209445585214,1
Hardware + Software,9195002.0,2,4.287474332648871,0
Games,769548.331562066,4,0.0,1
Software,12600000.0,2,1.0,0
Content,1915000.0,3,0.33401779603011633,1
Crowdfunding,0.0,1,0.0,0
Financial Services,5527508.0,1,1.3086926762491444,0
Auto,0.0,2,1.5441478439425051,0
Finance,35000000.0,2,1.1663244353182751,0
Financial Services,300000.0,1,0.31759069130732376,0
Productivity Software,1000000.0,1,1.5824777549623545,0
Email,188302.0,1,0.0,0
Manufacturing,175000000.0,1,1.0,0
Apps,50000.0,1,0.17248459958932238,0
Banking,0.0,1,10.841889117043122,1
Enterprise Software,42000000.0,4,8.457221081451062,1
Legal,6500000.0,1,6.639288158795345,1
Messaging,0.0,1,0.17248459958932238,0
Developer Tools,7000000.0,2,0.7282683093771389,1
Semiconductors,17035520.0,2,6.321697467488022,1
Computers,840945776.0,7,1.002053388090349,1
Biotechnology,3395000.0,4,1.8015058179329226,1
Manufacturing,500000.0,1,0.12320328542094455,0
Enterprise Software,980000.0,1,5.004791238877481,0
Mobile,25131611.0,3,5.160848733744011,1
Mobile,39790000.0,4,0.4188911704312115,1
Entrepreneur,200000.0,1,1.0,0
Finance,14503750.0,3,1.9055441478439425,1
Payments,3500000000.0,1,43.501711156741955,1
Clean Technology,427700000.0,1,14.461327857631758,1
Software,3767701.0,3,11.989048596851472,1
Consulting,2193100.0,3,1.0,0
Clean Technology,566000000.0,4,1.0,1
Public Relations,0.0,1,6.4284736481861735,0
Enterprise Software,13000000.0,2,3.299110198494182,1
Mobile,12000000.0,1,1.0,0
Games,118000.0,1,1.0,0
Automotive,1471000000.0,9,0.03559206023271732,1
Fitness,66000000.0,4,1.4455852156057496,1
Fitness,400000.0,1,1.998631074606434,0
Entertainment,14850000.0,4,0.6461327857631759,1
E-Commerce,14250000.0,3,0.5612594113620808,1
Biotechnology,0.0,1,2.102669404517454,0
Health and Wellness,5000000.0,2,0.7200547570157426,1
Alumni,12500.0,1,1.0,0
Exercise,0.0,1,1.0,1
Specialty Retail,194000000.0,1,1.0,1
Games,5000000.0,3,1.0,0
Biotechnology,145540487.0,6,3.1047227926078027,1
Consumers,300000.0,1,7.600273785078714,0
Electrical Distribution,17722860.0,4,4.772073921971253,0
Enterprise Software,114100000.0,8,3.3210130047912387,1
Curated Web,9200000.0,2,0.5804243668720055,1
Security,31000000.0,5,0.5886379192334018,1
Biotechnology,338834.0,1,1.7494866529774127,0
Printing,0.0,1,1.0,1
Beauty,0.0,1,1.5824777549623545,1
Mobile,0.0,1,1.0,0
Search,700000.0,1,1.5578370978781657,0
Communications Hardware,0.0,1,1.0,1
Manufacturing,611387.0,2,8.0766598220397,0
Information Technology,11000000.0,2,1.0,1
Networking,3000000.0,1,1.5879534565366187,1
Software,6750000.0,2,1.0,0
E-Commerce,750000.0,1,0.024640657084188913,0
Networking,300000.0,1,0.0,0
Apps,1125000.0,1,0.3258042436687201,1
Apps,2450000.0,2,0.7611225188227242,1
Curated Web,286839.0,1,0.0,0
Business Services,50000.0,1,1.0,0
Data Security,2400000.0,1,4.695414099931554,1
Business Services,175000000.0,2,5.514031485284052,1
Gps,93000000.0,2,3.800136892539357,1
Pharmaceuticals,40000000.0,1,0.6844626967830253,1
Enterprise Software,10497161.0,2,2.9568788501026693,1
Biotechnology,107000000.0,3,2.74880219028063,1
Software,4000000.0,1,7.630390143737166,0
E-Commerce,109350000.0,2,1.0,1
Finance,350000.0,2,0.9144421629021219,1
Electronics,200000000.0,1,34.16563997262149,1
Bio-Pharm,53200000.0,2,1.9575633127994525,1
Chat,1600000.0,1,0.2464065708418891,0
Games,0.0,1,0.6598220396988365,0
Photography,0.0,1,0.4161533196440794,1
Games,0.0,1,0.0,0
Travel,1300000.0,3,1.0,0
Reviews and Recommendations,500000.0,2,0.9144421629021219,1
Mobile,14000000.0,1,3.863107460643395,0
Big Data,60000.0,2,2.1218343600273784,1
Big Data,8500000.0,3,1.486652977412731,1
Audio,150000.0,1,0.947296372347707,0
Games,13200001.0,4,0.6461327857631759,1
Mobile,12951579.9733927,3,1.45927446954141,0
Cloud Data Services,1106831.0,1,6.869267624914442,0
Entertainment,5102400.0,7,0.0,0
Entertainment,7175000.0,3,0.03285420944558522,1
Big Data,623500.0,3,0.0,1
Browser Extensions,28300000.0,5,0.0,1
Social Media,475000.0,2,1.0,0
Health Care,30000000.0,1,5.6591375770020536,1
Chat,650000.0,1,1.7713894592744694,1
Curated Web,1300000.0,1,0.6680355920602327,0
Bridging Online and Offline,86547.0,1,0.32854209445585214,0
Health Care,20600000.0,2,2.7761806981519506,1
Finance,3800000.0,2,1.4976043805612593,1
Analytics,750000.0,1,1.5605749486652978,1
Enterprise Software,2100000.0,3,0.5311430527036276,0
Speech Recognition,414016.0,1,0.32854209445585214,0
Enterprise Software,0.0,1,0.06023271731690623,0
Biotechnology,98203214.0,6,5.0130047912388775,1
Curated Web,767000.0,1,1.0,0
Advertising,73255000.0,8,2.1793292265571527,1
Curated Web,600000.0,1,2.7214236824093088,1
Games,0.0,2,0.7474332648870636,1
Apps,1400000.0,1,2.431211498973306,1
Clean Technology,1900000.0,1,4.446269678302532,0
Health and Wellness,27739937.0108598,3,1.0,1
Advertising,2651558.0,1,0.14510609171800137,1
iPhone,750000.0,1,1.0,1
Internet Marketing,1100000.0,2,23.263518138261464,0
Finance,1500000.0,1,1.4127310061601643,0
iPhone,2100000.0,2,1.998631074606434,0
Games,25000.0,1,2.2477754962354553,0
Software,6629950.0,3,10.08350444900753,1
Logistics,49000000.0,1,1.0,0
Pharmaceuticals,60000000.0,1,12.284736481861739,1
Hardware + Software,1600000.0,2,1.0,1
Apps,100000.0,1,1.4483230663928817,0
Electronics,0.0,1,1.0,1
Finance,12170000.0,1,2.595482546201232,0
Semiconductors,3520000.0,3,1.0,1
Manufacturing,500000.0,2,1.3004791238877482,0
Crowdsourcing,40000.0,1,0.16700889801505817,0
Biotechnology,29000000.0,1,7.452429842573579,1
Finance,27500000.0,3,1.6016427104722792,1
Social Media,250000.0,1,0.4517453798767967,0
Messaging,20500000.0,3,6.143737166324435,1
Curated Web,575000.0,1,1.7467488021902806,1
Mobile,250000.0,2,0.08213552361396304,0
Mobile,6975497.0,1,1.0,1
Apps,350000.0,1,1.0,0
Hospitality,110000.0,1,0.3997262149212868,0
Mobile,2249999.0,1,0.6543463381245722,1
Hardware + Software,5600000.0,1,3.652292950034223,0
Delivery,1500000.0,1,1.0,1
Hospitality,1750000.0,2,1.0,1
B2B,5000000.0,1,1.0,0
Delivery,150000.0,1,0.0,0
Cooking,7720000.0,2,0.4791238877481177,1
Food Processing,0.0,1,0.243668720054757,0
E-Commerce,200554.0,1,0.33675564681724846,0
Guides,3750000.0,2,0.9801505817932923,1
E-Commerce,1015000.0,2,1.0,1
Delivery,60000.0,1,0.29568788501026694,0
Mobile,1080000.0,1,1.0,0
Sports,500000.0,1,1.273100616016427,0
Art,100000.0,1,0.2518822724161533,0
Entertainment,1300000.0,1,1.7494866529774127,0
Life Sciences,10750000.0,1,1.0,1
E-Commerce,255067782.0,6,4.084873374401095,1
Analytics,20000000.0,1,5.587953456536619,1
Biotechnology,17000290.0,2,3.572895277207392,1
Health Care,9000000.0,1,9.919233401779604,1
Developer APIs,500000.0,1,0.0,0
Design,0.0,1,1.6098562628336757,0
Clean Technology,0.0,2,0.0,0
Curated Web,14255000.0,3,0.13963039014373715,1
Curated Web,205000.0,1,1.158110882956879,1
Information Technology,0.0,1,0.7474332648870636,1
Finance,0.0,1,1.0,1
Communities,0.0,1,10.001368925393566,0
Software,10000000.0,2,3.2060232717316905,1
Communications Hardware,80000000.0,2,3.6577686516084875,1
Software,10000000.0,1,1.8809034907597535,0
Analytics,11500000.0,3,0.0,1
Public Relations,4170000.0,1,1.0,1
Consumer Electronics,350000.0,1,0.676249144421629,1
Software,0.0,1,1.7467488021902806,0
E-Commerce,16000.0,1,0.008213552361396304,0
Advertising,225000000.0,2,4.328542094455853,1
Networking,4099999.0,1,4.427104722792608,1
E-Commerce,1822922.0,3,0.16700889801505817,1
Mobile,80000.0,2,0.0,0
Health Care,96500000.0,4,0.28473648186173856,1
Analytics,22650000.0,2,2.97056810403833,1
Software,0.0,1,0.0,0
Home & Garden,4000000.0,2,0.6598220396988365,1
Mobile,0.0,1,1.0,0
Collaboration,4000.0,1,0.0,0
Bio-Pharm,82690509.1220444,2,1.0,1
Advertising,4912393.0,1,1.0,0
Browser Extensions,0.0,1,0.0,1
Consumer Electronics,2980000.0,1,1.894592744695414,1
Android,16500000.0,2,3.345653661875428,1
Construction,3012255.0,1,11.16769336071184,0
Messaging,22300000.0,3,0.6433949349760438,1
Software,112500.0,1,1.0,0
Security,11000000.0,1,1.0,1
Enterprise Software,0.0,1,0.0,1
Web Hosting,0.0,1,1.0,0
Advertising,5414717.0,2,2.4421629021218343,1
Health and Wellness,10000000.0,1,1.0,1
Coupons,15742.0,1,0.2792607802874743,0
Employment,5000000.0,1,7.835728952772074,0
Curated Web,42000000.0,1,1.0,1
Advertising,15000.0,2,1.4182067077344285,0
Consulting,20000000.0,1,6.8199863107460645,1
Internet,113000000.0,2,4.6652977412731005,1
Assisitive Technology,0.0,1,0.2737850787132101,1
Beauty,1500000.0,1,1.0,0
Storage,20000000.0,1,7.745379876796714,1
Application Platforms,5400000.0,2,1.7494866529774127,1
Advertising,0.0,1,0.0,0
Technology,0.0,1,1.0,1
Advertising,45000000.0,3,0.6598220396988365,0
Semiconductors,17600000000.0,1,53.80150581793292,1
Software,4975000.0,1,1.0,0
Application Platforms,0.0,1,1.7494866529774127,1
Curated Web,12000000.0,2,0.0,1
Advertising,45139996.0,4,0.999315537303217,1
Apps,22614.0,1,0.4380561259411362,0
Advertising,200000.0,1,0.0,0
Biotechnology,106185472.0,16,14.844626967830253,1
Delivery,500000.0,1,1.0,0
Beauty,25000.0,1,1.0,0
Analytics,2484999.0,3,0.4134154688569473,1
Marketplaces,554105.0,1,5.368925393566051,0
Curated Web,5000000.0,1,1.0,1
Travel,0.0,1,1.0,0
Social Media,5000000.0,1,0.405201916495551,1
Games,551200000.0,1,14.822724161533197,1
Sports,0.0,1,0.34770704996577684,0
Mobile,1000000.0,1,0.3531827515400411,0
Contact Management,15000.0,1,0.0,0
Networking,48500000.0,5,1.9082819986310746,1
E-Commerce,500000.0,2,0.0,1
Developer APIs,30000000.0,4,0.0,1
Mobile,410000.0,1,1.2758384668035592,0
Analytics,0.0,1,0.4161533196440794,0
Internet Marketing,2515051.0,1,5.106091718001369,0
Consulting,0.0,1,14.414784394250514,1
Fashion,344853.0,2,1.0,0
Curated Web,3910000.0,2,1.4455852156057496,0
Email,8000000.0,1,1.0,1
Finance Technology,1885043.0,3,2.543463381245722,0
SaaS,478000.0,2,0.3586584531143053,1
Fashion,0.0,1,1.0,1
Groceries,0.0,1,1.83709787816564,0
E-Commerce,1308754.0,1,1.0075290896646132,0
Computers,300000.0,1,5.916495550992471,0
Curated Web,140000.0,1,0.33401779603011633,1
Sports,1882200.0,1,5.390828199863107,1
Consumer Goods,0.0,1,5.514031485284052,1
Semiconductors,0.0,1,12.799452429842573,0
Cloud Computing,0.0,1,2.1601642710472277,1
Enterprises,5000000.0,1,1.0,0
Social Media,1500000.0,1,1.1909650924024642,0
Manufacturing,30000000.0,1,45.163586584531146,1
Design,0.0,1,1.0,1
Curated Web,924752.0,1,6.04517453798768,1
Semiconductors,81017493.0,4,5.352498288843258,1
Lifestyle,50000.0,1,1.0,0
Digital Media,30000000.0,2,0.7720739219712526,1
Building Products,30000000.0,1,1.0,0
E-Commerce,3000000.0,1,0.999315537303217,0
Finance,5150000.0,1,7.520876112251882,1
Accounting,1163601.0,2,2.513347022587269,0
Colleges,7800000.0,4,1.3333333333333333,1
Financial Services,5000000.0,1,6.776180698151951,0
Games,3050000.0,3,1.158110882956879,0
Online Gaming,1800000.0,2,1.0,0
Apps,1000000.0,1,0.0,0
Games,20000000.0,1,1.0,1
Biotechnology,15000000.0,1,15.748117727583846,1
Publishing,1126000.0,1,1.2950034223134839,0
Software,19000000.0,2,1.0,1
Hardware + Software,6500000.0,1,2.863791923340178,0
Enterprise Software,111500000.0,3,2.245037645448323,1
Telecommunications,100000.0,1,1.0,0
Communications Infrastructure,24210500.0,3,11.791923340177961,1
Banking,300000.0,1,1.0,0
Blogging Platforms,500000.0,1,0.0,0
Health and Wellness,18183017.0,1,1.0,0
Finance,21500000.0,4,0.0,1
Finance,8065397.0,1,3.2334017796030117,0
Curated Web,10000.0,1,0.0,0
Collaboration,68500000.0,4,3.5263518138261465,1
Finance,3700000.0,2,0.5612594113620808,1
Consulting,15000.0,1,0.0,0
Advertising,72360.0,2,0.5941136208076659,0
Finance,1250000.0,1,1.4209445585215605,0
Big Data,2400000.0,2,0.06570841889117043,1
Messaging,1000000.0,1,1.0,0
Gold,17000000.0,1,1.0,0
Cloud Computing,3000000.0,1,2.406570841889117,0
Automotive,11500000.0,1,1.0,0
Games,0.0,1,1.0896646132785763,1
Travel,2000000.0,2,1.0,0
Games,38000000.0,1,1.0,0
Electric Vehicles,3500000.0,1,3.679671457905544,0
Consulting,0.0,1,1.0,1
Security,541000000.0,1,112.65434633812457,1
Finance,87468.0,1,0.0,0
Apps,500000.0,1,0.0,0
Customer Support Tools,0.0,1,5.650924024640657,1
Games,45039999.0,3,1.1772758384668036,1
Finance,0.0,1,2.811772758384668,1
Bitcoin,2450000.0,3,0.013689253935660506,0
Biotechnology,8858230.0,3,0.0,1
Semiconductors,6600000.0,1,1.0,1
Biotechnology,0.0,1,2.833675564681725,1
Finance,2120000.0,1,3.3127994524298425,1
Gamification,25000.0,1,1.0924024640657084,0
Games,3900000.0,1,7.15400410677618,0
Games,9000000.0,2,3.4140999315537304,1
Games,620000.0,1,2.9048596851471595,1
Games,700000.0,2,1.7522245037645447,0
Apps,600000.0,1,1.5277207392197125,0
Fashion,11400000.0,3,0.216290212183436,0
Technology,1010000.0,1,1.0,0
Browser Extensions,2000000.0,2,0.2518822724161533,0
Games,28600000.0,2,4.1040383299110195,1
Games,3000000.0,2,0.7474332648870636,1
Games,5000000.0,1,1.0,0
Games,1000000.0,1,1.0,0
Games,50000.0,1,0.0,1
Games,80000000.0,1,13.464750171115675,1
Software,6200000.0,1,14.08624229979466,1
Health Care,14000000.0,1,1.0,0
Information Technology,3000000.0,1,1.0,0
Games,1500000.0,1,0.2053388090349076,0
Games,1000000.0,1,1.0,0
E-Commerce,16837899.0,1,50.168377823408626,1
Curated Web,298000000.0,4,4.0,1
Curated Web,0.0,1,0.0027378507871321013,1
Finance,24690000.0,4,1.3086926762491444,1
Biotechnology,10400000.0,1,1.0,0
Crowdsourcing,4000.0,1,0.4243668720054757,1
Photography,100000.0,1,0.0,0
Automotive,3500000.0,1,3.805612594113621,0
Maps,13972693.0,2,0.0,1
Mobile,800000.0,1,2.1601642710472277,1
Health Care,6230757.0,4,3.619438740588638,0
Financial Services,2842000.0,1,1.0,1
Health Care Information Technology,20000.0,1,0.08487337440109514,0
E-Commerce,55900000.0,6,0.999315537303217,1
Analytics,9560000.0,3,0.9281314168377823,1
Clean Technology,1320000.0,1,1.0,0
Curated Web,5000000.0,2,1.0,0
Software,7555000.0,1,1.0,0
Event Management,40315041.0,5,6.532511978097194,1
Blogging Platforms,3715000.0,2,0.0,1
Cloud Data Services,457590.0,1,1.1334702258726899,1
Clean Technology,63500000.0,1,1.0,0
Databases,20000000.0,2,0.0,1
Gps,26041107.0,2,8.139630390143736,1
E-Commerce,2000000.0,1,0.0,1
Collaboration,4940000.0,2,3.542778918548939,1
Software,3000000.0,1,0.8487337440109514,0
Games,2100000.0,3,0.621492128678987,1
Gadget,100000.0,1,0.0,0
Curated Web,435953.0,4,0.0,0
Cloud Computing,9000000.0,2,1.0,0
Developer APIs,0.0,1,0.4517453798767967,1
Biotechnology,56200000.0,5,1.0,1
Biotechnology,0.0,2,1.0,0
Semiconductors,670000.0,1,22.61738535249829,0
Manufacturing,100000000.0,2,6.1738535249828885,1
Biotechnology,71259078.0,4,10.50239561943874,1
Jewelry,0.0,1,0.0,0
Biotechnology,5100000.0,2,5.489390828199863,0
E-Commerce,11100000.0,3,1.0,0
Biotechnology,3473820.0,1,3.0718685831622174,1
Biotechnology,5730000.0,4,8.476386036960985,0
Development Platforms,30675796.0,1,1.0,1
Apps,0.0,1,0.0,0
Biotechnology,17300000.0,2,23.485284052019164,1
Biotechnology,19904010.0,6,9.516769336071183,1
Mobile,75000000.0,1,35.9233401779603,1
Public Transportation,84900000.0,3,57.59342915811088,1
Electronics,2000000.0,1,131.87953456536619,1
Career Management,8000000.0,2,4.172484599589322,1
Biotechnology,9350000.0,4,28.06570841889117,1
Software,2500000.0,1,5.650924024640657,0
Discounts,650000.0,3,0.0,0
Curated Web,56400000.0,1,85.36618754277892,1
Biotechnology,7740000.0,5,1.0,0
Web Hosting,22165091.0,10,4.733744010951403,1
Technology,1980218.93300523,1,1.0,0
Biotechnology,20374046.0,2,26.65571526351814,1
Biotechnology,50000.0,1,1.0,0
Biotechnology,24999998.0,3,0.12320328542094455,1
Curated Web,15000000.0,3,0.6297056810403833,1
Biotechnology,10438672.0,1,4.243668720054757,1
Advanced Materials,5000000.0,1,3.4277891854893907,1
Cloud Data Services,7570000.0,3,0.0,0
Ad Targeting,3000000.0,1,0.24914442162902123,1
Curated Web,2000000.0,1,0.999315537303217,0
Mobile,100000.0,2,0.030116358658453114,1
Biotechnology,67751091.0,4,1.0,0
Biotechnology,250000.0,1,9.963039014373717,1
Biotechnology,206525461.0,8,3.915126625598905,1
Biotechnology,21988000.0,7,3.0910335386721424,1
Manufacturing,146071.0,1,9.136208076659821,0
Biotechnology,5000000.0,1,4.317590691307323,1
Hospitality,3000000.0,1,3.652292950034223,0
Biotechnology,39803794.0,4,1.0,1
Biotechnology,1999999.0,1,18.078028747433265,1
Web Hosting,40000000.0,4,0.0,1
Software,3070000.0,1,6.455852156057495,1
Mobile,11253082.0,4,0.917180013689254,0
Games,20000.0,1,0.8487337440109514,0
Public Transportation,29833.0,1,1.0,0
Algorithms,350000.0,1,1.0,0
Education,31000000.0,1,1.0,1
Developer APIs,350000.0,2,1.2320328542094456,1
Software,8000000.0,2,11.824777549623546,1
Software,1713923.0,1,8.5201916495551,1
Business Productivity,11969441.8855818,2,4.788501026694045,1
Android,300000.0,1,1.160848733744011,0
Mobile,2500000.0,1,1.0,1
Mobile,24100000.0,2,0.2518822724161533,1
Software,1594999.0,3,1.0,1
Biotechnology,11791210.0,5,17.746748802190282,1
Biotechnology,96700000.0,1,23.43874058863792,1
Finance,242132.0,1,5.579739904175223,0
Finance,10000000.0,1,1.0,0
Social Media,1000000.0,1,0.47638603696098564,0
Television,17000000.0,2,1.4510609171800137,1
Enterprise Software,5666100.0,1,1.8535249828884326,0
Analytics,0.0,2,0.24914442162902123,0
Contests,56409796.8156988,4,0.0,1
Curated Web,1700000.0,1,1.1827515400410678,0
Polling,2300000.0,1,1.566050650239562,1
Crowdfunding,0.0,1,0.34770704996577684,1
Ad Targeting,800000.0,1,2.9924709103353866,0
Android,42000000.0,3,0.8487337440109514,1
iPhone,0.0,1,1.0,1
Messaging,0.0,2,0.459958932238193,0
Comparison Shopping,0.0,2,1.2484599589322383,1
Information Technology,25000.0,1,1.0,0
Software,9000000.0,2,6.809034907597536,1
Human Resources,30000000.0,1,10.17659137577002,1
Chemicals,59500000.0,4,1.0,1
Android,300000.0,2,0.0,0
Business Services,465743.0,1,1.0951403148528405,0
Biotechnology,156304548.0,5,1.3963039014373717,0
Business Services,44320000.0,1,3.5811088295687883,1
News,5500000.0,2,1.163586584531143,1
Apps,7600000.0,2,0.0,0
Collaborative Consumption,1200000.0,1,0.7118412046543463,1
Games,1200000.0,1,0.0,0
Mobile,6400000.0,2,4.268309377138946,1
E-Commerce,26100000.0,2,4.470910335386721,1
Social Media,1020000.0,2,1.2484599589322383,1
E-Commerce,18885.0,2,0.2518822724161533,0
Social Media,0.0,1,1.0,0
Nonprofits,705000.0,3,2.833675564681725,0
Manufacturing,1791329.0,2,33.163586584531146,1
Public Relations,14600000.0,1,1.0,0
E-Commerce,1000000.0,1,0.17796030116358658,0
Public Relations,1400000.0,1,1.0,0
Software,12705445.0,1,11.597535934291582,1
Networking,22800000.0,1,5.593429158110883,1
Manufacturing,4000000.0,2,2.4503764544832305,0
Networking,31000000.0,2,1.2210814510609171,1
Entertainment,1300000.0,1,17.062286105407257,1
Networking,200000.0,1,0.0,1
Music,8000.0,1,0.0,1
Messaging,3350000.0,2,0.0,0
Business Intelligence,0.0,1,12.0,1
Curated Web,300000.0,1,0.6707734428473648,0
Analytics,1700000.0,1,1.0,0
Advertising,2000000.0,1,1.0,0
Artificial Intelligence,1954083.0,6,0.0,1
Curated Web,2000000.0,1,1.0,0
Games,2915018.0,1,5.089664613278576,0
Hardware,14000.0,1,0.02737850787132101,0
Curated Web,2454.0,1,1.4948665297741273,0
Curated Web,10750000.0,2,1.0,1
Nonprofits,6322000.0,2,2.272416153319644,1
Analytics,250000.0,1,0.4134154688569473,0
Software,1500000.0,1,1.0,0
Public Relations,6000000.0,1,2.839151266255989,1
3D,18100000.0,3,4.328542094455853,1
Clean Technology,58000000.0,3,18.075290896646134,0
Enterprise Software,855000.0,1,1.429158110882957,1
Curated Web,0.0,1,8.0,0
E-Commerce,0.0,1,0.0,0
Media,30000.0,1,3.247091033538672,0
Games,15210000.0,5,1.0,1
Biotechnology,23100000.0,3,6.595482546201232,1
Analytics,250000.0,2,0.2026009582477755,0
Location Based Services,0.0,1,0.0,1
Health Care,121000392.0,7,1.6646132785763177,1
Brand Marketing,2300000.0,1,1.9603011635865846,0
Biotechnology,14880000.0,1,3.600273785078713,0
Services,1610000.0,1,51.9151266255989,1
Bio-Pharm,2500000.0,1,13.486652977412732,0
Doctors,1000000.0,1,1.6646132785763177,0
Public Relations,1990000.0,1,5.163586584531143,1
Business Development,1350000.0,4,0.0,1
Fashion,4000000.0,1,1.0,1
Finance,1200000.0,1,25.99315537303217,0
Mobile,0.0,1,0.0,0
Biotechnology,88700000.0,2,0.4517453798767967,1
Information Services,1500000.0,1,3.249828884325804,0
Public Relations,41000000.0,1,0.16153319644079397,1
Semiconductors,33000000.0,2,6.417522245037645,1
Consulting,451452.0,1,1.0,1
Mobile,30500000.0,2,0.5037645448323066,0
Software,50000.0,1,0.6652977412731006,0
Security,19460986.0,9,9.859000684462696,0
Security,1000000.0,3,1.5852156057494866,0
Online Education,1050000.0,1,1.0,0
Enterprise Software,0.0,1,1.0,1
Hardware + Software,200000.0,1,3.247091033538672,0
Education,27000000.0,1,1.0,1
Finance,3690000.0,3,1.0,1
Big Data,28000000.0,2,5.919233401779603,1
Public Relations,0.0,1,5.8507871321013,1
Biotechnology,120456440.0,8,10.956878850102669,1
Public Relations,1490000.0,1,36.85694729637235,0
Financial Services,5699196.0,1,0.6187542778918549,0
Fantasy Sports,2000000.0,1,0.6926762491444216,0
Health Care,110000000.0,1,4.640657084188912,1
Curated Web,1000000.0,1,0.999315537303217,0
Messaging,200000.0,1,0.0,0
Internet TV,465240.0,1,1.0,0
Clean Technology,20000000.0,2,6.505133470225872,1
Advertising,0.0,1,0.0,0
Beauty,0.0,2,0.12320328542094455,1
Biotechnology,31700000.0,4,1.0,1
E-Books,512916.0,1,4.386036960985626,0
Freemium,133121250.0,5,4.303901437371663,1
Software,20973227.0,7,1.0,0
Manufacturing,50000000.0,1,3.0171115674195756,0
Enterprise Software,8500000.0,1,1.0,1
Biotechnology,13600000.0,1,1.0,1
Biotechnology,31650333.3333333,3,1.0,1
Biotechnology,86379412.0,4,0.3860369609856263,1
Biotechnology,1000000.0,1,1.0,0
Biotechnology,19393087.0,8,1.0841889117043122,0
Biotechnology,950000.0,2,3.575633127994524,1
Finance,2545000.0,1,4.027378507871321,0
Diagnostics,6669630.0,1,5.06776180698152,0
Enterprise Software,6640000.0,4,0.0,1
Design,2190000.0,2,1.0732375085557837,0
Enterprises,50576.0,1,0.0,0
Biotechnology,22500000.0,4,1.9164955509924708,1
Logistics,0.0,1,1.2073921971252566,0
Mobile,0.0,1,8.49555099247091,1
Fashion,3750000.0,3,0.9253935660506503,1
Advertising,2855000.0,1,1.0,1
Technology,8500000.0,3,1.9137577002053388,1
Software,8500000.0,1,1.0,1
Clean Technology,10918691.0,4,1.2265571526351813,1
Finance,2000000.0,1,2.2888432580424367,0
Search,2500000.0,1,2.302532511978097,1
Web Development,23000000.0,1,1.0,0
Music,0.0,1,1.0,0
Games,24000000.0,2,5.103353867214237,1
Mobile,323000000.0,3,0.0,1
Alumni,12500.0,1,1.0,0
Curated Web,8500000.0,2,1.0,1
Enterprises,8500000.0,3,0.0,0
Enterprise Software,1700000.0,1,1.700205338809035,1
Messaging,2616800.0,1,1.0,0
Hospitality,4000000.0,2,1.2594113620807665,1
Games,8000000.0,1,1.0,0
Investment Management,1400000.0,1,1.0,1
Consumer Goods,2600000.0,1,3.5345653661875427,0
Financial Services,6000000.0,1,1.0,0
Information Services,0.0,1,1.0,1
Gold,25000000.0,1,1.0,1
Databases,0.0,1,7.195071868583162,1
Software,56000000.0,3,1.995893223819302,1
Application Platforms,875000.0,1,0.09856262833675565,0
Golf Equipment,125000000.0,1,46.71321013004791,1
Consulting,64900000.0,7,2.9979466119096507,1
Finance,12000.0,2,0.8323066392881588,1
E-Commerce,0.0,1,0.34223134839151265,1
Application Platforms,50000.0,1,0.70362765229295,0
E-Commerce,150000.0,1,1.7494866529774127,0
Curated Web,310000.0,1,0.5201916495550992,0
Advertising,1247051.0,2,1.0,0
Biotechnology,60000000.0,3,2.6913073237508556,0
Finance,2334548.0,2,0.7665982203969883,0
Analytics,291297000.0,6,9.201916495550993,1
Hospitality,5500000.0,1,21.637234770704996,1
E-Commerce,25000.0,1,1.163586584531143,0
News,0.0,1,3.783709787816564,0
Finance,118000.0,1,1.3634496919917864,1
Apps,115000.0,1,0.0,0
Advertising,500000.0,1,0.9582477754962354,0
Consumers,14229998.0,3,1.136208076659822,1
Email,45000000.0,4,2.7926078028747434,0
Curated Web,2750000.0,2,0.7939767282683093,1
Business Development,0.0,1,0.8240930869267625,0
Blogging Platforms,26100000.0,3,0.0,1
Internet,11852030.0,2,0.999315537303217,0
Apps,16781.0,1,1.6317590691307324,0
Curated Web,0.0,1,1.4976043805612593,1
Curated Web,650000.0,2,0.2518822724161533,0
Enterprise Software,0.0,1,3.143052703627652,1
Social Commerce,3000000.0,1,2.439425051334702,0
Curated Web,425000.0,1,0.5667351129363449,1
3D,288205000.0,3,7.723477070499658,1
Mobile Advertising,785000.0,2,0.0,0
Nightlife,1050000.0,2,1.0,0
Enterprise Software,1170000.0,1,1.0,0
Business Services,3000000.0,1,1.0,0
Curated Web,26000000.0,3,2.915811088295688,1
Music,50000.0,1,0.08213552361396304,0
Mobile,28000000.0,3,8.161533196440795,1
Messaging,3000000.0,1,3.0663928815879533,1
Advertising,8820000.0,1,4.224503764544832,1
Curated Web,10400001.0,3,0.5010266940451745,1
Enterprise Software,0.0,1,1.0,0
Document Management,150000.0,1,0.5667351129363449,0
Career Management,600000.0,1,1.0,1
E-Commerce,1000000.0,1,0.0,0
Advertising,24500000.0,3,0.0,1
CAD,13618793.0,6,0.999315537303217,1
E-Commerce,20800000.0,1,1.0,0
Automotive,33400000.0,3,4.687200547570157,1
Communications Infrastructure,0.0,1,1.0,1
Crowdsourcing,215000.0,1,0.785763175906913,0
Mobile,3750000.0,1,0.4681724845995893,1
Hardware + Software,20000.0,2,0.4134154688569473,1
Hardware + Software,1300000.0,1,1.2539356605065024,0
Mobile,4000000.0,1,0.0,1
Semiconductors,13020000.0,2,1.0,1
Health Care,100000.0,1,1.0,0
Advertising,10024049.0,7,0.0,1
Advertising,3179999.0,4,1.0,1
Broadcasting,36000000.0,1,1.0,1
Cloud Data Services,40259004.0,3,8.654346338124572,1
Advertising,20600000.0,2,0.08213552361396304,1
Biotechnology,27997653.0,4,6.119096509240246,1
Clean Technology,1490000.0,1,21.130732375085557,1
Software,100300.0,1,0.0,0
Games,152197921.0,4,0.0,1
Environmental Innovation,16674.0,1,1.0,0
Finance,33000000.0,4,2.001368925393566,1
Specialty Foods,150000.0,1,0.2546201232032854,0
Computers,35000.0,1,1.0,0
Games,6000000.0,1,0.49828884325804246,1
Clean Technology,1000000.0,1,1.0,1
Software,1500000.0,2,3.9041752224503763,1
Enterprise Software,42500002.0,7,2.3682409308692676,1
Clean Technology,24900000.0,3,1.0,0
Hardware + Software,1200000.0,2,1.1444216290212184,0
Clean Technology,875000.0,1,18.21492128678987,0
Clean Technology,241983286.0,2,1.0,1
Innovation Management,455204.0,1,1.1663244353182751,0
Networking,40264.0,1,0.0,0
Education,4200000.0,1,0.5010266940451745,1
Environmental Innovation,91708.0,1,0.0,0
Software,5806037.0,2,4.706365503080082,1
Analytics,92899155.0,5,2.74880219028063,1
Mobile,600000.0,1,1.0,1
Clean Technology,96800000.0,5,3.6659822039698837,0
Business Services,22000000.0,1,8.83230663928816,1
Games,2500000.0,2,1.8316221765913758,0
Advertising,25107724.0,5,1.7768651608487338,1
Software,5000000.0,2,2.513347022587269,1
Software,0.0,2,1.8863791923340179,0
Big Data Analytics,2200000.0,1,1.0047912388774811,1
Software,8267939.0,3,1.0,0
Big Data,13000000.0,1,4.999315537303217,1
Web Hosting,200000000.0,1,1.0,0
Content Delivery,20500000.0,3,2.001368925393566,0
Clean Technology,307588886.0,11,3.0006844626967832,1
Smart Grid,160000.0,1,0.7419575633127995,0
Finance,10000000.0,2,1.0,0
Professional Networking,62767.5466676709,1,0.08487337440109514,0
Education,0.0,1,0.2080766598220397,1
Comparison Shopping,1375000.0,3,1.4702258726899384,0
Certification Test,44720000.0,7,0.08487337440109514,1
Collaboration,38000000.0,1,2.1738535249828885,1
File Sharing,4552414.0,3,0.837782340862423,0
Curated Web,0.0,1,1.4483230663928817,0
Software,2200000.0,3,1.215605749486653,1
Consulting,5000.0,1,0.0,0
Clean Technology,1268000.0,2,2.0177960301163584,1
Coupons,39000000.0,3,0.2518822724161533,0
Facebook Applications,0.0,1,2.414784394250513,1
Social Network Media,2600000.0,3,1.2511978097193703,0
Messaging,11450000.0,2,0.31759069130732376,1
E-Commerce,0.0,1,0.0027378507871321013,0
Advertising,1137000000.0,6,0.0,1
Collaboration,21189.0,1,0.676249144421629,0
Collaboration,0.0,1,2.2505133470225873,0
App Marketing,1000000.0,1,0.08487337440109514,1
Biotechnology,2000000.0,1,1.0,1
Big Data Analytics,0.0,1,0.17248459958932238,0
Farming,204892075.0,15,24.0684462696783,1
Babies,0.0,1,0.0,0
Electronics,16000000.0,1,1.0,1
Enterprise Software,16000000.0,2,3.8357289527720737,0
Business Services,84100000.0,6,3.8329911019849416,1
Hospitality,3500.0,1,0.10951403148528405,0
Artificial Intelligence,0.0,1,1.6646132785763177,0
Social Media,0.0,1,0.999315537303217,0
Apps,18710.0,1,0.15879534565366188,0
Apps,100000.0,1,1.0,0
Clean Technology,83649920.0,2,16.61054072553046,1
Software,11753046.0,2,9.245722108145106,1
Clean Technology,40000000.0,1,16.04928131416838,0
Information Technology,13500000.0,3,11.813826146475018,1
Semiconductors,23250000.0,6,1.516769336071184,0
Pharmaceuticals,84682455.0,3,1.0,1
Web Hosting,2200000.0,1,1.0,0
Curated Web,0.0,3,0.0,1
Enterprise Software,9000000.0,1,3.871321013004791,0
Security,25000000.0,1,1.0,1
Enterprise Software,19500000.0,3,3.4277891854893907,1
Databases,11800000.0,2,3.6112251882272415,1
Biotechnology,17500000.0,3,3.4715947980835042,1
Banking,250000.0,1,0.0,0
Semiconductors,0.0,1,1.0,1
Games,500000.0,1,2.5845311430527036,0
DIY,0.0,1,0.0,0
Data Security,7544031.0,1,15.175906913073238,1
Apps,25000.0,1,1.0,0
Biotechnology,11082001.0,4,18.691307323750856,1
Curated Web,158940.0,1,0.49828884325804246,0
Chat,300000.0,1,0.0,0
Games,94000000.0,3,4.9253935660506505,1
Cloud Computing,0.0,1,0.9144421629021219,1
Mobile,24100000.0,3,0.2272416153319644,1
Curated Web,1350000.0,1,0.4134154688569473,0
Business Services,16000000.0,1,1.9110198494182067,1
Search,15000000.0,2,0.0,0
Advertising,0.0,2,1.158110882956879,1
Advertising,6433000.0,2,3.403148528405202,0
Biotechnology,179200000.0,1,17.322381930184804,1
Internet,3000000.0,1,1.0,0
Games,1000000.0,2,0.0,1
Gift Card,7500000.0,5,0.4079397672826831,1
Internet,100000.0,1,0.0,0
Public Relations,64795.0,1,0.2464065708418891,1
3D,129590.0,1,0.2464065708418891,1
Software,508520.0,1,0.0,1
Hardware + Software,3954000.0,1,1.0,0
Energy,500000.0,1,1.0,0
Enterprise Software,6000000.0,1,4.583162217659138,1
Real Estate,3371127.41737929,1,1.0,0
Recruiting,0.0,1,0.0,1
EdTech,175000.0,1,0.9281314168377823,1
Business Productivity,0.0,1,0.33127994524298426,1
Analytics,16200000.0,2,1.8015058179329226,1
Biotechnology,2000000.0,1,10.485968514715948,1
Communities,0.0,1,0.243668720054757,1
Apps,200000.0,1,0.0,0
Software,7275635.0,1,18.78986995208761,1
Collaboration,6080000.0,3,0.6652977412731006,1
Games,2000000.0,1,0.0,1
Social Media,0.0,1,1.0,0
Biotechnology,113000000.0,3,1.0,1
Advertising,340000.0,1,0.0,0
Web Hosting,73000000.0,3,2.0670773442847366,0
Curated Web,1613875.0,1,5.136208076659822,0
Biotechnology,116267844.0,2,1.0,0
Mobile,60500000.0,1,1.0,1
Health and Wellness,405000.0,2,0.0,1
Social Media,15391438.0,3,0.0,0
Mobile,10000000.0,2,5.19917864476386,1
Games,30000000.0,1,4.758384668035592,1
Software,4000000.0,1,13.44832306639288,0
Enterprises,1350000.0,1,1.0,0
E-Commerce,120000.0,1,0.0,0
Biotechnology,23600000.0,3,1.0,1
Health Care,115971247.0,5,9.932922655715263,1
Clean Technology,670000000.0,2,9.486652977412732,1
Consumer Goods,43000.0,1,0.0,1
App Marketing,5600000.0,3,0.0,0
Developer APIs,506725.631103741,1,3.6659822039698837,0
Enterprise Software,45000000.0,3,1.3689253935660506,1
Biotechnology,200000000.0,1,1.0,0
Health Care,550000.0,1,17.31416837782341,0
Enterprise Software,2000000.0,1,3.9260780287474333,1
Beauty,96263.0,1,1.3442847364818618,0
Games,15045983.0,5,1.404517453798768,1
Software,42000000.0,4,8.944558521560575,1
E-Commerce,100000000.0,1,79.75359342915812,1
Hardware + Software,1200000.0,2,1.0,0
Contact Management,4000000.0,3,0.0,0
Software,25000.0,1,1.0,0
Mobile,20000.0,1,0.15058179329226556,0
Curated Web,200000.0,1,0.05475701574264202,0
CRM,6814032.0,4,0.4188911704312115,1
Web Hosting,36000000.0,2,5.434633812457221,1
Security,2100000.0,2,0.999315537303217,1
E-Commerce,41000000.0,2,1.4455852156057496,1
Software,0.0,1,0.0,0
Customer Service,25000.0,1,1.0,0
Curated Web,25000.0,1,0.5831622176591376,0
Shipping,0.0,1,5.8699520876112254,1
Software,900000.0,1,0.6543463381245722,0
Entertainment,118000.0,1,1.0,0
Software,660000.0,1,2.841889117043121,0
Games,10814672.0,4,12.33949349760438,0
Big Data,0.0,1,1.0,0
Software,10356751.0,3,2.732375085557837,1
Consulting,75000.0,1,29.13347022587269,1
Career Management,0.0,1,1.0,1
Clinical Trials,890000.0,2,0.3887748117727584,0
Finance,5400000.0,1,6.74880219028063,0
Health and Wellness,400000.0,1,1.2867898699520877,1
Biotechnology,475000.0,1,8.265571526351813,1
Colleges,9450000.0,3,0.0,1
Software,16000000.0,1,18.87748117727584,1
Health and Wellness,0.0,1,1.0,0
Health and Wellness,10000000.0,1,1.0,0
Analytics,17939377.0,4,6.072553045859,1
Health and Wellness,3000000.0,1,1.0,1
Health and Wellness,2500000.0,1,1.0212183436002737,1
Software,41200000.0,2,16.123203285420946,1
Health and Wellness,50000000.0,1,1.998631074606434,1
Health and Wellness,13200000.0,1,1.0,1
Health and Wellness,12500000.0,1,9.686516084873375,1
Cloud Computing,2242196.0,2,12.008213552361397,1
Electronic Health Records,0.0,2,0.0,0
Health and Wellness,3000000.0,1,1.0,1
Curated Web,2000000.0,1,0.6406570841889117,1
Hardware + Software,15000000.0,3,1.514031485284052,0
Social Media,400000.0,2,1.7522245037645447,0
Biotechnology,3700000.0,1,13.464750171115675,1
Enterprise Software,2400000.0,1,24.210814510609172,1
Apps,0.0,1,0.0,0
Health Care,201250.0,1,1.0,0
E-Commerce,17620401.0,7,1.6591375770020533,1
Fitness,25000000.0,2,30.69678302532512,1
Health and Wellness,0.0,1,1.0376454483230664,1
Curated Web,500000.0,1,0.02190280629705681,0
Delivery,210000.0,2,0.0,0
Software,100000.0,1,0.0,0
Kids,2500.0,1,0.04654346338124572,0
Health Care,16980998.0,1,7.310061601642711,1
Healthcare Services,18400000.0,2,0.0,0
E-Commerce,2000000.0,1,0.22176591375770022,1
Hardware + Software,55000000.0,1,5.618069815195072,1
Biotechnology,15599800.0,4,1.8809034907597535,1
Facebook Applications,0.0,1,0.0,0
Biotechnology,4999994.0,2,1.0,1
E-Commerce Platforms,250000.0,1,0.010951403148528405,0
Biotechnology,123400000.0,3,4.334017796030117,0
Web Hosting,1000000.0,1,4.216290212183436,0
Biotechnology,10000008.0,1,1.0,1
Health Care,20000000.0,1,1.0,0
Clean Technology,11482.0,2,0.5859000684462696,0
Curated Web,31986800.0,3,1.0,1
Batteries,12300000.0,1,1.0,0
Biotechnology,3362500.0,3,3.2114989733059547,0
Biotechnology,17333335.0,2,0.6598220396988365,1
Distribution,250000.0,1,4.240930869267625,0
Design,118000.0,1,1.0,0
Mobile,889999.0,2,1.4127310061601643,0
Media,0.0,1,3.2908966461327855,1
Business Services,3300000.0,3,0.08487337440109514,0
Home & Garden,537817.0,1,0.5557837097878165,0
Web Hosting,11000000.0,1,1.0,1
Software,16150000.0,3,1.1718001368925393,1
Home & Garden,500000.0,1,0.5804243668720055,0
Information Technology,0.0,1,30.29158110882957,1
Curated Web,250000.0,1,0.49828884325804246,0
Home & Garden,154000.0,1,0.8323066392881588,0
Customer Service,500000.0,1,0.0,0
Biotechnology,3000000.0,1,1.0,0
Health Care,9300000.0,1,1.0,1
Clinical Trials,0.0,1,0.6652977412731006,1
E-Commerce,100000.0,1,0.0,0
Biotechnology,26500000.0,3,0.6050650239561944,1
E-Commerce,0.0,1,10.74880219028063,0
Travel,0.0,1,1.0,0
Health Care,10000000.0,1,3.2854209445585214,0
Services,100000.0,1,0.11225188227241616,0
Enterprise Software,13020000.0,3,0.5037645448323066,1
Hospitality,500000000.0,1,16.186173853524984,0
Biotechnology,3570000.0,1,15.173169062286105,1
Data Integration,1925000.0,3,0.33401779603011633,0
E-Commerce,11700000.0,3,0.621492128678987,0
Collaborative Consumption,140000.0,1,0.999315537303217,0
Apps,200000.0,1,1.0,0
Software,29300000.0,4,1.0,1
Application Platforms,15000.0,1,0.0,0
Chat,400000.0,2,0.2080766598220397,1
Messaging,875000.0,2,0.0027378507871321013,1
Games,20000000.0,1,3.1129363449691994,0
Consumer Electronics,16500000.0,1,1.0,1
Software,3480000.0,2,8.0,0
Games,52000000.0,4,3.5811088295687883,1
Web Hosting,0.0,1,1.0,0
Advertising,286911.0,1,1.0,0
Games,15000000.0,1,3.8302532511978096,0
Application Platforms,50000000.0,1,6.450376454483231,1
Automotive,1300000.0,2,0.32854209445585214,1
Web Hosting,1000000.0,1,1.0,0
Automotive,12000000.0,2,0.8323066392881588,1
Software,14300000.0,2,9.604380561259411,0
Security,1000000.0,1,7.83025325119781,1
Curated Web,3100000.0,1,0.9856262833675564,1
Education,0.0,3,2.001368925393566,1
Education,1065000.0,4,0.2518822724161533,1
Customer Service,10159999.0,3,0.917180013689254,1
Software,10000000.0,1,19.093771389459274,1
Games,284775.0,2,0.0,0
Curated Web,5900000.0,1,2.518822724161533,0
Analytics,750000.0,1,1.0,1
Chat,100000.0,1,0.9390828199863107,1
Online Travel,7000000.0,1,3.1759069130732374,0
Advertising,17550000.0,3,3.2197125256673513,1
Enterprise Software,0.0,1,3.997262149212868,1
Travel,500000.0,1,0.7173169062286106,0
Mobile,14664565.0,2,3.1019849418206706,1
Curated Web,100000.0,1,1.0,0
Curated Web,0.0,1,2.4202600958247777,0
Curated Web,1000000.0,1,0.36960985626283366,1
Advertising,0.0,1,1.0,0
Interface Design,487095.0,1,0.0,0
Collaborative Consumption,0.0,1,0.0,0
Biotechnology,96400000.0,3,1.0,1
Biotechnology,13260546.0,4,0.70362765229295,1
Cloud Computing,125000.0,1,0.0,0
Databases,2000000.0,3,0.7529089664613279,1
Semiconductors,0.0,1,1.0,1
Curated Web,14200000.0,2,1.0,1
Games,1500000.0,1,3.6632443531827517,0
Entertainment,0.0,1,0.0,1
B2B,8950000.0,3,1.0,1
Hardware + Software,20000000.0,2,0.731006160164271,0
Software,14000000.0,2,4.0,1
Consulting,25000.0,1,4.97741273100616,0
Health and Wellness,475000.0,1,1.0,0
Application Performance Monitoring,0.0,1,1.0,1
E-Commerce,25000.0,1,0.0,0
Energy,500000.0,2,1.0,0
Hotels,167000.0,1,1.0,0
Information Services,0.0,1,2.4969199178644765,1
Active Lifestyle,55000.0,1,1.3305954825462012,0
Curated Web,5000000.0,1,1.0,0
3D,2700000.0,1,1.0,0
Biotechnology,450000000.0,1,25.911019849418206,1
Finance,1000000.0,2,0.4544832306639288,1
Finance,16500000.0,1,107.18685831622176,1
Hardware + Software,1250000.0,1,8.295687885010267,1
Advertising,504678374.0,5,0.0,1
Hospitality,39700000.0,5,0.0,0
Health and Wellness,4950000.0,1,0.8323066392881588,1
Curated Web,0.0,1,1.3607118412046544,1
E-Commerce,1200000.0,1,1.7357973990417521,1
E-Commerce,65000000.0,3,0.2464065708418891,0
SaaS,2000000.0,2,3.4223134839151266,1
Apps,41431.8859794498,1,0.2053388090349076,0
Curated Web,1200000.0,1,1.0,0
Advice,0.0,1,1.7166324435318274,0
Security,911000.0,1,4.574948665297741,0
Manufacturing,11400000.0,1,24.511978097193705,1
Automotive,0.0,1,0.1943874058863792,1
E-Commerce,0.0,1,0.7474332648870636,1
Health and Wellness,9000000.0,1,4.0,0
Internet,750000.0,1,1.6098562628336757,1
Machine Learning,500000.0,1,1.4976043805612593,1
Messaging,50000.0,1,0.06297056810403832,0
Apps,2000000.0,2,1.2457221081451062,0
E-Commerce,1300000.0,1,0.0,0
All Markets,2000000.0,2,2.4941820670773445,1
Creative,548311.0,1,0.6050650239561944,0
Biotechnology,50251719.0,5,1.264887063655031,1
Financial Services,30900000.0,2,1.0,1
Biotechnology,492000000.0,4,2.5544147843942504,1
Clean Technology,318000000.0,2,11.92060232717317,1
Software,0.0,1,1.0,1
Construction,20000.0,1,1.0,0
Social Media,30000.0,1,0.0,0
E-Commerce,697792.0,1,19.824777549623544,0
Manufacturing,50000000.0,1,11.616700889801505,1
Big Data,248000000.0,5,0.0,1
Data Centers,0.0,1,12.0,1
Journalism,252040.0,1,0.0,0
E-Commerce,525000.0,1,0.26283367556468173,0
Hospitality,136332.0,1,1.0,0
Cable,15000000.0,1,1.0,0
Curated Web,5000000.0,2,2.4640657084188913,0
Distribution,147595.0,1,0.3723477070499658,0
Enterprise Software,5000.0,1,0.0,0
Colleges,1474998.0,4,0.33127994524298426,0
Hotels,2300000.0,1,1.8234086242299794,1
3D,150000.0,1,0.0,0
Social Media,1420000.0,1,0.8980150581793293,1
Communications Infrastructure,3541773.0,1,4.394250513347022,1
Customer Service,10321150.0,5,0.8350444900752909,1
Cars,1000000.0,1,1.0,0
Analytics,0.0,1,12.506502395619439,1
Education,0.0,1,1.5824777549623545,0
Communities,149996.0,1,1.78507871321013,0
Innovation Engineering,14500000.0,1,5.385352498288843,1
Curated Web,22300000.0,3,0.8323066392881588,1
Information Technology,1500000.0,1,1.0,0
Curated Web,75000000.0,2,1.4510609171800137,1
Enterprise Software,40000000.0,1,5.776865160848733,0
Cloud Computing,1500000.0,1,1.0,0
Analytics,1000000.0,1,1.0,1
Biotechnology,47232377.0,5,14.146475017111568,1
Logistics,935279.0,1,14.08350444900753,0
Biotechnology,1150000.0,4,1.4154688569472964,1
Curated Web,750000.0,1,0.0,0
Messaging,0.0,1,1.0,0
Collaboration,7000000.0,3,0.0,0
Productivity Software,112500.0,1,0.17796030116358658,0
Software,13000000.0,1,5.7850787132101305,1
Lead Generation,100500000.0,6,0.0,1
Advertising,22750000.0,3,1.0841889117043122,1
Chat,175000.0,1,0.0,0
Media,37000000.0,5,0.0,1
Curated Web,600000.0,1,0.8323066392881588,0
Mobile,67255150.0,3,3.381245722108145,1
Internet,25000.0,1,2.3436002737850785,0
Curated Web,4500000.0,3,0.621492128678987,0
Search,9000000.0,1,7.581108829568788,0
Mobile,1225000.0,2,0.837782340862423,1
Curated Web,50000.0,1,3.3429158110882957,0
Audio,1100000.0,2,1.6646132785763177,1
Health and Wellness,63000000.0,3,30.748802190280628,1
Curated Web,19200000.0,3,0.16700889801505817,1
Education,50000.0,1,0.0,0
Curated Web,80570.0,1,0.0,1
Delivery,100000.0,1,0.0,0
Fashion,4000000.0,1,3.4962354551676933,1
Group Buying,20000.0,1,0.0,0
E-Commerce,192357.0,2,0.32854209445585214,1
Software,57200000.0,3,1.0,0
Biotechnology,7800000.0,2,3.1293634496919918,0
E-Commerce,500000.0,1,0.0,0
Software,300000.0,1,6.464065708418891,1
Curated Web,0.0,1,0.0,1
Content,30000000.0,4,12.731006160164272,1
Building Products,15000000.0,1,5.5249828884325805,1
Environmental Innovation,7500000.0,1,19.342915811088297,1
Environmental Innovation,1100000.0,1,1.0,1
Curated Web,0.0,1,3.5017111567419574,0
Finance,33458281.0,3,1.0,0
Software,17200000.0,4,1.0485968514715949,1
Software,11800000.0,2,1.0,1
Cloud Management,9900000.0,2,2.3545516769336072,1
Biotechnology,165961509.0,7,1.675564681724846,1
Business Productivity,0.0,1,10.600958247775496,1
Analytics,1150000.0,2,1.0,0
Analytics,15500000.0,2,2.4449007529089664,1
Developer Tools,700000.0,1,1.0,1
Enterprise Software,24500000.0,2,1.0,1
Technology,0.0,1,1.0,0
Biotechnology,833600.0,1,24.194387405886378,1
Social Media,761798.0,4,0.0,1
Curated Web,100000.0,1,1.0,0
Collaboration,3581700.0,4,0.0,0
Diagnostics,47500000.0,1,1.0,1
Curated Web,25000.0,1,0.0,0
Hardware + Software,752000.0,2,0.013689253935660506,0
Application Platforms,4240250000.0,3,1.0,1
Hotels,63173.0,1,0.49828884325804246,0
Social Media,200000.0,1,0.23819301848049282,0
Apps,25000.0,1,0.0,1
Computers,10500000.0,1,1.0,1
Hardware + Software,0.0,1,1.9739904175222451,0
Services,12500.0,1,1.0,0
Internet Service Providers,11500000.0,1,1.0,0
Games,0.0,1,0.0,0
Software,7000000.0,1,11.46611909650924,1
Social Media,750000.0,1,1.4565366187542779,0
Health and Wellness,1500000.0,1,1.0,1
Social Media,25000.0,1,0.5284052019164955,0
Games,1000000.0,1,1.0,1
Broadcasting,42477641.0,2,14.105407255304586,1
Entertainment,500000.0,1,1.0,0
Curated Web,0.0,1,0.0,0
Software,60000000.0,1,10.562628336755647,1
Finance,6020000.0,1,1.0,0
Sensors,22500000.0,1,6.16290212183436,1
Analytics,15000000.0,1,1.0,1
Biotechnology,5000000.0,1,17.72210814510609,1
Application Platforms,4000000.0,1,1.0,0
Business Development,721880.0,2,0.0,1
Services,11080000.0,1,1.0,0
Software,1500000.0,1,1.7987679671457906,1
Mobile,244500000.0,9,0.8542094455852156,1
Search,300000.0,1,0.49828884325804246,1
Career Management,2330500.0,4,0.0,1
E-Commerce,800000.0,1,1.0,0
Clinical Trials,10000000.0,1,3.0171115674195756,0
Biotechnology,5456425.0,3,1.0,1
Health Care,27671780.0,4,1.0,0
Enterprise Software,12500000.0,3,0.08487337440109514,1
Public Relations,50000.0,1,0.0,0
Retail,0.0,1,0.1998631074606434,0
Biotechnology,4000000.0,1,1.0,1
Fashion,8000000.0,1,4.336755646817249,1
Design,50000.0,1,0.0,0
Email,53400191.0,6,2.830937713894593,1
Ad Targeting,10000000.0,1,1.0,0
Small and Medium Businesses,150000.0,1,0.0,0
Advertising,108000000.0,3,7.529089664613279,1
News,3000000.0,1,2.5817932922655715,1
Defense,3500000.0,1,1.0,1
Enterprise Software,35150000.0,3,0.32854209445585214,1
Clean Technology,8250000.0,4,3.6276522929500343,1
Curated Web,0.0,1,0.0,0
E-Commerce,106800000.0,5,0.9144421629021219,1
Biotechnology,132000000.0,3,1.0,1
Analytics,22500000.0,4,0.0,1
Developer APIs,38000000.0,3,1.0,1
Data Security,20000000.0,1,7.2498288843258045,1
Identity Management,50000.0,1,0.0,1
Biotechnology,53800000.0,3,21.048596851471594,1
Biotechnology,59705235.0,3,1.0,1
Curated Web,0.0,1,0.0,0
Comparison Shopping,400000.0,2,0.0,0
Android,10454545.0,3,1.998631074606434,1
Security,125000.0,1,1.0184804928131417,0
Web Hosting,267500.0,1,33.648186173853524,0
Public Relations,4510000.0,1,10.86652977412731,0
Curated Web,0.0,1,0.3066392881587953,1
Application Platforms,50000.0,1,1.0,0
Software,0.0,1,0.5393566050650239,1
Exercise,379892.0,2,0.0,0
Travel & Tourism,14000000.0,4,0.8350444900752909,1
Business Services,21500000.0,2,1.0,1
News,10000.0,1,0.0,0
Software,100000000.0,1,24.698151950718685,1
Advertising,51357500.0,4,1.0841889117043122,0
Social Media,0.0,1,0.4134154688569473,0
Search,1100000.0,3,0.019164955509924708,0
Big Data,23600000.0,1,1.0,0
Development Platforms,3800000.0,1,1.0,0
Advertising,4000000.0,2,1.0,0
Biotechnology,173500000.0,7,1.998631074606434,1
Electronics,30000000.0,1,21.43463381245722,1
Messaging,2240000.0,2,1.4127310061601643,0
Search,60000.0,1,0.024640657084188913,0
Software,2297181.0,2,2.305270362765229,0
Advertising,300000.0,1,0.4188911704312115,0
Analytics,17704186.0,3,1.0,0
Business Intelligence,13500000.0,3,2.4722792607802875,1
Games,0.0,1,7.4195756331279945,0
Health and Wellness,125000000.0,2,1.0,1
Telecommunications,47500000.0,2,1.700205338809035,1
Software,90000000.0,3,0.0,0
Biotechnology,344947203.0,3,0.0,1
Enterprise Software,147492730.0,3,11.049965776865161,1
Fashion,0.0,1,1.0,0
Semiconductors,20700000.0,4,1.4455852156057496,0
Automotive,724000.0,1,35.41409993155373,0
All Students,0.0,1,1.0,0
Consumer Goods,0.0,1,45.45653661875428,0
Enterprise Software,965000.0,2,2.6666666666666665,1
Software,6000000.0,1,0.5256673511293635,1
Technology,10000000.0,1,2.0177960301163584,1
Artists Globally,16500000.0,3,0.0,1
Collaboration,2962500.0,1,10.91854893908282,1
Classifieds,1500000.0,1,1.0,1
Software,6797785.0,3,0.8021902806297057,0
Development Platforms,1060000.0,1,1.0,0
Consumer Goods,9000000.0,1,6.0013689253935665,0
Business Intelligence,3000000.0,1,0.5859000684462696,0
Messaging,8500000.0,1,8.038329911019849,1
Software,1960000.0,1,1.0,0
Advertising,48957.0,2,0.0,0
Art,2600000.0,2,0.0,1
Software,10000000.0,1,1.0,1
Accounting,0.0,1,1.8535249828884326,0
Games,100000.0,1,1.3634496919917864,0
Semiconductors,103139678.477403,6,21.746748802190282,1
Software,34700000.0,4,0.0,1
Comics,15000000.0,1,1.0,1
Analytics,11633057.0,4,3.7344284736481863,1
Analytics,20769647.0,4,19.137577002053387,1
Biotechnology,7000000.0,1,1.0,1
Enterprise Software,999950.0,1,8.336755646817249,1
Semiconductors,15000000.0,1,1.0,1
Curated Web,2624000.0,2,1.45927446954141,0
Search,2000000.0,1,0.9144421629021219,0
Music,27132127.0,6,0.8350444900752909,1
Media,153439.0,1,3.167693360711841,1
Information Technology,3500000.0,1,3.802874743326489,0
Mobile,26000000.0,3,6.874743326488707,1
Curated Web,500000.0,2,0.0,0
Enterprises,30000000.0,2,1.0,1
E-Commerce,125000.0,1,0.0,0
Advertising,25000000.0,1,1.0,1
Health Care,11300000.0,1,4.531143052703627,1
Biotechnology,99031500.0,5,0.5147159479808351,1
Biotechnology,33200000.0,3,4.183436002737851,1
Biotechnology,20320961.3976074,2,4.5366187542778915,1
Cloud Computing,2000000.0,2,0.0,1
Diagnostics,53750000.0,2,1.0,1
Health Care,1200000.0,1,4.210814510609172,0
Biotechnology,26000000.0,4,30.45037645448323,1
Biotechnology,1341116.0,3,1.4510609171800137,1
Biotechnology,30000000.0,1,31.852156057494867,1
Biotechnology,6245999.0,4,5.234770704996578,0
Biotechnology,15400000.0,2,13.88911704312115,1
Pharmaceuticals,510142.0,1,1.0,1
Hardware + Software,5717561.0,5,9.49760438056126,1
Information Technology,0.0,1,6.770704996577686,1
Games,250000.0,2,1.0,1
Design,1950000.0,1,1.0,0
Automated Kiosk,800000.0,1,1.0,0
Biotechnology,4200000.0,3,2.329911019849418,1
Bioinformatics,0.0,1,1.0,0
Software,150000.0,1,0.1697467488021903,1
Security,9000000.0,2,0.9883641341546886,1
Security,49000000.0,3,1.4182067077344285,1
Software,10000000.0,1,4.8405201916495555,0
Enterprise Software,25000000.0,1,1.0,1
Biotechnology,22946180.0,2,14.349075975359343,1
Security,23910000.0,2,4.098562628336755,1
Finance,50000.0,3,1.158110882956879,1
Medical Devices,36834000.0,1,8.731006160164272,1
Analytics,3016969.0,7,0.0054757015742642025,1
Curated Web,0.0,1,0.0,0
Internet of Things,0.0,1,1.0,0
Mobile,5639000.0,2,2.329911019849418,1
Games,15280000.0,1,6.606433949349761,0
Cyber Security,8500000.0,1,0.0,0
Email,0.0,1,0.08487337440109514,0
Public Relations,3980000.0,2,3.2361396303901437,1
Enterprise Software,500000.0,1,0.243668720054757,0
Health and Wellness,0.0,1,13.02943189596167,1
Biotechnology,64940000.0,3,0.0,1
Biotechnology,20596287.0,3,11.742642026009582,0
Contact Centers,35265626.0,3,12.993839835728952,1
Mobile,0.0,1,0.971937029431896,0
Software,500000.0,1,0.16700889801505817,0
Development Platforms,5000000.0,1,0.5804243668720055,0
Software,7300000.0,1,2.6064339493497606,1
Curated Web,5000000.0,1,0.7474332648870636,1
Banking,13400000.0,1,149.6892539356605,1
SaaS,1600000.0,1,1.5331964407939767,1
Classifieds,20000.0,1,0.11772758384668036,0
Software,6000000.0,1,3.277207392197125,1
SaaS,6000000.0,1,3.8412046543463383,0
Business Development,5000000.0,1,1.0,0
Enterprise Software,6447280.0,3,2.2669404517453797,1
Web Hosting,0.0,1,12.509240246406572,1
Games,0.0,1,0.15605749486652978,1
Consulting,0.0,1,10.899383983572895,0
Industrial,50000.0,1,0.4134154688569473,0
Media,7100.0,2,0.0,0
Financial Services,7500000.0,1,12.402464065708418,1
Real Estate,2500000.0,2,2.6611909650924024,1
Content,0.0,1,16.10403832991102,1
Enterprise Software,0.0,1,1.002053388090349,1
Hardware + Software,5765000.0,3,1.700205338809035,0
Software,630000.0,2,0.0054757015742642025,0
Telecommunications,112000000.0,4,2.8720054757015743,1
Software,30000000.0,2,2.346338124572211,0
Clean Energy,147863878.0,11,20.999315537303218,1
Software,7500000.0,2,8.243668720054757,1
Biotechnology,181040191.0,4,3.0171115674195756,1
Curated Web,118000.0,2,0.0,1
Advertising,50349.0,1,1.0,1
Social Media,7000000.0,2,6.76249144421629,0
Security,30000000.0,1,6.313483915126626,1
Databases,5650000.0,11,1.1690622861054072,1
Software,457000.0,2,1.352498288843258,0
Facebook Applications,4200000.0,1,6.7351129363449695,1
Software,0.0,1,1.163586584531143,0
Infrastructure,41000000.0,2,4.446269678302532,1
Enterprise Software,3000000.0,1,9.182751540041068,1
Software,20659.0,1,0.0,0
Health Care,10000000.0,1,1.0,1
Software,40514852.0,5,5.475701574264202,0
Curated Web,29330000.0,4,1.5359342915811087,0
Enterprise Software,6000000.0,1,10.036960985626283,1
Finance,1000000.0,1,1.0,1
Advertising,9500000.0,3,0.8898015058179329,1
Software,200000.0,1,0.0,1
Consulting,32755000.0,4,15.90965092402464,1
Customer Service,62449384.0,2,14.020533880903491,1
Health Care,91625000.0,6,12.035592060232718,1
Software,24800000.0,1,13.522245037645447,1
Security,6760000.0,2,0.5119780971937029,0
Enterprises,6200000.0,1,1.0,1
Advertising,0.0,1,0.16700889801505817,1
Curated Web,0.0,1,0.0,0
Cloud Infrastructure,6450000.0,5,10.532511978097194,1
Biotechnology,15400000.0,1,12.49555099247091,1
Privacy,51400000.0,3,1.0,1
Software,77000.0,2,1.8699520876112252,0
Coupons,1300000.0,2,0.0,0
Technology,0.0,1,6.995208761122519,1
Biotechnology,61250000.0,3,8.112251882272416,1
Biotechnology,28155227.0,3,1.0,0
Banking,31000000.0,2,14.47501711156742,1
Cloud Computing,14400000.0,2,0.3586584531143053,1
Web Hosting,22400000.0,3,2.565366187542779,1
Software,6440000.0,1,1.4264202600958247,0
Enterprise Software,3800000.0,2,0.676249144421629,0
Enterprise Software,35856605.0,5,2.943189596167009,1
Film,500000.0,1,1.0,1
Biotechnology,134407592.0,5,1.0,1
E-Commerce,1000000.0,1,0.6954140999315537,0
Communities,118000.0,1,1.0,0
Mobile,27000000.0,4,3.572895277207392,1
Outsourcing,12960000.0,2,2.461327857631759,1
Hardware + Software,13504564.0,1,1.0,0
Biotechnology,22600031.0,7,1.0,1
Biotechnology,6500000.0,1,6.321697467488022,1
Batteries,2000000.0,1,1.0,0
Bio-Pharm,3000000.0,1,1.0,0
Biotechnology,9560000.0,1,20.79671457905544,1
Analytics,16500000.0,4,2.5817932922655715,1
Biotechnology,43000000.0,3,6.915811088295688,1
Software,4000000.0,1,1.0,0
Hardware + Software,27000000.0,1,6.017796030116359,1
Clean Technology,74341484.0,6,1.0,1
Intellectual Asset Management,1035000.0,1,1.0,1
Semiconductors,47000000.0,3,2.16290212183436,0
Health Care,18000000.0,1,6.685831622176591,1
Advertising,1790000.0,1,11.66050650239562,1
Consulting,1900000.0,1,14.140999315537304,1
Health Care,51645996.0,3,6.1300479123887746,1
Biotechnology,69900000.0,4,8.284736481861739,1
Biotechnology,108300000.0,2,31.170431211498972,0
Hardware + Software,34000000.0,2,2.414784394250513,1
Finance,81393.0,2,0.0,0
Semiconductors,45795665.0,4,0.2518822724161533,1
Internet,56000000.0,1,6.491444216290212,1
Advertising,1507400.0,1,1.0,0
E-Commerce,1250000.0,1,0.27104722792607805,0
Knowledge Management,9250000.0,1,1.568788501026694,1
Biotechnology,1160000.0,1,1.0,0
Infrastructure,3000000.0,1,1.0,0
Software,94734880.0,5,10.872005475701574,1
Analytics,2245000.0,3,1.593429158110883,1
Contact Management,0.0,1,0.0,0
Business Services,8500000.0,1,1.0,1
Web Hosting,0.0,1,25.248459958932237,1
Business Services,6500000.0,2,3.7316906228610542,1
Enterprise Search,250000.0,1,0.0,0
Health Care,0.0,1,0.0,0
Analytics,4300000.0,1,1.0,1
Biotechnology,24568730.0,2,25.5523613963039,1
Software,10250000.0,2,1.2950034223134839,1
Biotechnology,100000000.0,2,1.0,1
Health Care,13881227.0,2,1.0,1
Enterprise Software,0.0,3,1.7467488021902806,1
Health Care,6973916.0,2,1.0,0
Health Care,24983103.0,6,5.593429158110883,1
Health Care,8020000.0,1,6.2121834360027375,1
Curated Web,0.0,1,2.5708418891170433,1
Education,5100000.0,2,0.5776865160848734,0
Curated Web,25000.0,1,0.008213552361396304,0
Mobile,57500000.0,3,0.0,1
Software,1308756.0,1,1.2484599589322383,1
Software,2000000.0,1,1.0,0
Meeting Software,11499997.0,2,2.6091718001368926,1
Technology,21000000.0,1,1.0,0
Software,0.0,1,11.110198494182066,1
Software,8800000.0,1,7.3730321697467485,1
Business Services,25000.0,1,1.0,0
Advertising,0.0,1,0.2546201232032854,0
Finance,550000.0,1,0.16700889801505817,0
Consumer Electronics,1420698.0,4,0.8350444900752909,1
Colleges,79100000.0,4,1.8316221765913758,1
Biotechnology,68500000.0,3,1.6016427104722792,1
Enterprises,16150000.0,3,0.08213552361396304,1
Software,6000000.0,1,1.0650239561943875,1
Finance,10000000.0,1,14.598220396988363,0
Software,49750000.0,1,26.954140999315538,1
Design,0.0,1,7.175906913073238,1
Biotechnology,2315006.0,1,13.234770704996578,1
Apps,39617282.0,6,2.349075975359343,1
Biotechnology,5000000.0,1,13.631759069130732,1
Computers,52500000.0,4,18.65845311430527,1
Public Relations,617000000.0,1,1.0,1
Advertising,50000.0,1,0.5612594113620808,1
Dental,9500000.0,1,1.0,0
Hardware,8800000.0,1,7.909650924024641,1
Service Providers,0.0,1,6.250513347022587,0
Semiconductors,11000000.0,2,13.111567419575634,1
Manufacturing,13000000.0,1,1.0,0
Enterprise Software,36518951.0,5,3.1156741957563314,1
Health Care,22607446.0,5,11.225188227241615,1
Enterprise Software,0.0,1,1.0,0
Advertising,13250000.0,2,3.9589322381930185,1
Biotechnology,7000000.0,1,1.0,1
Biotechnology,5230298.0,2,0.0,1
Manufacturing,150000.0,1,1.0,1
Telecommunications,12000000.0,1,2.1683778234086244,1
Curated Web,31000000.0,1,12.531143052703628,1
Hardware + Software,4500000.0,2,16.744695414099933,1
Information Technology,0.0,1,4.963723477070499,1
Software,105000000.0,4,2.1601642710472277,1
Android,13017000.0,4,1.3333333333333333,1
Biotechnology,353000.0,1,3.2334017796030117,1
Clean Technology,166570000.0,6,4.531143052703627,1
Software,0.0,1,9.289527720739219,1
Biotechnology,85000000.0,3,1.0,1
Security,4000000.0,1,1.8124572210814511,1
Software,3800000.0,1,1.0,1
Biotechnology,12000000.0,1,13.122518822724162,1
Business Information Systems,0.0,1,8.399726214921287,1
Business Services,37500000.0,1,1.0,0
Business Services,100000.0,1,0.0,0
Enterprise Software,10300000.0,2,7.282683093771389,1
Colleges,23950000.0,5,0.2053388090349076,1
Semiconductors,66000000.0,3,1.0,1
Blogging Platforms,515000.0,2,0.6652977412731006,1
Geospatial,70202607.0,5,33.47022587268994,1
Computer Vision,1510072.0,1,4.0,1
Software,13621199.0,5,7.945242984257358,1
Advertising,650142.0,1,0.243668720054757,0
Messaging,1000000.0,1,21.02943189596167,1
Cloud Computing,15500000.0,2,2.0451745379876796,1
Software,12560000.0,2,7.006160164271047,1
Mobile,17500000.0,2,1.6043805612594113,1
Biotechnology,72000000.0,2,3.0006844626967832,1
Biotechnology,418400000.0,4,6.573579739904175,1
Advertising,18100000.0,1,2.9568788501026693,1
Analytics,25601579.0,6,3.9863107460643397,1
Brokers,0.0,1,14.973305954825461,1
Health Care,23000000.0,2,1.3826146475017111,1
Health and Wellness,25000000.0,4,13.500342231348391,1
Software,17500000.0,1,7.080082135523614,1
Geospatial,9300000.0,3,10.414784394250514,1
Clean Technology,9866928.0,1,3.033538672142368,0
Curated Web,14000000.0,3,1.0,1
Semiconductors,62619999.0,3,2.7186858316221767,1
Manufacturing,259371.0,1,1.0,1
Clean Technology,60000000.0,2,0.9308692676249144,0
Fitness,0.0,1,1.0,1
Games,1250000.0,1,0.0,0
Non Profit,60000000.0,1,1.2457221081451062,0
Internet,0.0,1,1.0,1
Curated Web,500000.0,1,16.27378507871321,1
Software,148600.0,1,0.0,0
Web Hosting,79000000.0,1,17.93839835728953,1
Automotive,2000000.0,1,1.0,0
Finance,7228704.0,5,1.3388090349075976,0
Software,104434998.0,3,12.594113620807667,1
Web Hosting,58000000.0,2,1.0,0
Entertainment,980000.0,1,28.205338809034906,1
Internet,25600000.0,2,1.0,1
Technology,3000000.0,1,1.0,0
Software,3890000.0,1,1.0,0
Health Care,79328131.0,3,1.0,1
Digital Media,21300000.0,2,1.0,1
Advertising,500000.0,1,0.24914442162902123,0
Web Hosting,6356500.0,1,4.739219712525667,1
Software,1220000.0,1,5.774127310061601,0
Biotechnology,37400000.0,2,6.888432580424367,1
Services,12000000.0,1,1.0,0
Health and Wellness,0.0,1,1.158110882956879,1
Health Care,7200000.0,3,1.0,1
Enterprise Software,11500000.0,1,4.851471594798084,1
Biotechnology,344000000.0,7,7.3730321697467485,1
Semiconductors,35500000.0,2,0.07392197125256673,1
iPhone,300000.0,1,0.33401779603011633,0
Curated Web,75000.0,1,0.0,0
Advertising,0.0,1,0.049281314168377825,0
Enterprise Software,20900000.0,3,4.772073921971253,1
Oil & Gas,822000.0,1,1.1416837782340863,0
Software,18100000.0,3,3.299110198494182,0
Architecture,36140000.0,2,2.6666666666666665,1
Mobile,8500000.0,2,1.0,1
Accounting,6700000.0,1,28.04928131416838,1
Software,3600000.0,1,1.0,0
E-Commerce,0.0,1,5.9986310746064335,0
Games,18560000.0,2,1.0,1
Advertising,4200000.0,1,0.4681724845995893,0
Semiconductors,6000000.0,1,3.049965776865161,1
Curated Web,483333.0,1,2.193018480492813,0
Semiconductors,38000000.0,3,0.999315537303217,1
Finance,25250000.0,4,1.404517453798768,1
Health Care,163400000.0,2,8.780287474332649,1
Finance,45000.0,1,0.0,0
Finance,340000.0,3,1.0,0
Broadcasting,15000000.0,1,1.0,0
E-Commerce,9649500.0,2,5.9986310746064335,0
App Stores,300000.0,1,0.12594113620807665,0
Public Relations,200000.0,1,6.6036960985626285,0
Dietary Supplements,55000.0,1,3.383983572895277,0
Biotechnology,15000000.0,1,1.0,1
Web Hosting,5000000.0,1,11.082819986310746,1
Design,0.0,1,1.7138945927446954,0
Games,37500.0,2,3.7481177275838466,0
Biotechnology,195502111.0,5,0.0,1
Advertising,5000000.0,3,0.8295687885010267,1
Biotechnology,13000000.0,1,1.0,0
Health and Wellness,13098401.0,2,19.000684462696782,1
Facebook Applications,12645126.0,6,0.0,0
Software,155000.0,1,0.8733744010951403,0
Health Care,96200000.0,5,6.496919917864476,1
Software,7750000.0,1,1.0,1
Biotechnology,35000000.0,1,14.529774127310061,1
Hardware + Software,5000000.0,1,1.0,1
Biotechnology,54000000.0,1,6.0041067761806985,1
Biotechnology,59864364.0,2,1.0,1
Health Care,15900000.0,1,2.54072553045859,1
Software,30000.0,1,0.8706365503080082,0
Internet of Things,700000.0,1,0.5420944558521561,0
Banking,0.0,1,2.7624914442162902,1
Enterprise Software,10000000.0,2,8.952772073921972,1
Entertainment,500000.0,1,0.10403832991101986,0
Hardware + Software,2500000.0,1,6.494182067077344,1
Biotechnology,74170000.0,4,2.516084873374401,1
Security,15400000.0,1,4.4490075290896645,1
E-Commerce,180000.0,1,0.0,0
Data Centers,40000000.0,1,1.0,0
Computers,14000000.0,1,1.0,0
Collaboration,4258500.0,1,5.026694045174538,0
Biotechnology,2517000.0,2,1.7932922655715264,0
Software,1190000.0,2,4.42984257357974,1
Semiconductors,10380000.0,1,4.468172484599589,1
Mobile,1651520.0,1,1.0,1
Mobile,31580000.0,3,7.047227926078029,1
Augmented Reality,3800000.0,1,4.0657084188911705,1
Services,500000.0,1,1.4127310061601643,0
Nonprofits,7700000.0,4,0.16700889801505817,0
Biotechnology,1000000.0,1,1.0,1
Location Based Services,157260.0,1,0.0,0
Electronics,2204719.20145071,1,1.0,0
Business Services,81438.0,2,0.4134154688569473,0
Security,3280000.0,2,1.0,0
Analytics,0.0,1,0.4544832306639288,1
Security,61500000.0,2,2.4804928131416837,1
Health Care,459000000.0,8,0.999315537303217,1
Biotechnology,5700000.0,1,1.0,0
Software,9100000.0,1,1.0,0
Biotechnology,22000000.0,2,1.0,0
Electronic Health Records,9533642.38410596,2,14.22861054072553,0
Software,6000000.0,1,1.0,1
Mobile,117059.0,1,2.5845311430527036,0
Digital Signage,25000.0,1,0.0,0
Finance Technology,11233343.1792719,3,0.0,1
Web Hosting,43400000.0,4,0.28199863107460643,1
E-Commerce,400000.0,1,9.412731006160165,1
Biotechnology,6999006.0,2,1.0,0
Biotechnology,212250000.0,2,23.652292950034223,1
Hardware + Software,1000000.0,1,1.0,0
Mobile,32200000.0,3,1.6043805612594113,1
Analytics,20500000.0,4,12.172484599589323,1
Advertising,15104119.0,4,0.07118412046543464,1
Technology,46500000.0,4,2.9979466119096507,1
Curated Web,97950.0,1,1.0,0
Online Rental,200000.0,1,0.27652292950034224,0
Apps,0.0,1,0.8542094455852156,0
Computers,10000000.0,1,0.785763175906913,1
Curated Web,2300000.0,1,1.0,1
Facebook Applications,2396740.0,1,1.7467488021902806,1
Games,15000000.0,3,11.38945927446954,1
Beauty,0.0,1,4.224503764544832,1
Business Analytics,30442772.0,4,1.0,1
Market Research,995928.0,2,0.0,0
Enterprise Software,500000.0,2,0.0,0
Software,3200000.0,1,1.0,0
Travel,100000000.0,1,10.061601642710473,1
Software,5533127.0,1,1.0,0
Curated Web,1340000.0,2,1.0,0
Information Technology,2500000.0,1,1.0,0
Financial Services,54000000.0,1,1.0,0
Public Relations,5450000.0,1,1.0,1
Software,0.0,1,0.0,0
Health and Wellness,450000.0,1,1.0,0
Software,10964643.0,3,2.6666666666666665,1
Manufacturing,15152514.0,2,1.0,1
Software,19000000.0,3,2.847364818617385,1
News,0.0,1,1.1416837782340863,0
Networking,205000.0,1,1.3963039014373717,0
Web Hosting,17840000.0,2,1.0,1
Enterprise Software,20000.0,1,0.4188911704312115,0
Ediscovery,100000.0,1,0.6707734428473648,0
Finance,1298773.0,2,0.0,1
Consulting,4000000.0,1,0.7419575633127995,0
Software,46000000.0,1,1.0,0
Information Technology,21000000.0,1,1.0,1
Analytics,18600000.0,2,0.6570841889117043,1
Biotechnology,4064891.0,2,1.0,1
Security,21000000.0,1,6.017796030116359,0
Advertising,9700000.0,3,0.1971252566735113,1
Music,3300000.0,1,1.0,1
Restaurants,20000.0,1,2.2477754962354553,0
News,0.0,1,6.099931553730322,1
Financial Services,15000000.0,1,1.0,0
Hardware,49000000.0,7,1.0,1
Computers,7400000.0,4,0.7474332648870636,1
Manufacturing,41200000.0,5,1.7385352498288844,1
Data Centers,33521971.0,6,9.73305954825462,1
Browser Extensions,0.0,1,0.0,0
Advertising,4100000.0,1,2.0944558521560577,1
Software,11200000.0,2,0.0,1
Photography,175000.0,2,2.817248459958932,0
Hardware + Software,15000000.0,2,2.784394250513347,1
Web Hosting,100000000.0,1,18.168377823408623,1
Hotels,0.0,2,1.6646132785763177,1
Hardware + Software,5000000.0,1,1.919233401779603,0
Advertising,34900000.0,4,0.25735797399041754,1
Health Care,1313111.0,1,1.0,1
Biotechnology,20000000.0,1,2.2833675564681726,1
Consumer Goods,6350000.0,1,3.049965776865161,0
Biotechnology,9580181.0,1,7.540041067761807,0
Beauty,27500000.0,1,2.0971937029431897,1
Software,13700000.0,2,4.4517453798767965,0
Hospitality,800000000.0,1,63.22518822724162,1
Restaurants,0.0,1,1.0,0
Enterprises,25999968.0,5,4.024640657084189,1
Advertising,9000000.0,3,0.2518822724161533,1
Mobile,12000000.0,4,0.49555099247091033,1
Curated Web,16700000.0,1,0.08487337440109514,0
Coupons,38000.0,1,1.0,0
Communications Infrastructure,0.0,1,1.0,1
Mobile,0.0,1,1.0,0
Mobile,3628372.0,1,2.9596167008898013,1
Health and Wellness,4412500.0,4,0.6844626967830253,1
Audio,33000000.0,4,1.160848733744011,1
E-Commerce,75000000.0,1,19.24435318275154,0
E-Commerce,6000000.0,2,2.001368925393566,1
Enterprise Software,4500000.0,2,3.077344284736482,1
Curated Web,19000000.0,3,0.999315537303217,1
Communities,0.0,1,0.0,0
Games,2000000.0,2,1.0,1
Hardware + Software,13630000.0,3,4.380561259411362,1
Analytics,43500000.0,4,4.544832306639288,1
Enterprises,50000.0,1,9.74674880219028,0
Semiconductors,15263250.0,3,3.189596167008898,1
Mobile,22500000.0,4,1.2046543463381245,1
B2B,0.0,1,11.000684462696784,1
Consumer Electronics,2000000.0,1,0.999315537303217,1
Biotechnology,376999998.0,3,1.2265571526351813,1
Semiconductors,2030000.0,2,1.0,1
Messaging,8000000.0,1,1.0,0
Developer Tools,10000000.0,1,11.134839151266256,1
Consumer Goods,446000000.0,5,3.6139630390143735,1
Health Care,62000000.0,1,1.0,1
Brand Marketing,21350000.0,6,6.576317590691307,1
Advertising,6600000.0,1,1.0,0
Social Media,5000000.0,1,0.8323066392881588,1
Nanotechnology,907900.0,2,0.7802874743326489,0
Mobile,29000000.0,1,4.468172484599589,0
Bio-Pharm,58131358.8640056,2,10.433949349760438,1
Application Platforms,6800000.0,1,1.0,0
Online Travel,3788905.0,3,0.008213552361396304,0
Travel,2400000.0,1,1.0,1
Finance,10000000.0,1,2.7761806981519506,1
Semiconductors,82000000.0,1,1.0,1
Apps,0.0,1,2.31895961670089,1
Chat,9100000.0,2,0.999315537303217,1
Contact Management,17950000.0,3,0.08487337440109514,1
Advertising,0.0,2,2.2532511978097194,1
E-Commerce,0.0,2,0.0,0
E-Commerce,500000.0,1,0.0,0
Advertising,88651133.0,7,0.08213552361396304,1
Android,733615.0,2,0.0,0
Clean Technology,260000000.0,2,2.7816563997262147,0
Real Estate,60000000.0,1,1.0,0
Social Media,69426794.0,5,6.477754962354552,1
Real Estate,16795568.9707963,2,0.0,0
Apps,7750000.0,1,1.0,1
Portals,10000.0,1,0.0,0
Search,5000000.0,1,1.9931553730321698,1
Curated Web,42000000.0,4,1.0841889117043122,1
Software,28762500.0,3,1.0,1
Employment,1535000.0,3,0.49555099247091033,0
Construction,35000.0,1,0.0,0
Curated Web,5550000.0,2,0.999315537303217,1
Employment,30000.0,1,0.0,0
Software,1710000.0,2,0.3258042436687201,1
Search,52500000.0,4,1.002053388090349,1
Consulting,0.0,1,1.0,0
Career Management,200000.0,1,0.06023271731690623,0
All Students,30000.0,2,0.0,0
Curated Web,1200000.0,1,2.31895961670089,0
Social + Mobile + Local,0.0,1,0.0,0
Music,950000.0,2,0.16153319644079397,0
Games,0.0,1,2.1656399726214923,0
Curated Web,900000.0,1,0.2683093771389459,0
Beauty,1428500.0,1,1.0,1
Manufacturing,35000000.0,1,10.847364818617386,0
Startups,80000.0,1,0.7145790554414785,1
Curated Web,0.0,1,1.0,0
Browser Extensions,100000.0,1,1.8206707734428473,0
Games,45000000.0,1,0.6023271731690623,1
Software,0.0,1,1.0,0
Hardware + Software,11000000.0,1,25.790554414784395,1
Media,500000.0,1,2.0643394934976045,0
Software,5200000.0,1,1.0,1
Messaging,6400000.0,2,0.6954140999315537,1
Social Media,9500.0,1,0.0,0
File Sharing,50000.0,1,0.0,0
Enterprise Software,18700000.0,2,1.2457221081451062,1
Enterprise Software,600000.0,1,0.487337440109514,0
E-Commerce,0.0,1,1.0,1
Travel & Tourism,25000.0,1,1.0,0
Curated Web,600000.0,1,0.0,0
Consumer Electronics,3000000.0,1,1.0,0
Automotive,1000000.0,1,0.9883641341546886,0
Curated Web,9940.0,1,0.038329911019849415,0
Internet of Things,0.0,1,1.5003422313483916,0
Legal,40000.0,1,1.0,0
Curated Web,6000000.0,1,1.4154688569472964,0
Service Providers,89881830.0,3,1.0,0
Finance,1000000.0,1,1.0,0
E-Commerce,10000000.0,3,1.0,1
Charity,3500000.0,2,0.7474332648870636,0
E-Commerce,5000000.0,1,1.0,1
Big Data Analytics,22000000.0,1,1.3059548254620124,1
Advertising,121500000.0,7,0.16153319644079397,1
Apps,100000.0,1,0.6132785763175906,0
Analytics,2250000.0,2,3.9370294318959616,1
Technology,3449997.0,1,3.3210130047912387,0
Distribution,5500000.0,1,5.686516084873374,1
Communications Hardware,120607339.0,2,16.889801505817932,1
Assisitive Technology,30000.0,1,0.0,0
Biotechnology,1159803496.0,4,0.919917864476386,1
Analytics,300000.0,1,2.2258726899383983,0
B2B,50000.0,1,0.12046543463381246,0
Clean Technology,0.0,1,1.0,0
Location Based Services,210000.0,1,0.35592060232717315,0
Local Search,67000000.0,2,13.557837097878165,0
Discounts,88988375.8410255,4,8.531143052703628,1
Hotels,0.0,2,0.16700889801505817,1
E-Commerce,0.0,1,1.0,1
Machine Learning,14800000.0,1,108.13689253935661,1
Search,765000.0,2,0.0,1
Fashion,0.0,1,1.0,0
Privacy,100000.0,1,0.010951403148528405,0
Curated Web,250250.0,1,0.14236824093086928,1
Education,20000000.0,1,4.005475701574264,1
Customer Service,0.0,1,0.0,1
Finance,7500000.0,1,1.0,0
Health Care,40000000.0,1,1.0,1
E-Commerce,5000000.0,3,0.0,1
Software,11000000.0,3,2.5626283367556466,1
Mobile Devices,2600000.0,1,1.0,0
Consumers,0.0,1,1.0,0
Audio,9500000.0,2,1.0,0
Services,7500000.0,1,1.0,1
News,8000.0,1,0.0054757015742642025,0
Biotechnology,52000000.0,2,1.0,1
Software,3200000.0,1,8.309377138945928,0
Internet,1000000.0,1,0.0,0
Consumer Lending,34000000.0,1,4.744695414099931,0
Advertising,20000.0,1,1.0,0
Analytics,1300000.0,1,2.8062970568104038,1
Kids,175000.0,1,1.0,0
Biotechnology,73000000.0,5,2.4750171115674195,1
Software,0.0,2,0.4353182751540041,0
Enterprise Software,20000000.0,1,1.0,1
Reviews and Recommendations,3950000.0,1,1.0,0
Information Technology,30000000.0,1,1.0,1
Software,326000000.0,5,0.999315537303217,1
Games,0.0,1,0.0,1
Lifestyle,3436500.0,5,0.0,1
Software,199000.0,1,0.999315537303217,0
Big Data,19743770.0,3,0.08487337440109514,1
Collaboration,0.0,1,0.33127994524298426,0
Photography,2000000.0,1,1.0,1
Health Care,18916000.0,3,0.999315537303217,0
Apps,250000000.0,1,1.0,0
Mobile,2304999.0,3,0.0,1
Analytics,15999999.0,4,0.2245037645448323,1
Online Gaming,1204795.0,3,0.10677618069815195,0
Biotechnology,248700000.0,7,1.0,1
Software,26000000.0,2,1.0,1
E-Commerce,9000000.0,2,0.15879534565366188,0
Architecture,645000.0,1,1.0,0
Coupons,0.0,1,1.7494866529774127,0
Entertainment,10000000.0,1,8.073921971252567,0
Networking,5000000.0,1,0.0,1
Local,0.0,2,0.0,1
Real Time,16800000.0,2,1.0,1
Search,235024070.0,6,0.0,1
Mobile,7575000.0,3,1.160848733744011,0
Software,48000000.0,3,2.2012320328542097,1
Curated Web,15000.0,1,1.0,0
Information Technology,1500000.0,1,0.0,0
Consumer Electronics,10000000.0,1,1.0,0
Public Relations,0.0,1,1.0,0
Curated Web,0.0,1,1.0,0
Curated Web,255000.0,1,1.4948665297741273,0
Advertising,180000.0,1,2.138261464750171,0
Curated Web,20000.0,1,0.32854209445585214,1
Home Automation,160000.0,1,1.88911704312115,0
Application Platforms,30000.0,1,1.0,0
Content,5000000.0,1,0.6625598904859685,1
Hardware + Software,500000.0,1,1.0,0
Business Services,277120.0,1,0.0,0
E-Commerce,3000000.0,1,0.0,1
Biotechnology,75103391.0,5,3.652292950034223,1
Technology,12076011.0,1,1.0,0
Accounting,400000.0,1,0.4134154688569473,1
Enterprises,50000.0,1,0.5831622176591376,0
Analytics,24000000.0,2,20.484599589322382,1
Games,19400000.0,3,3.247091033538672,1
Architecture,12500000.0,1,1.6043805612594113,0
Mobile,1750000.0,2,1.1991786447638604,1
Software,25000.0,1,1.0,0
Apps,100000.0,1,0.999315537303217,0
Biotechnology,10869100.0,1,1.0,0
E-Commerce,1740000.0,1,0.05201916495550993,1
Developer Tools,0.0,1,0.16153319644079397,0
Hardware + Software,1100.0,1,3.893223819301848,0
Security,28340149.0,3,1.3415468856947297,1
Software,786000.0,1,1.0,0
Music,120000.0,2,0.8843258042436687,1
Shipping,59926327.2861577,3,1.7686516084873374,1
Clean Technology,1100000.0,1,1.0,0
Software,2500000.0,1,0.0,0
Content,39007789.0,3,2.2505133470225873,1
Analytics,20000000.0,2,0.0,0
Games,0.0,1,0.0,0
Collaboration,100000.0,1,1.0,0
Curated Web,0.0,1,0.16700889801505817,0
Enterprise Software,14020000.0,2,1.0,1
Cloud Computing,5550000.0,2,1.0924024640657084,1
E-Commerce,3000000.0,1,2.1574264202600957,0
Curated Web,18400000.0,6,0.6652977412731006,1
SaaS,1800000.0,1,6.247775496235455,1
Android,20000000.0,1,2.8227241615331966,0
E-Commerce,745000.0,4,1.3552361396303902,0
Curated Web,50000.0,1,1.0,1
Semiconductors,514396.0,2,1.0,1
Mobile,770000.0,1,0.5804243668720055,1
Investment Management,300000.0,1,0.01642710472279261,0
Biotechnology,0.0,1,1.0,1
E-Commerce,179999.0,1,1.6673511293634498,1
Education,150000.0,1,7.485284052019165,0
Application Platforms,250000.0,1,1.0,0
Web Hosting,0.0,2,0.8542094455852156,1
Biotechnology,6309755.0,2,0.8843258042436687,1
Fitness,20000.0,1,1.0,0
Guides,19311.0,1,1.0,0
Analytics,2999000.0,1,1.0,0
Mobile,114449379.0,12,0.36960985626283366,1
Android,43000000.0,1,2.086242299794661,1
Enterprises,181850000.0,4,4.728268309377139,1
Software,500000.0,1,0.8186173853524983,1
Curated Web,0.0,2,1.0,1
Software,50000000.0,1,15.898699520876113,1
Curated Web,995625.0,1,0.6516084873374401,0
Hardware + Software,54781.0,1,1.0,0
Apps,7055.0,1,0.10951403148528405,0
Information Technology,0.0,1,1.0,1
Algorithms,900000.0,1,13.998631074606434,0
Internet,4480000.0,1,1.0,1
Internet,25000000.0,2,1.0,0
Clean Technology,299320000.0,5,0.8870636550308009,1
Archiving,0.0,1,0.08487337440109514,1
Health Care,4000000.0,3,1.0,1
Advertising,7300000.0,3,0.5037645448323066,1
Colleges,225000.0,2,1.0,0
E-Commerce,0.0,1,1.0,1
Mobile,770000.0,2,0.07665982203969883,0
Online Dating,50000.0,1,0.29021218343600275,1
Publishing,0.0,1,1.0,0
Games,20000000.0,2,0.29568788501026694,1
Curated Web,17000000.0,2,9.806981519507186,1
Games,0.0,1,0.0,0
Education,0.0,1,0.487337440109514,0
Biotechnology,85250000.0,4,2.1820670773442847,1
Analytics,200000.0,1,6.261464750171116,1
Analytics,500000.0,1,1.002053388090349,0
Analytics,750000.0,2,1.5824777549623545,1
Hardware,11600000.0,2,0.0,1
Application Platforms,1022228.0,2,1.002053388090349,0
Credit,1500000.0,2,1.1991786447638604,1
Advertising,1000000.0,2,0.0027378507871321013,1
Content,150000.0,1,0.0,0
Hardware + Software,58000000.0,2,1.0,1
E-Commerce,80000.0,1,1.0,0
Internet,1200000.0,1,1.998631074606434,0
Software,0.0,1,1.0,1
Construction,1000000.0,1,1.2457221081451062,0
Mobile,0.0,1,1.0266940451745379,0
Software,8700000.0,1,5.420944558521561,0
Auctions,30000.0,1,0.0,0
Analytics,40000000.0,10,0.9144421629021219,1
Collaboration,1000000.0,1,0.0,1
Software,482000.0,2,4.936344969199179,1
Curated Web,4600000.0,2,0.2683093771389459,0
Games,0.0,1,0.3586584531143053,0
Clean Technology,12000000.0,1,1.0,1
Biotechnology,180000000.0,1,1.0,1
Software,94885095.0,7,0.0,1
Delivery,3000000.0,1,0.9144421629021219,0
Content,4500000.0,2,0.0,0
Curated Web,970000.0,2,0.6707734428473648,0
Biotechnology,28800000.0,4,3.3347022587268995,1
App Marketing,500000.0,1,3.1101984941820673,1
Customer Service,0.0,1,1.0,1
Enterprise Software,7710995.0,3,1.8590006844626967,1
E-Commerce,2400000.0,1,5.541409993155373,1
Curated Web,20000000.0,2,3.8494182067077345,0
B2B,488605.0,2,1.2484599589322383,0
Big Data Analytics,650000.0,2,0.0,0
Lighting,14500000.0,1,1.0,0
Archiving,20000.0,1,2.1601642710472277,0
E-Commerce,410000.0,1,1.0485968514715949,0
Engineering Firms,1800000.0,1,1.108829568788501,1
E-Commerce,78812455.0,3,0.0,1
Cooking,0.0,3,0.0,1
Curated Web,4500000.0,2,1.5824777549623545,0
Games,0.0,1,1.0,0
Software,11461000.0,7,23.0362765229295,1
Social Media,3000000.0,1,0.2546201232032854,0
Gamification,500000.0,1,0.0,0
Semiconductors,7000000.0,1,4.010951403148528,0
Oil & Gas,0.0,1,1.0,0
E-Commerce,1450000.0,2,0.06023271731690623,0
Clean Technology,106800000.0,4,3.477070499657769,0
Software,2000000.0,1,7.509924709103354,1
Games,19000000.0,4,1.160848733744011,1
Games,6800000.0,1,6.959616700889802,1
Hardware + Software,0.0,1,1.0,1
Advertising,36140000.0,5,3.4962354551676933,1
Android,2920000.0,1,3.8165639972621492,1
Retail Technology,200000.0,1,0.7720739219712526,0
Biotechnology,3000000.0,1,11.545516769336071,1
Mobile Advertising,0.0,1,0.4517453798767967,1
Curated Web,55237600.0,5,0.8323066392881588,1
Energy,300000000.0,1,1.1143052703627652,1
Clean Technology,38690547.0,4,0.49555099247091033,1
Credit Cards,1600000.0,1,2.2477754962354553,0
Semiconductors,76500100.0,6,4.856947296372348,1
Consulting,5000000.0,1,1.0,1
Biotechnology,5700000.0,2,1.0,1
Marketplaces,609932.414304433,2,0.0,0
Apps,15000.0,1,0.0,0
Curated Web,9650000.0,2,0.12046543463381246,1
Search,6100000.0,1,0.4106776180698152,1
Enterprise Software,34965544.0,4,10.056125941136209,1
Photography,40000000.0,3,1.0,1
Public Transportation,950000000.0,3,1.1663244353182751,1
Finance,1340300.0,2,0.4188911704312115,0
Games,2267442.0,2,1.6427104722792607,1
Career Planning,400000.0,1,1.3278576317590691,1
Curated Web,25000.0,1,5.560574948665297,1
Marketplaces,0.0,1,0.0,0
Coupons,867000.0,6,0.0,0
Advertising,167600.0,3,0.0,0
Advertising,300000.0,1,1.0157426420260096,1
iPhone,275000.0,1,10.899383983572895,0
Biotechnology,265100006.0,4,1.0,1
Email,13000000.0,1,2.811772758384668,1
Finance,1000000.0,1,0.0,0
Curated Web,0.0,1,0.0,0
Mobile,25000.0,1,1.163586584531143,0
Content,2000000.0,2,1.2046543463381245,0
Analytics,8000000.0,2,6.759753593429158,1
Software,11750000.0,1,1.0,0
Biotechnology,2057896.0,2,1.0,0
Health Care,10000000.0,1,5.765913757700205,1
Software,3000000.0,1,6.006844626967831,0
Advertising,9100000.0,1,1.0,0
Games,23350000.0,5,0.4517453798767967,1
Biotechnology,98400000.0,4,0.12594113620807665,1
Biotechnology,22939713.0,2,1.0,1
Delivery,14284977.0,4,1.2402464065708418,1
Curated Web,500000.0,1,0.8350444900752909,0
Medical,155000.0,1,1.0,0
Curated Web,1000000.0,1,2.2532511978097194,1
Biotechnology,45588234.0,2,1.0,1
Hardware + Software,23258823.0,8,0.0,1
Utilities,625000000.0,1,157.60711841204653,1
Software,8000000.0,1,2.7871321013004793,1
Hospitality,14820030.0,2,1.0,1
Enterprise Software,11210000.0,1,12.413415468856947,1
3D,8341441.0,3,1.212867898699521,1
Software,5063236.0,1,5.0130047912388775,0
Music,44150000.0,4,1.0,1
Enterprise Software,1238066.0,3,0.4243668720054757,0
Android,11308.0,1,0.5037645448323066,0
Security,24600000.0,4,2.272416153319644,1
Automotive,2500000.0,1,0.9609856262833676,0
Advertising,260000.0,2,1.322381930184805,0
Clean Technology,265000000.0,2,113.84531143052703,1
Information Technology,12000000.0,2,1.0,1
Consumer Goods,110000.0,2,0.09034907597535935,0
Education,18000.0,1,0.6926762491444216,0
Curated Web,10000.0,1,0.0,0
Software,4000000.0,1,2.7652292950034223,1
Biotechnology,11121112.0,2,1.0,1
Hardware + Software,4500000.0,1,23.33196440793977,1
Biotechnology,16556606.0,4,6.5598904859685145,1
Curated Web,1400000.0,1,1.0,1
Clean Technology,40000000.0,1,1.0,0
Design,700000.0,2,0.0,1
Manufacturing,26615501.0,8,1.9164955509924708,0
Software,4000000.0,1,1.0,1
Services,1800000.0,1,1.0,0
Social Media,75000.0,1,0.0,0
Photography,1250000.0,1,0.0,1
Music,5000000.0,1,4.328542094455853,1
Internet,28000000.0,1,1.0,0
News,617646.0,1,1.0,1
Internet,400000.0,1,1.6837782340862424,0
Android,49890000.0,10,1.8836413415468858,1
Advertising,3800000.0,2,0.8295687885010267,0
Automotive,0.0,1,0.3586584531143053,1
Education,1100000.0,1,5.924709103353867,1
Construction,1500000.0,3,8.251882272416154,1
Advertising,960000.0,2,0.0,1
News,70000.0,2,0.03559206023271732,1
Apps,1117000.0,4,1.0951403148528405,1
Enterprise Software,800000.0,1,0.7775496235455168,1
Consulting,25000.0,1,0.8432580424366872,0
Biotechnology,20000000.0,1,1.0,0
Data Security,80000000.0,2,1.0,0
Big Data Analytics,10000000.0,1,0.7994524298425736,1
Finance,0.0,1,0.39698836413415467,1
Employment,1600000.0,2,1.9520876112251881,1
Cloud Computing,2100000.0,3,0.0,0
Advice,5000.0,1,0.0,0
Browser Extensions,17074000.0,2,0.5420944558521561,1
Cloud Security,19900000.0,2,3.8165639972621492,1
Cloud Computing,200000.0,1,0.5913757700205339,1
Web Hosting,51829000.0,3,4.191649555099247,1
Apps,905693.0,3,0.3066392881587953,0
Health Care,5000000.0,1,1.0,1
Biotechnology,100000.0,1,4.583162217659138,0
Manufacturing,80000000.0,1,1.0,1
Content,0.0,1,0.04380561259411362,0
Health and Wellness,34722866.0,2,3.698836413415469,1
Biotechnology,20000000.0,2,1.0,0
Business Services,0.0,1,0.0,0
Lead Generation,100000.0,1,1.0,0
Auto,0.0,1,1.5824777549623545,1
Finance,0.0,1,0.0,0
Software,530000.0,1,0.9500342231348392,0
Mobile,25000.0,1,0.0,0
3D,0.0,1,1.0,0
Mobile,0.0,1,1.0,0
EdTech,2000000.0,1,13.00479123887748,1
Application Platforms,0.0,1,0.08487337440109514,0
Education,610547.0,3,1.2511978097193703,1
Finance,72130000.0,5,2.3353867214236823,1
Software,1338750.0,11,1.0,0
Biotechnology,20288126.0,2,1.0,0
Delivery,16500000.0,1,1.0,0
Internet,1475482.0,1,1.0,0
Curated Web,7850000.0,3,0.9226557152635181,1
Software,63500000.0,4,1.0,1
Analytics,500000.0,2,0.16700889801505817,1
Software,86120.0,1,0.013689253935660506,0
Intellectual Property,0.0,2,0.0,0
Legal,25000.0,1,3.162217659137577,0
Business Intelligence,20275.0,1,3.0006844626967832,0
Messaging,4000000.0,2,2.1601642710472277,0
Advertising,6550000.0,4,0.9144421629021219,1
Wireless,14000000.0,2,0.785763175906913,1
Real Estate,17100000.0,2,1.730321697467488,1
Maps,5900000.0,3,0.4188911704312115,0
Health Care Information Technology,0.0,1,0.0,1
Development Platforms,13595.0,1,0.0,0
E-Commerce,4000000.0,2,0.9691991786447639,1
Mobile,8000000.0,1,0.9226557152635181,1
E-Commerce,45000.0,1,0.6844626967830253,0
Entertainment,2550000.0,1,1.730321697467488,0
Credit,392230000.0,13,0.32854209445585214,1
Financial Services,1400000.0,1,1.0,0
Consumer Lending,13545242.0,2,0.16700889801505817,0
Big Data,400000.0,1,0.30116358658453113,1
Hospitals,25000.0,1,0.32854209445585214,0
Real Estate,30000000.0,1,60.002737850787135,1
Hardware,350000000.0,2,0.0,1
Health Care,169521818.0,11,5.500342231348392,1
Health Care,22360000.0,1,1.0,1
Apps,1500000.0,1,0.08213552361396304,1
Manufacturing,28680536.0,2,3.299110198494182,0
Hardware + Software,0.0,1,0.4134154688569473,0
Travel,6100000.0,2,1.0,0
Education,0.0,2,3.323750855578371,1
Semiconductors,7180000.0,1,5.106091718001369,1
Hospitality,0.0,1,0.019164955509924708,1
Consumers,175000.0,1,1.3305954825462012,0
Consumer Electronics,6000000.0,1,2.0451745379876796,1
E-Commerce,52110.0,1,0.5968514715947981,0
Curated Web,100000.0,1,0.06844626967830253,0
Curated Web,3100000.0,2,0.7912388774811773,1
Entertainment,105400000.0,3,3.7481177275838466,1
Biotechnology,41000000.0,2,3.808350444900753,1
Software,8000000.0,1,9.724845995893224,0
Software,5000000.0,1,1.3004791238877482,1
Content Delivery,13700000.0,1,25.163586584531142,1
Semiconductors,30000000.0,1,3.46611909650924,1
Software,4580000.0,2,10.532511978097194,1
Enterprise Software,6000000.0,1,2.0369609856262834,1
Information Services,5563137.0,1,1.0,0
Legal,10023448.0,4,2.086242299794661,1
Hardware + Software,60000000.0,1,9.240246406570842,1
Software,1090000.0,1,1.0,0
EdTech,2000000.0,1,19.362080766598222,1
Biotechnology,244702780.0,4,15.200547570157427,1
Enterprise Software,5700000.0,2,0.08487337440109514,1
Audio,1708000.0,2,3.186858316221766,0
Mobile,1892250.0,1,1.1690622861054072,0
Public Relations,32300000.0,2,5.779603011635865,1
Health and Wellness,7000000.0,1,104.18891170431212,1
Health and Wellness,339959044.0,2,1.0,1
Web Hosting,422921270.0,1,10.234086242299794,1
Curated Web,2000000.0,2,0.02190280629705681,0
Cloud Computing,15050000.0,3,0.0,1
Digital Media,31100000.0,4,1.0,1
Computers,145000.0,1,1.0,0
E-Commerce,1500000.0,2,0.0,0
Hospitality,0.0,2,0.0,1
Photo Sharing,1000000.0,1,1.0,1
Curated Web,1400000.0,2,0.5639972621492129,1
Software,7800000.0,2,1.0,0
Curated Web,500000.0,1,2.001368925393566,0
Enterprise Software,250000.0,1,30.715947980835043,1
Security,177850000.0,5,1.2895277207392197,1
Health Care,15000000.0,1,1.0,1
Mobile,2764700.0,2,1.1690622861054072,1
Security,19000000.0,2,6.455852156057495,1
Software,42500000.0,2,2.965092402464066,1
Consumer Electronics,9400000.0,1,4.725530458590007,0
Curated Web,31000.0,1,0.08487337440109514,0
Fitness,8000000.0,1,1.0,0
Manufacturing,7634143.0,3,6.286105407255304,1
Advertising,1000000.0,2,1.4182067077344285,1
Cloud Computing,7300000.0,4,3.162217659137577,0
Biotechnology,225000000.0,1,27.616700889801507,1
Android,1200000.0,1,0.2518822724161533,1
Health and Wellness,3100000.0,1,1.0,0
Web Hosting,0.0,2,0.13963039014373715,1
Internet,5000000.0,1,1.0,0
Clean Technology,311641726.0,8,6.3408624229979464,1
Consumers,35000000.0,2,0.0,1
Curated Web,5000000.0,2,1.0,1
Mobile,2100000.0,2,1.0,0
Software,195000.0,1,1.1827515400410678,1
Design,57500000.0,2,1.0,0
Hardware + Software,26590000.0,6,18.494182067077343,1
Enterprise Software,18000000.0,1,1.0,1
Clean Technology,12500000.0,1,8.616016427104723,0
Biotechnology,43562640.0,4,11.616700889801505,1
Content,70052.0,1,1.4483230663928817,0
Advertising,28300000.0,6,0.5859000684462696,1
Photography,47300000.0,3,18.951403148528406,1
Game,0.0,1,1.0,0
Chat,0.0,2,0.2518822724161533,0
Advertising Networks,5000000.0,1,1.9548254620123204,0
Identity Management,10000000.0,1,4.492813141683778,1
Consumer Goods,20000.0,1,0.6680355920602327,0
Search,3900000.0,1,2.8993839835728954,1
Fashion,1200000.0,1,0.48186173853524983,0
Clean Technology,10000000.0,1,1.0,1
Advertising,20900000.0,5,1.1663244353182751,1
Biotechnology,42119415.0,5,4.4435318275154,0
Babies,40968.0,1,2.6009582477754964,0
Online Rental,1000000.0,1,1.0,0
Games,4500000.0,1,1.0,1
Marketplaces,50511.0,1,1.0,0
Photography,4000000.0,1,2.1656399726214923,0
Health Care,50000.0,1,0.0,0
Games,115000000.0,3,0.16700889801505817,1
Software,6352877.0,3,2.8008213552361396,0
Education,0.0,2,0.47638603696098564,0
Technology,0.0,1,1.0,0
Software,0.0,1,0.0,1
Biotechnology,2000000.0,1,1.9904175222450375,0
Enterprise Software,4670000.0,3,0.8487337440109514,1
Semiconductors,69218498.0,4,4.271047227926078,1
Health Care,64800003.0,3,3.7426420260095825,0
Advertising,133150.0,1,0.0,0
Networking,103200000.0,5,0.4928131416837782,1
Enterprises,2000000.0,1,0.09034907597535935,0
Curated Web,500000.0,1,1.0,0
Advertising,9700000.0,3,0.06297056810403832,1
Media,0.0,1,2.2477754962354553,1
Education,0.0,1,0.8980150581793293,0
Cloud Data Services,140000.0,1,1.0,0
Finance,0.0,1,0.0,0
Software,87000000.0,3,15.84394250513347,1
Biotechnology,23000000.0,1,1.0,0
Lead Management,51133.0,1,2.4969199178644765,0
Games,1600000.0,1,1.8809034907597535,1
Biotechnology,15000000.0,1,1.0,1
Biotechnology,37935003.0,3,3.7754962354551678,1
Hardware + Software,32408800.0,3,0.9281314168377823,1
Clean Technology,15200000.0,2,1.0,0
Mobile,12400000.0,2,2.6721423682409307,1
Public Relations,43956298.0,4,2.351813826146475,0
Software,14700000.0,2,3.1101984941820673,1
Enterprise Software,17500000.0,2,1.0,1
Mining Technologies,35125010.0,2,1.0,1
Business Services,1985100.0,2,1.0,0
Enterprise Software,2430000.0,1,1.1718001368925393,1
Online Rental,20000.0,1,0.0,0
Curated Web,0.0,1,2.086242299794661,0
Financial Services,2800000.0,1,1.0,0
Business Intelligence,748550.0,1,2.8008213552361396,0
Consumer Electronics,0.0,1,6.239561943874059,1
Software,10000.0,1,0.09582477754962354,0
Android,0.0,1,0.999315537303217,1
Consumer Goods,50000.0,2,3.4962354551676933,0
Apps,2000000.0,2,0.6735112936344969,0
Services,3000000.0,1,1.0,0
Entertainment,300000.0,1,0.0,0
Curated Web,816742.0,3,1.0,0
Curated Web,0.0,1,0.0,1
Curated Web,60000.0,1,1.0,1
Mobile,16000.0,1,0.8350444900752909,0
Auctions,1500000.0,1,1.0,1
Advertising,69604550.0,5,3.1731690622861053,1
Finance,7400000.0,1,1.0,0
Curated Web,4900000.0,1,1.0,1
Email,0.0,1,16.295687885010267,0
Curated Web,0.0,1,0.0,0
Collaboration,0.0,2,0.9582477754962354,1
Hardware + Software,7300000.0,2,0.0,1
E-Commerce,233100.0,1,0.0,0
Curated Web,3154164.0,2,2.5571526351813825,1
Education,19389998.0,5,0.33401779603011633,1
Web Hosting,0.0,1,9.442847364818617,1
Cloud Computing,81000000.0,4,1.002053388090349,1
Software,2300000.0,1,17.489390828199863,1
Messaging,2200000.0,1,1.429158110882957,0
Advertising,12000000.0,4,1.6153319644079398,1
Advertising,16000000.0,4,0.0,1
Apps,0.0,1,0.0,0
Enterprise Software,0.0,1,1.9164955509924708,0
Content Syndication,68000000.0,2,0.7939767282683093,1
Curated Web,2000000.0,1,0.4161533196440794,1
E-Commerce,0.0,1,1.0,0
Computers,35000000.0,3,1.0,1
Software,2000000.0,1,7.767282683093772,1
Mobile,4420000.0,4,28.514715947980836,1
Biotechnology,6278203.0,2,1.0,1
Biotechnology,3000000.0,1,5.25119780971937,0
Apps,5796518.0,4,2.458590006844627,1
Consumer Electronics,1410816.0,2,0.810403832991102,0
Biotechnology,1787500.0,1,1.0,1
Design,0.0,1,0.7501711156741958,1
Design,4950000.0,1,1.0,0
Finance,0.0,1,1.0,1
Enterprise Software,39734188.0,7,0.7501711156741958,1
Advertising,36500000.0,5,8.084873374401095,0
Advertising,9568056.0,2,14.275154004106776,1
Clean Technology,435000.0,1,1.9137577002053388,0
Advertising,4699999.0,2,1.9630390143737166,0
Advertising,161307.0,1,0.29021218343600275,0
Curated Web,6000000.0,2,1.834360027378508,1
Curated Web,875000.0,1,0.8898015058179329,0
Consumers,1025000.0,3,1.0212183436002737,0
Curated Web,650206.0,2,0.07939767282683094,0
Curated Web,172500.0,3,0.32854209445585214,1
Local,10255000.0,5,0.2327173169062286,1
Travel,0.0,1,0.0,1
Advertising,8650000.0,3,0.7118412046543463,1
Public Relations,50000.0,1,1.0,0
Enterprise Software,11735000.0,5,4.396988364134154,0
Location Based Services,25800000.0,3,1.0,1
Analytics,2500000.0,1,1.9028062970568105,1
Security,23280000.0,3,4.1505817932922655,1
Android,3200000.0,1,1.946611909650924,1
Design,27400000.0,2,14.349075975359343,1
Software,2100000.0,1,7.096509240246407,1
Digital Rights Management,15000000.0,1,0.999315537303217,1
Internet,749596.0,1,1.0,0
Advertising,4600000.0,2,0.6817248459958932,1
Fashion,35000000.0,1,88.96919917864476,1
Games,600000.0,2,0.0,1
Application Performance Monitoring,11100000.0,3,0.0,1
Mobile,2500000.0,1,3.9671457905544147,0
EdTech,5000000.0,1,19.362080766598222,0
Software,0.0,1,2.001368925393566,1
Software,15604.0,1,0.0,0
Curated Web,1000000.0,1,1.0,1
Security,29300000.0,4,2.1656399726214923,1
Software,0.0,1,1.0,1
Chat,30000000.0,3,1.834360027378508,1
E-Commerce,325000.0,1,0.0,0
Design,148775.0,1,1.0,1
Education,120000.0,1,1.486652977412731,1
Automotive,500000.0,1,1.0,1
Advertising,4000000.0,2,0.3066392881587953,0
Games,670000.0,1,1.0,1
Curated Web,2100000.0,2,0.29842573579739906,0
Content,4000000.0,1,0.6789869952087612,1
Business Development,20950000.0,2,4.112251882272417,1
Advertising,6000000.0,1,2.8501026694045173,1
Apps,1500000.0,1,0.0,1
Mobile,0.0,1,0.3750855578370979,1
Advertising,3150000.0,2,0.5201916495550992,1
Photography,0.0,1,2.704996577686516,1
Hotels,25000.0,1,1.163586584531143,0
E-Commerce,500000.0,1,1.3086926762491444,0
Cloud Computing,1400000.0,1,1.0,1
Curated Web,7500000.0,3,1.4154688569472964,0
Business Services,80000.0,1,1.4976043805612593,0
E-Commerce,600000.0,1,4.8815879534565365,0
Advertising,1400000.0,1,2.116358658453114,1
Commercial Real Estate,50000000.0,1,14.247775496235455,1
Mobile,13000000.0,3,0.837782340862423,1
Location Based Services,39105997.0,5,0.4134154688569473,1
Curated Web,9030000.0,2,0.0,0
Mobile,500000.0,1,2.6858316221765914,0
Apps,78374.0,1,0.08213552361396304,0
Enterprise Software,97500.0,1,0.4106776180698152,0
Clean Technology,4500000.0,1,1.0,0
Education,12123837.0,4,0.16700889801505817,1
Biotechnology,28250000.0,1,28.309377138945926,0
Curated Web,405528.0,1,0.0,0
Curated Web,675000.0,2,1.3963039014373717,0
Entertainment,225000.0,1,1.3114305270362765,0
Curated Web,3529175.0,2,1.7604380561259412,0
Curated Web,53000.0,2,0.0,0
Curated Web,97200000.0,2,1.0,1
Events,0.0,1,1.9794661190965093,0
Games,0.0,3,0.0,1
Real Estate,4500000.0,4,0.0,1
Biotechnology,57000000.0,2,0.7529089664613279,1
Social Media,3000000.0,1,0.999315537303217,0
Software,11000000.0,3,2.220396988364134,1
Entertainment,0.0,1,0.0,0
Biotechnology,29912221.0,3,1.0,1
Biotechnology,75000000.0,4,2.1601642710472277,1
Sports,35000.0,1,1.8288843258042438,0
Information Services,16000000.0,1,1.0,0
Biotechnology,98900000.0,3,5.393566050650239,0
Clean Technology,33378639.0,5,4.432580424366872,1
Advertising,17400000.0,4,3.4469541409993156,1
Business Intelligence,15600000.0,1,2.5790554414784395,0
Advertising,18734312.0,3,9.924709103353868,1
Software,2106600.0,1,2.297056810403833,1
Crowdsourcing,100000.0,1,0.0,1
E-Commerce,40000000.0,2,1.0,1
Analytics,500000.0,1,0.919917864476386,1
Services,0.0,1,1.0,0
Facebook Applications,1500000.0,1,0.08487337440109514,1
Software,5000000.0,1,1.0,1
Analytics,0.0,1,0.243668720054757,0
Fitness,93000000.0,1,7.950718685831622,0
Photography,0.0,1,1.163586584531143,1
Finance,813000.0,4,1.0841889117043122,0
Software,888840.0,1,1.0,0
Biotechnology,70550150.0,3,1.3935660506502396,1
Health Care,23200000.0,1,7.025325119780972,1
Clean Technology,27901875.0,4,0.12046543463381246,1
Biotechnology,120000000.0,1,1.0,1
Health Care,10020000.0,1,1.0,1
Manufacturing,16000000.0,1,5.598904859685147,1
Nanotechnology,24000000.0,1,1.0,1
Hardware + Software,27000.0,1,0.013689253935660506,0
Health Care,17199997.0,3,4.257357973990418,1
Software,23000000.0,4,1.0,0
Information Technology,0.0,1,1.0,1
Semiconductors,44000000.0,3,1.0869267624914443,1
Advertising,28450000.0,3,1.2265571526351813,1
Manufacturing,37000000.0,1,1.0,1
Health Care,11000000.0,1,1.0,1
Manufacturing,135826373.0,4,4.328542094455853,1
Wireless,150000000.0,1,1.0,1
Biotechnology,13115002.0,2,1.0,1
Energy,1000000.0,1,1.0,0
Information Services,500000.0,1,0.0,0
Health Care,10000001.0,1,1.0,1
Consumers,0.0,1,1.0,0
E-Commerce,11000000.0,1,2.3709787816563996,1
Biotechnology,90200000.0,6,4.4517453798767965,0
Energy,500000000.0,1,1.0,0
Hardware + Software,55230131.0,3,0.0,1
Software,102400000.0,2,12.421629021218344,1
E-Commerce,15600000.0,5,0.9034907597535934,1
E-Commerce,0.0,1,0.0,0
E-Commerce,0.0,1,0.5284052019164955,0
Hardware + Software,43775000.0,3,2.6557152635181382,1
Internet,49300000.0,3,3.7344284736481863,1
Incubators,1971350.0,1,1.0,1
Networking,8000000.0,1,1.0,0
Bio-Pharm,5900000.0,1,3.5017111567419574,1
EdTech,289000000.0,2,18.04243668720055,1
Digital Media,80000.0,1,1.5195071868583163,0
Hardware + Software,2900000.0,3,1.0,1
Marketplaces,3784218.0,1,6.5160848733744015,1
Semiconductors,0.0,1,1.0,1
Mobile,43751752.0,1,1.0,1
Creative,0.0,1,15.099247091033538,1
Apps,700000.0,2,0.09582477754962354,1
SaaS,30150000.0,3,4.4490075290896645,1
Advertising,1250000.0,1,0.865160848733744,1
Demographies,18000000.0,2,0.0,1
Mobile,3650000.0,1,0.999315537303217,0
Curated Web,8000000.0,1,1.0,1
Energy,8000000.0,1,1.0,0
Mobile,4000000.0,1,1.0,0
Enterprise Software,6500000.0,1,5.776865160848733,1
Games,10500000.0,1,4.1505817932922655,0
File Sharing,500000.0,1,1.1772758384668036,1
Contact Centers,4125014.0,2,6.324435318275154,1
Mobile,3000000.0,1,1.0,0
Security,37962332.0,5,14.264202600958248,1
Software,375000.0,1,1.0,1
E-Commerce,8000000.0,1,1.0,0
Biotechnology,34151008.0,6,3.668720054757016,1
Analytics,17136.0,1,0.36960985626283366,0
Enterprise Software,34394995.0,5,0.30390143737166325,1
Software,2000000.0,1,4.588637919233402,0
Hardware + Software,100000.0,1,1.0,0
Telecommunications,1117938.0,1,1.0896646132785763,0
Finance,400000000.0,1,46.76522929500342,1
Biotechnology,13000000.0,2,3.247091033538672,1
Biotechnology,57016500.0,2,6.373716632443532,1
Software,44000000.0,1,7.920602327173169,1
Business Analytics,0.0,1,0.6160164271047228,1
Entrepreneur,4326280.0,4,12.739219712525667,1
Consumer Goods,766000.0,2,1.0,0
Curated Web,110000.0,1,0.0,1
B2B,300000.0,2,0.0054757015742642025,0
Apps,400000.0,1,0.0,0
Software,50000000.0,1,0.0,1
E-Commerce,0.0,1,0.37782340862423,0
Curated Web,315000.0,2,0.4188911704312115,1
Advertising Platforms,3000000.0,1,1.0,1
Enterprise Software,0.0,1,1.0,1
Databases,22500000.0,1,0.1998631074606434,1
Content,93846.0,1,3.5592060232717317,0
Entertainment,100000.0,1,0.0,0
Application Platforms,3724994.0,1,1.0,1
Communications Infrastructure,0.0,1,1.0,1
Travel,1490000.0,1,1.0,0
Enterprises,27000000.0,2,1.5277207392197125,1
Software,155000000.0,1,1.0,0
News,369311.0,2,0.057494866529774126,1
Advertising,1000000.0,1,1.163586584531143,0
Energy,500000000.0,1,1.0,0
Semiconductors,39480000.0,1,1.0,0
Biotechnology,5000000.0,1,7.227926078028747,0
Communications Hardware,1625584.53310503,2,0.29021218343600275,0
Business Services,234615.0,1,0.0,0
Oil and Gas,150000000.0,1,1.0,1
Advertising,0.0,1,6.767967145790554,1
Startups,70100000.0,1,1.0,1
Advertising,400000.0,1,0.4134154688569473,0
Curated Web,35000000.0,1,4.804928131416838,0
Curated Web,18000.0,1,1.0,0
Email,5000000.0,1,1.0,1
Messaging,11500000.0,2,1.6290212183436004,1
Email,1100000.0,2,0.0,1
Messaging,0.0,1,0.9883641341546886,0
Big Data,2250000.0,1,0.6406570841889117,1
Health and Wellness,35000000.0,2,4.733744010951403,1
Banking,12800000.0,1,1.0,1
Business Services,12000000.0,1,10.13552361396304,1
Software,3000000.0,1,3.345653661875428,1
Clean Technology,5000000.0,1,2.642026009582478,1
Cloud Computing,0.0,1,1.0,1
Computers,1000000.0,1,10.872005475701574,0
Advertising,4385100.0,1,1.0,1
Transportation,28000000.0,2,6.951403148528406,1
Advertising,12223336.0,4,0.8323066392881588,0
Games,66000000.0,4,1.9137577002053388,1
DIY,10000000.0,2,1.5633127994524298,1
Biotechnology,70100000.0,3,3.0992470910335386,1
Social Media,5250000.0,1,6.0013689253935665,1
Biotechnology,1668447.0,1,2.7707049965776864,0
Security,4575400.0,2,1.1416837782340863,1
Curated Web,0.0,1,1.0,0
Social Media,4600000.0,1,1.9164955509924708,1
Education,25000.0,1,2.915811088295688,0
Software,14500000.0,2,9.711156741957563,1
Cloud Management,5400000.0,3,3.274469541409993,1
Software,250005.0,1,1.0,1
3D Technology,0.0,1,2.513347022587269,1
Software,0.0,1,1.0,0
Security,70000000.0,1,7.553730321697468,1
Mobile,1322411.0,2,1.1882272416153319,0
SaaS,20000.0,1,0.16153319644079397,0
Artificial Intelligence,300000.0,1,0.0,0
Biotechnology,2547500.0,1,1.0,0
Consulting,5000000.0,1,2.2833675564681726,1
Transportation,15000000.0,1,1.0,1
Biotechnology,200000000.0,2,1.0,1
Software,57794854.0,6,4.177960301163586,1
Curated Web,0.0,1,1.0,1
Advertising,45000000.0,3,1.0,1
Curated Web,500000.0,1,0.08487337440109514,0
Biotechnology,50000000.0,1,4.2354551676933605,1
Collaboration,2600000.0,1,1.0,0
Android,100000.0,2,0.6926762491444216,1
Enterprise Software,5100000.0,3,10.160164271047227,1
Logistics,53491.0,1,0.8323066392881588,0
Consumer Electronics,8039920.0,1,42.78165639972622,1
Android,23650000.0,6,0.0,1
E-Commerce,0.0,1,15.000684462696784,1
Property Management,10000.0,1,0.08487337440109514,0
Curated Web,100000.0,1,0.0,0
Public Transportation,150000.0,1,0.33675564681724846,0
Geospatial,2500000.0,2,1.0595482546201231,1
Education,200000.0,1,1.998631074606434,1
Networking,51000000.0,2,1.0,1
Intellectual Asset Management,56500000.0,2,1.5222450376454484,1
Software,27819986.0,3,11.077344284736482,1
Biotechnology,16000000.0,2,1.0,1
Curated Web,13300.0,2,0.0,0
Health and Wellness,500000.0,1,6.316221765913758,0
Advertising,100268406.0,9,0.5119780971937029,1
Biotechnology,7100000.0,2,1.0,1
Biotechnology,52435690.0,3,6.335386721423682,1
Biotechnology,2427823.0,1,6.461327857631759,0
E-Commerce,7500000.0,1,1.5277207392197125,1
B2B,0.0,2,9.582477754962355,1
Entertainment,0.0,1,1.0,1
Advertising,7575000.0,3,0.9500342231348392,0
E-Commerce,20000000.0,1,13.34154688569473,1
Retail,33000000.0,1,1.0,1
Analytics,108400000.0,6,0.7474332648870636,1
E-Commerce,1000000.0,1,0.0,0
Analytics,10250000.0,1,1.0,1
Analytics,96000000.0,6,6.28062970568104,1
Software,83000000.0,2,9.998631074606434,1
Finance,250000000.0,1,9.067761806981519,1
Enterprise Software,12000000.0,1,7.356605065023956,1
Software,50000.0,1,1.1553730321697468,0
Hardware + Software,0.0,1,1.0,1
Dental,35000000.0,1,1.0,0
Content,7500000.0,1,1.0,1
Clean Technology,1300000.0,1,1.0,0
Social Media,20000.0,2,0.0,0
Biotechnology,99150000.0,6,1.3305954825462012,1
Distribution,137713.0,1,0.7474332648870636,0
Communities,301104.0,2,0.0,0
Advertising,41290000.0,5,1.8124572210814511,1
E-Commerce,251333.0,3,0.999315537303217,1
Biotechnology,6516515.0,3,1.0,0
Cars,10000.0,1,1.0,0
Pets,594336.0,3,0.9418206707734429,0
Public Relations,61000000.0,2,1.0,1
Curated Web,0.0,1,0.5804243668720055,0
Analytics,34700000.0,6,0.6707734428473648,1
Advertising,160000.0,2,0.0,1
Content,5500000.0,2,0.0,1
Delivery,0.0,1,0.0,0
Games,10000000.0,2,1.0,1
Diabetes,2250000.0,1,0.17248459958932238,1
Game,0.0,1,0.9144421629021219,0
Games,120000.0,1,0.0,0
Curated Web,20000.0,2,0.6433949349760438,1
Enterprise Software,2500000.0,2,0.6433949349760438,1
Events,0.0,1,0.33675564681724846,1
Media,10000000.0,1,0.6652977412731006,0
Advertising,250000.0,1,2.3928815879534566,0
Hardware + Software,6583047.0,1,22.9596167008898,1
Software,3000000.0,1,21.1854893908282,1
Web Hosting,52500000.0,2,4.542094455852156,0
Advertising,1000000.0,1,1.2867898699520877,1
Advertising,17000000.0,1,3.082819986310746,1
Logistics,34500000.0,2,1.0,1
Internet,12000000.0,1,1.0,0
3D,52000000.0,1,1.0,1
Internet,60000.0,1,1.5331964407939767,0
Software,23999999.0,3,6.0041067761806985,1
Apps,25000.0,1,0.9226557152635181,0
Entertainment,0.0,1,10.751540041067761,0
Biotechnology,6701000.0,2,4.295687885010267,0
Content,22000000.0,2,1.0,1
Communications Hardware,105258362.0,6,1.5058179329226558,1
Business Services,50000.0,1,0.15879534565366188,0
Software,10000000.0,1,7.731690622861054,1
Credit Cards,1500000.0,1,2.973305954825462,1
Hardware + Software,10800000.0,2,1.8781656399726214,1
Hardware + Software,7000000.0,1,1.0,1
Business Services,7926732.0,1,35.937029431895965,1
Semiconductors,20000000.0,1,1.0,1
Communications Hardware,18000000.0,1,1.0,1
Advertising,11000000.0,2,3.701574264202601,1
Sports,7000000.0,1,1.0,1
Software,35000000.0,2,4.862422997946612,0
Automotive,25000000.0,1,50.507871321013006,1
Curated Web,3000000.0,1,1.0,0
Analytics,14777360.0,3,2.3874058863791925,1
Biotechnology,6920582.0,4,0.5338809034907598,1
Social Media,1000000.0,1,1.0,1
Security,7000000.0,1,6.102669404517454,1
Mobile,1500000.0,1,0.24914442162902123,0
Enterprise Software,10000000.0,2,1.0,1
Security,0.0,1,4.128678986995209,1
Mobile,6625990.0,1,4.136892539356605,1
Telecommunications,0.0,1,7.488021902806297,1
Consulting,22000000.0,1,34.012320328542096,0
Advertising,8027970.0,2,2.8281998631074607,1
E-Commerce,2817781.0,3,0.8678986995208761,1
Dental,0.0,1,1.0,0
Doctors,0.0,1,4.97741273100616,1
Health and Wellness,1685000.0,2,1.1143052703627652,0
Enterprise Software,366000.0,2,0.5859000684462696,0
Analytics,0.0,3,0.6078028747433265,1
E-Commerce,4000000.0,1,1.834360027378508,0
Clean Technology,8258160.0,1,22.417522245037645,0
E-Commerce,0.0,3,0.0,1
Mobile,518140.0,3,1.0,0
Medical,19000000.0,1,1.0,0
Biotechnology,115000.0,2,1.0,1
Health Care,5230440.0,4,5.390828199863107,1
Delivery,150000.0,2,0.13415468856947296,0
Analytics,57000000.0,2,10.247775496235455,1
Life Sciences,165000.0,1,1.0,0
Biotechnology,0.0,1,8.999315537303216,1
Billing,3000000.0,1,1.0,1
Biotechnology,45626066.0,7,1.4729637234770705,1
Dental,90000.0,2,0.0,0
Advertising,1780000.0,2,0.9883641341546886,1
Curated Web,1050000.0,2,1.0349075975359343,0
Software,1300000.0,1,1.0,0
Cloud Computing,16086016.0,2,12.301163586584531,1
Corporate Training,3000000.0,1,1.0,0
Advertising,40500000.0,3,1.5550992470910336,1
Curated Web,6483366.0,1,13.39356605065024,1
Content,6500000.0,3,1.6043805612594113,1
Software,4200000.0,1,5.240246406570842,1
Public Relations,11500000.0,1,1.0,1
Broadcasting,1420676.0,1,1.0,0
Advertising,38000000.0,2,1.0,1
Mobile,38400000.0,2,3.589322381930185,1
News,5200000.0,3,0.0,0
Games,21500000.0,3,0.0,0
Enterprise Security,1344332.96438862,2,1.3661875427789185,0
Advertising,4715000000.0,2,4.492813141683778,1
Broadcasting,10000000.0,1,1.0,1
Biotechnology,10000000.0,1,13.360711841204655,0
Medical,500000.0,1,1.0,1
Curated Web,2013914.0,1,0.7994524298425736,0
Clinical Trials,250000.0,1,1.0,0
Biotechnology,20000000.0,1,1.0,1
Consumers,0.0,1,0.6844626967830253,0
Software,3271224.0,3,12.216290212183436,1
Biotechnology,5500000.0,2,1.0,0
Health Care,2300000.0,2,0.0,1
Health Care,26706296.0,4,13.820670773442847,1
Hardware + Software,10044994.0,2,3.9041752224503763,1
Health Care,27000000.0,1,1.0,1
Analytics,41000000.0,2,1.1197809719370295,1
Biotechnology,645000.0,2,3.865845311430527,0
Software,1000000.0,1,1.0,0
Information Services,0.0,1,1.0,1
Software,1700000.0,2,16.39151266255989,1
Software,3693500.0,1,1.0,0
Biotechnology,31070000.0,2,9.566050650239562,1
Consumers,100000.0,1,0.0,0
Billing,3000.0,1,0.0,0
Biotechnology,18000000.0,1,12.473648186173854,1
App Marketing,4000000.0,2,2.3326488706365502,0
Health and Wellness,32999999.0,4,1.0,0
Health Care,24750000.0,4,2.5763175906913074,1
Health Diagnostics,3783607.0,1,1.0,1
Health Care,0.0,1,13.820670773442847,1
Health Care,2100000.0,1,1.0,1
Health Care,8000000.0,1,1.0,1
Health Care,36004847.0,8,1.0,0
Advertising,0.0,1,1.0,1
Consulting,114000000.0,3,8.594113620807667,1
Medical Devices,2002616.0,1,1.0,1
Health Care Information Technology,500000.0,1,0.9828884325804244,0
Chat,70000000.0,5,0.6625598904859685,1
Events,30000.0,1,0.5941136208076659,0
Entertainment,25000.0,1,0.0,0
Curated Web,1800000.0,2,0.17522245037645448,1
Travel,13150000.0,2,0.0,0
E-Commerce,500000.0,1,1.5058179329226558,1
Finance Technology,800000.0,1,0.4106776180698152,1
Games,25000000.0,4,4.588637919233402,1
Data Security,26298436.0,3,8.41615331964408,1
Mobile,2225623.0,1,2.2751540041067764,0
Delivery,18000000.0,1,1.7686516084873374,0
Curated Web,7348141.0,5,0.5804243668720055,0
Biotechnology,1113344.0,1,1.0,1
Employment,1500000.0,1,0.2245037645448323,0
Travel,0.0,2,1.0,1
Data Centers,6367607.0,1,1.0,0
Apps,3227861.0,1,1.0,1
Health Care,12000000.0,1,25.097878165639973,1
Consumer Internet,1000000.0,1,1.2101300479123889,1
Big Data,56000000.0,1,3.1129363449691994,1
Music,7900000.0,1,1.0,1
Music,250000.0,1,1.0,0
Analytics,16000.0,1,0.12867898699520877,1
Hardware + Software,331000.0,5,0.2929500342231348,1
Computers,0.0,1,1.0,0
Apps,75000.0,1,1.2895277207392197,0
Semiconductors,60000000.0,1,25.924709103353866,1
Enterprise Software,27500000.0,5,3.2826830937713893,1
Manufacturing,3900000.0,1,23.419575633127995,1
Semiconductors,5100000.0,1,1.754962354551677,1
Messaging,80000.0,1,0.0,0
Development Platforms,500000.0,1,1.6563997262149213,0
Biotechnology,41000000.0,2,8.720054757015742,1
Hardware + Software,10500000.0,1,5.87542778918549,0
Manufacturing,1900000.0,2,0.999315537303217,1
Agriculture,20234078.0,2,10.444900752908966,1
Social Media,2125000.0,2,1.1526351813826146,1
Software,34700000.0,3,1.242984257357974,0
Graphics,6000000.0,1,1.0,1
Software,3500000.0,2,3.0034223134839153,1
Networking,80000000.0,5,0.6680355920602327,1
SEO,24500000.0,2,1.0,1
Internet,9707638.0,1,1.0,0
E-Commerce,27000000.0,3,1.0,1
Advertising,13200001.0,5,0.03559206023271732,1
Curated Web,1000000.0,1,2.42299794661191,0
Advice,14300000.0,2,0.676249144421629,1
E-Commerce,15900000.0,2,6.737850787132102,1
Curated Web,5000000.0,1,1.0,0
E-Commerce,0.0,1,1.0,1
Clean Technology,0.0,1,2.6119096509240247,1
Android,30000.0,1,1.0,0
iPhone,0.0,1,2.4914442162902124,0
Hardware + Software,8260000.0,1,7.665982203969883,1
Enterprise Software,1975000.0,2,0.5393566050650239,1
Advice,0.0,1,7.485284052019165,1
Commercial Real Estate,13700000.0,1,1.0,1
Hospitality,4500000.0,1,1.0,0
Biotechnology,58972055.0,3,0.45722108145106094,1
Web Hosting,54000000.0,1,5.486652977412731,1
Human Resources,0.0,1,0.7748117727583846,1
Advertising,2200.0,1,0.6899383983572895,0
Employment,10000000.0,1,1.0,0
Biotechnology,107440000.0,5,2.001368925393566,1
Advertising,0.0,1,0.2518822724161533,0
Communications Hardware,180600000.0,7,2.305270362765229,1
Biotechnology,20000000.0,1,2.198494182067077,0
Ediscovery,900000.0,1,1.0,1
Software,6000000.0,1,5.284052019164956,0
Messaging,1500000.0,1,3.0006844626967832,1
Messaging,10700000.0,3,2.6338124572210813,0
Chat,11900000.0,3,0.49828884325804246,1
Messaging,21250000.0,2,1.0,1
Computers,6000000.0,1,1.0,1
News,1000000.0,1,1.0,1
Biotechnology,31000000.0,2,19.340177960301162,1
Entertainment,50000000.0,3,3.0006844626967832,1
Content,18349000.0,3,3.0143737166324436,1
Cloud Computing,25000000.0,3,1.2073921971252566,1
Big Data Analytics,0.0,1,2.844626967830253,1
Software,10000000.0,2,2.74880219028063,1
Messaging,8750000.0,1,2.524298425735797,1
Clean Technology,32540000.0,1,9.963039014373717,0
Services,8500000.0,1,1.0,1
Games,5038868.0,4,0.9527720739219713,1
Curated Web,0.0,1,0.3997262149212868,0
Facebook Applications,9400000.0,3,0.5037645448323066,1
Big Data,52500000.0,4,4.301163586584531,1
Advertising,1850000.0,1,0.0,1
Manufacturing,10000000.0,1,1.0,1
Software,21850000.0,1,13.399041752224504,1
Games,0.0,1,1.0,0
Biotechnology,16767427.0,8,1.0,1
Enterprise Software,34000000.0,2,5.577002053388091,1
Enterprise Software,27101994.0,4,3.685147159479808,1
Telecommunications,21000000.0,1,3.7262149212867897,1
Beauty,613133.0,1,2.6666666666666665,0
Curated Web,57000000.0,2,1.160848733744011,1
Entertainment,28000000.0,2,1.1553730321697468,0
Advertising,0.0,1,0.999315537303217,1
Hardware + Software,0.0,1,1.0,1
Biotechnology,60625730.0,2,1.0,1
Mobile,2000000.0,1,1.9767282683093772,0
Cloud Computing,37500000.0,2,6.877481177275839,1
Networking,4355000.0,2,2.212183436002738,1
Big Data,0.0,1,0.7638603696098563,1
Advertising,0.0,1,0.917180013689254,1
Analytics,0.0,1,9.305954825462011,1
Industrial,2750000.0,2,4.657084188911704,0
Hotels,0.0,1,0.6269678302532512,0
Mobile,739000000.0,1,0.0,1
Publishing,0.0,1,3.164955509924709,1
E-Commerce,625324.0,1,0.3066392881587953,0
Enterprise Software,4013000.0,1,4.59958932238193,1
Health Diagnostics,48131961.0,6,5.971252566735113,1
Mobile,40300000.0,4,2.217659137577002,1
Mobile,6490000.0,1,1.0,1
Business Development,2000000.0,1,1.0,1
Digital Rights Management,0.0,1,1.267624914442163,0
Analytics,10000.0,1,1.0,0
Network Security,500000.0,1,5.494866529774128,1
Application Platforms,5000000.0,1,1.0,1
Clean Technology,471400000.0,6,3.356605065023956,1
Custom Retail,119657790.0,1,1.0,1
Hardware,9000000.0,1,1.0,1
Biotechnology,90000000.0,2,0.0,1
Biotechnology,2132417.0,4,21.727583846680357,1
Clean Technology,1306512.0,2,7.822039698836414,0
Consumer Electronics,18000000.0,1,9.034907597535934,0
Services,0.0,1,28.021902806297057,1
Semiconductors,35280599.0,4,3.162217659137577,0
Finance,22000000.0,1,1.0,0
Automotive,476000.0,1,7.832991101984942,0
Biotechnology,0.0,1,6.891170431211499,0
Semiconductors,50410400.0,4,28.813141683778234,1
Biotechnology,14514449.0,2,1.0,0
Healthcare Services,45000000.0,1,1.0,0
Semiconductors,2060000.0,1,13.626283367556468,1
Finance,15000000.0,2,1.0,0
Displays,118000000.0,4,16.470910335386723,1
Biotechnology,6367916.0,1,24.33675564681725,0
Software,5307487.0,2,2.5790554414784395,0
Curated Web,1400100.0,1,2.193018480492813,0
Software,60000.0,1,0.10403832991101986,0
Android,44600000.0,6,1.429158110882957,1
Content,0.0,1,0.0,0
Music,0.0,2,0.999315537303217,0
Apps,1500000.0,1,0.33401779603011633,0
Electronics,0.0,1,35.94250513347023,1
Biotechnology,14350000.0,3,18.882956878850102,1
Software,27000000.0,1,10.513347022587268,1
Travel,2460000.0,3,0.5831622176591376,1
News,5500000.0,1,2.4914442162902124,1
Apps,1700000.0,2,0.2464065708418891,1
Fashion,0.0,1,1.0,0
Curated Web,900000.0,1,0.6297056810403833,1
Advertising,240245382.0,5,0.7118412046543463,1
Biotechnology,47074808.0,2,1.0,1
Financial Services,0.0,1,15.72621492128679,1
Mobile,5650000.0,1,1.0,1
Advertising,30000.0,1,0.01642710472279261,0
Comparison Shopping,4950000.0,2,0.8350444900752909,1
Android,5000000.0,2,0.33675564681724846,0
Games,30143747.0,3,2.2313483915126624,1
Email,89878098.0,4,5.601642710472279,1
Health Care,36755000.0,3,1.6700889801505818,0
Semiconductors,19800000.0,4,1.0,1
Software,55420776.0,7,2.269678302532512,1
Software,0.0,1,5.242984257357974,1
Augmented Reality,2500000.0,1,1.5249828884325805,0
Mobile,3200000.0,2,0.8076659822039699,1
Software,108869760.0,6,4.747433264887063,1
Games,1000000.0,1,2.7652292950034223,0
Facebook Applications,22000000.0,1,2.4202600958247777,1
E-Commerce,22500.0,2,0.0054757015742642025,0
Games,0.0,1,1.0,0
Brand Marketing,4245714.0,1,1.0,1
Analytics,1253709.0,2,0.0,0
Enterprise Software,44097622.0,4,4.848733744010952,1
Advertising,2380000.0,2,0.0,1
Mobile,600000.0,1,1.7494866529774127,0
Games,0.0,1,0.6680355920602327,0
Curated Web,3600000.0,2,1.9137577002053388,0
Bio-Pharm,46000000.0,2,8.05201916495551,1
Software,840000.0,1,0.810403832991102,0
Social Media,1000000.0,1,0.0,0
Games,300000.0,1,0.0,0
3D,1840000.0,2,1.0732375085557837,0
Games,550000.0,2,2.102669404517454,0
Software,0.0,1,1.0,0
Biotechnology,25849354.5253743,3,2.2559890485968515,1
Mobile,8500000.0,2,2.294318959616701,0
Curated Web,31775000.0,5,0.0,1
Hardware + Software,88150000.0,8,0.944558521560575,1
Internet,1400000.0,1,1.4154688569472964,0
Medical Devices,9000000.0,1,1.0,0
Health and Wellness,248400.0,2,11.690622861054072,0
Security,12000000.0,1,1.0,1
Messaging,10300000.0,1,8.71731690622861,1
Finance,1000000.0,1,0.0,0
Software,1310000.0,1,3.4989733059548254,1
Biotechnology,82800000.0,4,2.9568788501026693,1
Software,8000000.0,1,2.2286105407255303,1
Business Intelligence,1200000.0,1,3.6413415468856947,1
Software,0.0,2,1.757700205338809,0
Fitness,64396675.0,5,0.13415468856947296,1
Apps,15000000.0,1,1.0,0
Entertainment,5500000.0,3,0.2245037645448323,1
Music,3000000.0,2,2.967830253251198,0
Nanotechnology,1500000.0,2,4.788501026694045,1
Energy,0.0,1,1.0,1
Mobile,15750000.0,2,1.0,1
Biotechnology,4158499.0,2,1.0,0
Biotechnology,640000.0,1,4.257357973990418,0
Software,2400000.0,2,0.7775496235455168,1
Music,0.0,1,0.07665982203969883,0
Software,11843959.0,4,1.0239561943874058,1
Social Media,400000.0,1,2.1546885694729636,0
Search,0.0,2,1.0,1
Curated Web,16950000.0,4,1.0,0
Facebook Applications,100000.0,1,0.0,0
Music,13289.0,1,0.0,0
Curated Web,0.0,1,1.0,0
Curated Web,3500000.0,3,0.0,1
Social Media,11725600.0,2,3.3921971252566734,1
Internet,0.0,1,0.9828884325804244,0
Advertising,5000000.0,1,1.0,0
Content,2977800.0,2,4.75564681724846,0
Health Care,33859.0,1,1.0,1
Location Based Services,1100000.0,1,0.4161533196440794,1
Games,1500000.0,2,4.145106091718001,1
Advertising,285000.0,1,2.31895961670089,0
Advertising,0.0,1,0.5037645448323066,1
Advertising,69830.0,1,0.07939767282683094,1
Mobile,10000000.0,1,1.0,1
Mobile,50000.0,1,0.08487337440109514,0
Mobile,4000000.0,1,0.4243668720054757,1
Mobile,19272264.7272727,7,1.1307323750855578,1
E-Commerce,6600000.0,1,8.848733744010952,1
Security,10000000.0,4,5.448323066392882,1
Enterprise Software,5450000.0,4,0.0,1
Software,4800000.0,1,5.730321697467488,0
Mobile,11750000.0,1,5.229295003422314,0
Software,250000.0,1,1.0,1
Android,0.0,1,3.167693360711841,1
Ad Targeting,0.0,1,0.0,1
Mobile,13500000.0,1,1.0,1
Mobile,37037399.0,5,1.0,1
Analytics,650000.0,3,0.08487337440109514,1
Apps,144800000.0,8,0.3997262149212868,1
Electronic Health Records,4700000.0,1,5.08145106091718,1
Location Based Services,3791750.0,1,0.0,0
Cloud Computing,11600000.0,2,1.6427104722792607,1
Enterprise Software,2328000.0,2,1.4976043805612593,1
Services,17000000.0,1,1.0,0
Analytics,515000000.0,3,7.356605065023956,1
Mobile,1200000.0,1,1.3278576317590691,1
Mobile,3400000.0,1,1.0,0
Advertising,0.0,1,0.9144421629021219,0
Software,23888600.0,4,16.098562628336754,1
Software,8300000.0,1,4.317590691307323,1
Hardware + Software,20220000.0,2,2.083504449007529,1
Internet,135000.0,1,1.1964407939767283,0
App Marketing,17469155.0,2,7.381245722108145,1
Mobile,11000000.0,1,0.0,1
Mobile,24000000.0,3,6.683093771389459,1
Mobile,1450000.0,1,0.08213552361396304,0
Games,19130000.0,8,1.998631074606434,0
Cloud Computing,10000000.0,2,1.379876796714579,1
Accounting,3500000.0,1,3.7426420260095825,1
E-Commerce,126080.0,1,0.7748117727583846,0
Advertising,575000.0,2,1.0,1
Advertising,0.0,1,2.2477754962354553,1
Brand Marketing,0.0,2,1.0,1
Advertising,11116771.0,4,5.768651608487337,1
Advertising,14000000.0,4,0.15879534565366188,1
Colleges,120000.0,1,0.4134154688569473,0
Hardware + Software,687708.0,1,1.0,1
CRM,6482605.0,2,5.409993155373032,1
Software,11000000.0,1,5.075975359342916,1
Games,3000000.0,1,0.2464065708418891,1
Investment Management,2200000.0,1,2.724161533196441,0
Curated Web,0.0,1,1.943874058863792,1
E-Commerce,1800000.0,1,1.0650239561943875,1
Public Relations,12155342.0,3,17.949349760438057,1
Mobile,85000000.0,3,0.4134154688569473,0
Application Platforms,270000.0,2,0.29842573579739906,1
Cable,18704000.0,3,4.848733744010952,1
Mobile,1825000.0,6,0.971937029431896,1
Internet Radio Market,24900000.0,7,0.9226557152635181,1
Facebook Applications,500000.0,1,0.16700889801505817,1
Android,1215000.0,3,0.19164955509924708,0
Consumers,200000000.0,1,1.0,1
Events,115000.0,1,0.6680355920602327,0
Advertising,13988210.0,4,1.5797399041752225,1
Software,2000000.0,1,1.0,1
Cloud Security,5000000.0,1,2.8802190280629705,1
Apps,34468.0,2,0.33675564681724846,0
Curated Web,0.0,1,1.0,0
Advertising,0.0,1,1.3388090349075976,1
Hardware,44310000.0,4,3.2826830937713893,1
Biotechnology,59760000.0,2,3.6167008898015056,1
Alumni,12500.0,1,1.0,0
Curated Web,55600000.0,2,0.0,0
Health Care,3114157.0,1,34.68856947296372,1
Health Care,5000000.0,1,2.543463381245722,0
Curated Web,3150000.0,2,0.2792607802874743,1
Biotechnology,39500000.0,2,2.3819301848049284,1
Education,480000.0,1,0.6735112936344969,0
Social Media,8371002.0,2,4.572210814510609,1
Application Platforms,234615.0,1,0.08761122518822724,0
Entertainment,135668.0,2,0.0,0
Consumer Goods,56059.0,1,0.0,0
Advertising,0.0,1,1.0,1
Mobile,650000.0,1,1.0,1
Banking,1600000.0,2,1.5578370978781657,0
Cloud Computing,6417000.0,2,0.47638603696098564,1
Mobile,232329416.0,4,7.529089664613279,1
Analytics,0.0,1,1.0,0
E-Commerce,4616139.0,1,1.0,1
iPad,1240000.0,2,0.6652977412731006,0
Semiconductors,16700000.0,1,1.0,1
Web Hosting,28250000.0,3,1.0,1
Software,319647.0,1,1.0,1
Health Care,1800000.0,1,1.0,0
E-Commerce,3049999.0,1,15.006160164271048,1
Computers,2000000.0,2,0.07939767282683094,0
Health and Wellness,460000.0,2,1.0,0
Semiconductors,21930000.0,7,2.414784394250513,1
Semiconductors,26300000.0,1,1.0,1
Software,24766667.0,2,1.0,1
Games,7000000.0,1,1.0,0
Software,35200000.0,2,3.9342915811088295,1
Curated Web,1000000.0,1,0.16427104722792607,0
Photography,16854.0,1,0.33675564681724846,0
Games,3250000.0,1,4.952772073921971,0
Manufacturing,52000000.0,3,1.0,0
Education,10591238.0,3,4.440793976728268,1
Games,6000000.0,1,1.0,0
Design,2250000.0,2,10.64476386036961,1
Curated Web,6760000.0,2,3.132101300479124,0
Distribution,70000.0,1,0.7501711156741958,0
SaaS,67567.0,1,0.0,0
Analytics,430855.0,2,0.0,0
Messaging,1000000.0,1,1.0,1
Hardware + Software,1000000.0,2,1.1882272416153319,1
Mobile,6059507.04782396,3,0.49828884325804246,1
Customer Service,374157.957825345,2,0.4216290212183436,0
Enterprise Software,2238055.0,2,1.514031485284052,0
Advertising,18500000.0,4,0.0,1
Finance,4125000.0,1,4.490075290896646,1
Education,55100.0,1,4.328542094455853,0
Clean Technology,930000.0,1,6.412046543463381,0
Services,2000000.0,1,1.0,0
Investment Management,91000000.0,1,15.51813826146475,1
Semiconductors,11540000.0,2,5.295003422313484,1
Biotechnology,126000000.0,1,21.71663244353183,1
Security,1000000.0,1,1.0,1
Big Data,3150000.0,4,0.48186173853524983,1
Commercial Real Estate,1750000.0,1,1.0,1
Biotechnology,3274000.0,2,1.0,0
Cloud Computing,1542844.0,3,0.8898015058179329,0
Manufacturing,1500000.0,1,2.080766598220397,0
Cloud Computing,0.0,1,1.0,1
Mobile,1999999.0,2,1.0,1
Software,47799995.0,4,2.847364818617385,1
Film,136726.583293835,1,0.0,0
Fitness,30736562.0,1,20.514715947980836,0
Games,17200000.0,3,0.6652977412731006,1
Hardware + Software,150000.0,2,1.0,0
Public Safety,1000000000.0,1,87.59206023271732,1
Mobile,0.0,1,0.0,1
Software,24000000.0,3,4.802190280629706,1
Mobile,500000.0,1,0.9144421629021219,1
Hardware + Software,29468580.2362892,3,18.913073237508556,1
Android,350000.0,2,0.0,0
Content Delivery,102083349.0,6,1.0,1
Games,2150000.0,1,0.0,0
Enterprise Software,5992316.0,2,4.4490075290896645,0
Biotechnology,191229400.0,2,1.0184804928131417,1
Curated Web,6500000.0,2,1.4401095140314852,0
Internet,0.0,1,0.0,0
Enterprises,412000.0,2,1.1937029431895962,0
Audio,5500000.0,1,2.861054072553046,1
Curated Web,1300000.0,1,0.7967145790554415,1
Travel,0.0,2,0.0,0
Advertising,0.0,1,2.2477754962354553,1
Babies,1885539.0,3,1.4154688569472964,1
Real Time,300000.0,1,0.6680355920602327,0
E-Commerce,4700000.0,2,1.0,0
Education,10000.0,1,0.16700889801505817,0
News,25000.0,1,1.9164955509924708,0
Internet,60000.0,2,1.0,0
Education,500000.0,1,1.267624914442163,0
Flash Storage,1900000.0,1,0.32854209445585214,1
Software,9164123.0,4,4.6680355920602326,0
Billing,0.0,1,0.8624229979466119,1
Biotechnology,32000000.0,1,1.0,0
Mobile,4000000.0,1,5.735797399041752,1
Distribution,3750000.0,5,0.06023271731690623,0
Advice,36000000.0,1,5.4839151266255985,1
Mobile,5000000.0,1,4.82135523613963,0
Email Marketing,85000.0,2,0.17248459958932238,0
Advertising,15100000.0,2,0.7474332648870636,1
Distributors,363000000.0,1,94.37645448323066,1
Service Providers,4400000.0,2,8.747433264887064,1
Mobile,1201000.0,2,0.5941136208076659,1
Advertising,5000000.0,1,0.999315537303217,1
Curated Web,1496950.0,1,3.080082135523614,1
Music,2330000.0,1,1.5824777549623545,1
Energy Management,13234657.0,1,1.0,1
Biotechnology,81574940.0,4,0.0,1
Music,550000.0,1,1.0,0
Web Hosting,24000000.0,3,0.0,1
Collaboration,101000.0,2,0.33675564681724846,0
Computers,61895.0,1,0.08213552361396304,0
Hardware + Software,0.0,1,11.854893908282,0
Curated Web,0.0,1,4.0,1
Accounting,0.0,1,11.416837782340862,1
Semiconductors,37891054.0,3,5.360711841204655,1
Technology,7500000.0,1,1.0,0
E-Commerce,26600000.0,4,1.8809034907597535,0
Design,8750000.0,1,1.0,1
Hardware + Software,7720000.0,1,1.0,0
Software,4500000.0,1,1.1663244353182751,0
E-Commerce,0.0,1,0.0,0
Curated Web,0.0,1,0.5831622176591376,1
E-Commerce,600000.0,1,3.052703627652293,0
Apps,660000.0,1,0.0,0
Health and Wellness,15670000.0,4,2.0944558521560577,0
Curated Web,3400000.0,1,1.374401095140315,1
Curated Web,1429763.0,2,0.999315537303217,0
Music,6493024.0,2,1.0,0
Hardware + Software,11600000.0,2,15.915126625598905,1
Curated Web,42230000.0,5,0.9117043121149897,1
Entertainment,3904597.0,1,1.0,1
Home Decor,0.0,1,1.297741273100616,1
Gps,7300.0,1,0.2245037645448323,0
Curated Web,0.0,1,0.8076659822039699,0
Music,525000.0,2,1.0,0
Games,0.0,1,1.0,0
Software,6000000.0,1,1.0,1
Banking,52800000.0,1,17.492128678986994,1
Health and Wellness,841991.0,1,3.2251882272416155,1
Media,0.0,1,4.15605749486653,0
Security,4000000.0,1,4.848733744010952,1
Energy,31000000.0,1,1.0,0
Apps,1700000.0,3,0.4134154688569473,0
Software,375000.0,1,1.51129363449692,0
Mobile,0.0,1,1.0,0
E-Commerce,50000.0,1,1.7467488021902806,0
E-Commerce,0.0,1,0.0,1
Consulting,3500000.0,1,3.9890485968514717,0
Cloud Computing,1000000.0,1,0.8076659822039699,1
Content,0.0,1,1.0,0
Curated Web,250000.0,1,0.0,0
Advertising,7500000.0,4,0.837782340862423,1
Clean Technology,36781282.0,2,3.1950718685831623,1
Games,0.0,1,1.2895277207392197,0
Financial Services,0.0,1,1.0,0
Beauty,48632.0,1,0.0,0
Services,2850000.0,1,1.0,0
Advertising,37300000.0,4,1.1389459274469542,1
Marketplaces,1550000.0,2,0.9965776865160849,0
Software,112000.0,1,1.0321697467488022,0
Messaging,60000.0,1,2.9787816563997263,0
Content,15107000.0,2,0.0,0
Celebrity,10000.0,1,3.2799452429842573,0
3D,19679275.0,2,0.0,1
Colleges,18700000.0,3,0.0,1
Education,1000000.0,2,1.163586584531143,0
Exercise,18000000.0,1,8.61327857631759,1
Curated Web,3000000.0,1,0.5612594113620808,0
Travel,2658000.0,3,0.4544832306639288,1
College Campuses,0.0,1,0.813141683778234,0
Browser Extensions,1094162.0,7,0.0,0
Health Care,0.0,2,1.0,0
Events,33333.0,1,0.0,0
Software,4000000.0,1,3.058179329226557,1
Design,0.0,1,8.76933607118412,1
Health Diagnostics,260000.0,1,1.0,0
Social Media,750000.0,1,1.0,0
Games,430000.0,3,0.0,1
Curated Web,292384.0,2,0.0,0
Curated Web,0.0,1,1.0,0
Networking,700000.0,2,0.12867898699520877,0
Real Estate,20000000.0,2,7.219712525667351,1
E-Commerce,500000.0,1,0.7145790554414785,0
E-Commerce,158750000.0,9,0.0,1
Health Care,42750000.0,2,1.0,1
Pharmaceuticals,106400000.0,3,1.0,1
Biotechnology,98000000.0,4,0.7200547570157426,1
Biotechnology,12616765.0,3,5.963039014373717,0
Games,852115.0,1,0.8459958932238193,0
Software,8900000.0,1,12.6652977412731,1
Biotechnology,9521365.0,2,29.357973990417523,1
Software,29500000.0,2,1.0869267624914443,0
Curated Web,0.0,1,1.0,0
Curated Web,0.0,2,1.0,1
Advertising,2000000.0,1,1.0,0
E-Commerce,28000000.0,4,3.8740588637919235,0
Internet,4000000.0,1,1.0,1
Social Media,37790000.0,1,1.623545516769336,1
Databases,40800000.0,4,6.863791923340178,1
Comics,350000.0,1,0.0,0
Cloud Computing,800000.0,1,7.759069130732375,0
E-Commerce,0.0,1,4.049281314168378,1
Film,0.0,2,1.0,0
Games,3500000.0,2,0.999315537303217,1
Auctions,0.0,1,0.0,1
Fitness,0.0,1,0.0,0
Mobile,9040000.0,2,0.2026009582477755,0
Curated Web,2000000.0,1,1.0,0
E-Commerce,880000.0,2,0.0,0
Mobile,6500000.0,1,2.401095140314853,0
Apps,17100000.0,2,1.8288843258042438,1
Software,0.0,1,11.759069130732374,1
Software,378000.0,1,3.463381245722108,0
Embedded Hardware and Software,159968498.0,10,7.581108829568788,1
Cable,7000000.0,1,1.0,1
Health and Wellness,20000.0,1,6.105407255304586,0
E-Commerce,30000000.0,1,2.004106776180698,0
Biotechnology,40000000.0,2,3.5263518138261465,1
Software,0.0,1,2.614647501711157,0
Biotechnology,10000000.0,1,1.0,1
Biotechnology,120000000.0,1,14.261464750171116,1
Services,2000000.0,1,0.16153319644079397,0
Photography,131350.0,1,0.9774127310061602,0
Energy Efficiency,700000.0,1,1.0,1
Banking,3100000.0,1,0.0,0
Semiconductors,14360000.0,1,38.26967830253251,0
E-Commerce,19000.0,1,0.29842573579739906,0
Artificial Intelligence,815000.0,1,3.8822724161533197,0
Curated Web,0.0,1,0.0,0
Mobile,1875000.0,1,0.049281314168377825,1
Application Platforms,2700000.0,1,4.544832306639288,1
Semiconductors,14109347.0,3,0.9226557152635181,1
Printing,13100000.0,2,0.7693360711841205,1
Hardware + Software,963000.0,1,3.915126625598905,0
Biotechnology,124592500.036124,2,16.0684462696783,1
Cloud Computing,1000000.0,1,0.4407939767282683,0
Nanotechnology,2070000.0,1,9.869952087611225,0
Nanotechnology,54700000.0,3,10.047912388774812,1
Nanotechnology,9200000.0,1,1.0,1
Nanotechnology,95500000.0,3,2.409308692676249,1
Biotechnology,100000000.0,2,1.0,0
Nanotechnology,3200000.0,1,1.0,0
Electronics,14000000.0,1,4.848733744010952,0
Nanotechnology,24000000.0,3,1.0,0
Health Care,4500000.0,1,6.414784394250513,0
Semiconductors,91004842.0587586,6,1.2320328542094456,0
Nanotechnology,0.0,1,7.000684462696783,0
Biotechnology,39270000.0,3,4.01368925393566,1
Health Care,38000903.0,5,4.093086926762491,0
Medical Devices,22000000.0,2,2.239561943874059,0
Biotechnology,110250000.0,9,2.31895961670089,1
Security,6058274.0,3,3.7481177275838466,1
Nanotechnology,6820000.0,1,1.0,0
Nanotechnology,35000000.0,1,1.0,1
Biotechnology,46000000.0,6,6.565366187542779,1
Chemicals,3000000.0,1,1.0,0
Manufacturing,0.0,1,17.683778234086244,1
Apps,3086.0,1,0.03559206023271732,0
Networking,6600000.0,2,1.995893223819302,1
Collaboration,2401536.0,3,1.1854893908281998,1
Apps,9000000.0,2,0.919917864476386,0
Analytics,1225000.0,2,0.12594113620807665,0
Security,38700000.0,2,9.828884325804244,1
Biotechnology,1967500.0,3,6.7734428473648185,1
Software,13400000.0,2,3.455167693360712,0
Clean Technology,8390080.0,4,0.3805612594113621,1
Biotechnology,154100000.0,7,4.9281314168377826,1
Medical,3000000.0,1,1.0,1
Finance,4930000.0,2,5.69472963723477,0
Consulting,14000000.0,1,50.48596851471595,1
Curated Web,0.0,1,0.0,1
Medical Professionals,128000000.0,1,11.329226557152635,1
Databases,0.0,1,1.0,0
Enterprises,1500000.0,1,3.383983572895277,1
Business Services,70000.0,1,0.08487337440109514,0
Clean Technology,1900000.0,1,3.652292950034223,0
Software,19114247.0,2,3.594798083504449,1
Games,11000000.0,3,0.08487337440109514,1
Advertising,250000.0,1,0.5010266940451745,1
Environmental Innovation,4000000.0,1,3.164955509924709,1
News,200000.0,1,0.0,0
Biotechnology,162106599.0,5,3.0937713894592744,1
Automotive,2850000.0,1,0.5749486652977412,0
Security,0.0,1,0.8432580424366872,0
Pharmaceuticals,0.0,1,1.0,1
Ad Targeting,0.0,2,1.7248459958932238,1
Curated Web,0.0,1,13.705681040383299,1
Public Transportation,14000000.0,2,5.158110882956879,1
Advertising,42000000.0,3,0.11498973305954825,1
Biotechnology,92500000.0,3,31.055441478439427,1
Digital Media,800000.0,1,1.0,0
Biotechnology,43000000.0,2,1.8480492813141685,1
Health and Wellness,4099999.0,2,2.3134839151266258,1
Health and Wellness,27000000.0,1,1.0,0
Web Hosting,80920000.0,3,5.607118412046543,1
Mobile,5000000.0,1,9.013004791238878,1
Automotive,4068970.0,2,0.0,0
Archiving,0.0,1,1.0,0
Android,27034.0,1,2.74880219028063,0
News,18000000.0,2,0.0,0
Security,52300999.0,5,3.6632443531827517,1
Health Care,51954587.0,6,4.268309377138946,1
Software,1500000.0,1,128.01916495550992,1
Analytics,3282327.0,3,1.3032169746748803,1
Curated Web,19250000.0,3,1.0,1
Software,35000000.0,2,1.0,1
Bitcoin,100000.0,1,0.0,0
Software,250000.0,2,0.2518822724161533,0
Biotechnology,300000.0,1,12.235455167693361,0
Advertising,30150000.0,2,1.4948665297741273,0
Cloud Computing,38500000.0,4,0.08213552361396304,0
Gift Exchange,250000.0,1,0.7474332648870636,0
Internet,350000.0,1,1.0,0
Marketplaces,500000.0,1,0.45722108145106094,1
Enterprise Software,1000000.0,1,0.0,0
E-Commerce,250000.0,1,0.010951403148528405,0
Semiconductors,0.0,1,1.0,1
Biotechnology,25000000.0,1,1.0,1
Brokers,0.0,1,0.1998631074606434,0
Health Care,6500000.0,1,1.0,1
Curated Web,5300000.0,1,1.0,0
Health and Wellness,2250070.0,2,3.4743326488706368,0
Advertising,2000000.0,1,4.503764544832307,0
Gps,60388934.0,3,2.0396988364134154,0
Design,13960000.0,1,1.0,0
Pharmaceuticals,6180089.0,4,2.8008213552361396,1
Pharmaceuticals,100000.0,1,3.3401779603011637,0
Education,35000.0,2,0.0,0
Advertising,10000000.0,3,5.100616016427105,1
Biotechnology,500000.0,1,7.241615331964408,1
Biotechnology,39000000.0,2,3.8795345653661877,1
Software,41874460.8033199,4,1.3661875427789185,1
Computers,0.0,1,1.0,1
Hardware + Software,4225311.0,2,8.681724845995893,1
Biotechnology,61702727.0,5,8.531143052703628,1
Hospitality,135000.0,1,0.0,0
Hardware + Software,28701486.0,3,1.0,1
Nanotechnology,14000000.0,1,1.0,0
Enterprise Software,29000000.0,3,2.1820670773442847,1
Semiconductors,194673840.0,6,7.208761122518823,1
Curated Web,3170000.0,1,5.486652977412731,0
Biotechnology,96278860.0,6,1.8973305954825461,1
Banking,16437900.0,6,1.2375085557837098,0
Security,24000000.0,2,3.3018480492813143,0
Biotechnology,49000000.0,2,1.0,1
Health Care,125964844.0,4,2.242299794661191,0
Hardware + Software,25848302.0,2,1.3388090349075976,0
Data Visualization,7000000.0,1,6.135523613963039,1
Health Care,130003458.0,7,1.0,0
Biotechnology,21800000.0,4,1.0,1
Hardware + Software,2613500.0,3,12.596851471594798,1
Biotechnology,36125000.0,3,1.0,0
Public Relations,0.0,1,0.0,1
Biotechnology,2269779.0,2,5.4428473648186175,0
Curated Web,0.0,1,1.0,1
Enterprise Software,866000.0,1,6.286105407255304,1
Apps,20000000.0,2,1.7960301163586585,1
Home Automation,80000000.0,3,0.3258042436687201,1
Online Rental,11000000.0,3,0.0,1
E-Commerce,156400000.0,11,8.301163586584531,1
Clean Technology,3000000.0,1,1.0,0
Information Security,14795722.0,4,1.998631074606434,1
Domains,2500000.0,1,4.167008898015058,0
Enterprise Software,6500000.0,1,12.334017796030116,1
Blogging Platforms,200000.0,1,1.3333333333333333,0
Enterprise Software,41000000.0,2,2.3874058863791925,1
Information Technology,13000000.0,2,5.489390828199863,1
Software,25000000.0,1,2.622861054072553,1
Games,0.0,2,5.749486652977413,1
Curated Web,0.0,1,2.9130732375085557,1
Semiconductors,103030000.0,5,1.5824777549623545,1
Hardware + Software,57680000.0,4,2.023271731690623,1
Analytics,40000000.0,2,2.190280629705681,1
Consumer Electronics,1730000000.0,3,2.510609171800137,1
Digital Media,132885.0,3,1.056810403832991,0
Hardware + Software,98000000.0,1,7.581108829568788,1
Construction,33000.0,1,1.0,0
Information Technology,0.0,1,1.0,1
Optimization,4000000.0,1,1.0,0
Semiconductors,14000000.0,1,3.838466803559206,0
Communications Hardware,55000000.0,1,1.0,0
Technology,12500000.0,2,1.0,1
IT Management,7400000.0,1,10.910335386721425,1
Computers,12500000.0,2,18.135523613963038,1
Web Hosting,18000000.0,1,6.119096509240246,1
Semiconductors,16648351.0,2,13.544147843942506,1
Hardware,32000000.0,1,7.748117727583847,1
Web Hosting,36000000.0,2,9.114305270362765,1
Software,2700000.0,1,17.456536618754278,1
Mobile,10800000.0,1,1.9657768651608487,1
Online Education,2700000.0,2,1.0,0
Computers,0.0,1,1.0,1
Analytics,27500000.0,7,0.0,1
Networking,5000000.0,1,4.219028062970568,1
E-Commerce,0.0,1,1.0,1
Software,381000.0,1,7.496235455167693,0
Software,40000000.0,2,2.811772758384668,1
Finance,56428000.0,2,8.008213552361397,1
Security,13000000.0,6,0.9965776865160849,1
News,0.0,1,0.9062286105407256,1
Security,30000000.0,1,4.758384668035592,1
Finance,4000000.0,1,15.7015742642026,1
Mobile,5330000.0,3,2.184804928131417,0
Games,20950000.0,3,1.0,1
Android,500000.0,1,0.8514715947980835,0
Social Media,16000000.0,2,0.49555099247091033,1
Software,23980000.0,3,4.032854209445585,1
Software,6316226.0,4,14.247775496235455,1
Software,5689647.0,1,4.035592060232717,1
Technology,3000000.0,1,1.0,1
Software,6000000.0,1,3.2826830937713893,0
Advertising,10000000.0,1,2.48870636550308,0
Security,12000000.0,1,13.160848733744011,1
Networking,106500000.0,1,1.0,0
Enterprise Software,16630000.0,2,4.804928131416838,1
Security,10000000.0,1,1.0,0
Public Relations,10000000.0,1,1.0,1
Event Management,51133.0,1,1.4976043805612593,0
Maps,15000000.0,2,4.7501711156741955,1
E-Commerce,1783990.0,1,1.0,1
Travel,0.0,1,1.0,0
Internet of Things,18829964.0,3,1.4893908281998631,1
Mobile,18000000.0,3,1.7522245037645447,1
Biotechnology,4283950.0,3,3.0910335386721424,1
Biotechnology,6000000.0,1,1.0,0
Biotechnology,10000000.0,1,17.960301163586585,1
Biotechnology,92043611.0,6,4.060232717316906,1
Manufacturing,17000000.0,2,4.898015058179329,1
Biotechnology,85300000.0,2,5.848049281314168,1
Health Care,33380003.0,2,13.724845995893224,1
Health and Wellness,2544538.0,2,0.33675564681724846,1
Biotechnology,1899999.0,2,1.0,1
Biotechnology,1746627.0,2,1.0,0
Biotechnology,500000.0,1,1.0,0
Biotechnology,14330000.0,1,20.62422997946612,0
Biotechnology,1710000.0,2,3.1238877481177276,1
Biotechnology,58200000.0,3,3.0143737166324436,0
Health Care,61300600.0,4,1.0,0
Biotechnology,10762732.0,2,15.11567419575633,1
Software,4750000.0,3,0.8678986995208761,1
Security,1624800.0,1,8.109514031485284,0
Clean Technology,4100000.0,1,1.0,0
Biotechnology,106000000.0,2,1.5441478439425051,1
Consumers,80000.0,1,0.12320328542094455,0
Software,2189440.0,1,1.0266940451745379,0
Design,1000000.0,1,1.0,0
Software,0.0,1,7.748117727583847,1
Domains,1100000.0,3,0.0,1
Analytics,214500000.0,6,0.16427104722792607,1
Advertising,2100000.0,1,1.9904175222450375,0
Mobile,13426775.0,2,2.0314852840520192,1
Health Care,11000000.0,1,1.0,0
Analytics,35032734.0,3,1.571526351813826,1
Hardware + Software,1617252.0,4,0.837782340862423,1
Manufacturing,662000.0,1,3.6167008898015056,0
Biotechnology,45214105.0,3,9.08145106091718,1
Hospitality,0.0,1,14.45037645448323,1
Enterprise Software,12000000.0,2,4.117727583846681,0
Education,20000000.0,1,1.0,0
Apps,83415.0,1,1.5222450376454484,0
Semiconductors,66000000.0,3,0.2190280629705681,1
Finance,20580000.0,1,1.0,1
Bio-Pharm,8353354.86642588,2,6.759753593429158,1
Public Relations,545000.0,1,0.8323066392881588,0
Apps,50000.0,1,2.088980150581793,0
Enterprise Software,42200000.0,4,1.0,1
Media,12500000.0,1,0.0,1
Broadcasting,0.0,1,1.8781656399726214,1
Curated Web,0.0,1,1.0,0
Curated Web,4299997.0,4,1.1416837782340863,1
Apps,7600000.0,1,1.0,1
News,1250000.0,1,0.2518822724161533,1
Internet,3500000.0,2,1.672826830937714,1
Hardware + Software,400000.0,1,5.073237508555784,0
Transportation,2500000.0,1,1.0,1
Cloud Computing,4000000.0,3,1.0,1
Technology,150000000.0,1,1.0,0
Media,250000000.0,1,157.3388090349076,1
Advertising Networks,28124112.0,8,0.14236824093086928,1
Advertising,19500000.0,3,2.0944558521560577,1
Health Care,4000000.0,1,1.0,1
Dental,975000.0,1,0.09034907597535935,0
Clean Technology,11500000.0,1,1.0,0
Software,12000000.0,2,0.971937029431896,1
Services,15000000.0,1,1.0,0
Mobile,0.0,1,1.0,0
CRM,22846974.0,2,7.307323750855578,1
Semiconductors,43000000.0,5,0.0,1
Enterprise Software,24500000.0,2,3.915126625598905,1
Health Diagnostics,32585933.8865528,4,7.6796714579055445,1
Analytics,7949997.0,4,1.1279945242984257,1
Real Estate,0.0,1,9.25119780971937,1
Curated Web,27063781.0,4,0.0,1
Enterprise Software,16100000.0,3,0.16700889801505817,1
Biotechnology,15000000.0,1,0.8076659822039699,1
Advertising,390000.0,1,2.431211498973306,0
Clean Technology,38800000.0,1,25.333333333333332,0
Semiconductors,20000000.0,1,1.0,1
Chat,120000.0,1,0.0,0
Health and Wellness,1135000.0,1,9.13347022587269,0
Mobile,49800000.0,1,1.0,1
Travel,4000000.0,2,2.6064339493497606,0
Software,8800000.0,2,6.913073237508556,1
Hardware + Software,64600000.0,5,2.028747433264887,0
Advertising,9500000.0,2,1.0869267624914443,0
Games,2900000.0,1,1.6180698151950719,1
Web Hosting,35000000.0,2,7.8494182067077345,1
Software,3174999.0,4,1.2813141683778233,1
Renewable Energies,40515968.0,3,1.0,1
Biotechnology,86819000.0,3,1.0,1
Biotechnology,5000000.0,1,1.0,1
Biotechnology,9000000.0,1,1.0,1
Clean Technology,1500000.0,1,1.0,0
Internet,15000000.0,1,1.0,1
Semiconductors,25397925.0,4,3.5318275154004106,1
Finance,11160000.0,2,1.0,1
Advertising,350000.0,1,5.45927446954141,1
Design,7542266.0,2,13.697467488021903,1
Computers,7500000.0,1,1.0,1
Networking,0.0,1,1.0,0
Clean Technology,6000000.0,2,2.195756331279945,1
Games,44800000.0,4,0.09582477754962354,1
Curated Web,1200000.0,1,1.4757015742642026,0
Web Hosting,41815432.0,4,2.4804928131416837,1
Discounts,1000000.0,1,1.0,1
Apps,25000.0,1,1.0,0
Hospitals,25000000.0,1,3.263518138261465,1
Software,3500000.0,1,1.0,1
Curated Web,0.0,1,0.6652977412731006,0
Art,850000.0,1,0.0,0
Career Planning,13000000.0,3,0.0,1
Electronics,98751230.0,5,0.971937029431896,1
Software,8150000.0,3,1.8179329226557153,1
Advertising,12950000.0,2,6.247775496235455,1
Cloud Computing,20750000.0,2,2.4750171115674195,1
Software,761787.0,1,2.5845311430527036,1
Chat,25000000.0,3,0.0,1
Cloud Computing,22300000.0,2,5.023956194387406,1
Communities,134000002.0,5,2.1683778234086244,1
Advertising,21189.0,1,1.0,0
Manufacturing,1500000.0,1,0.9144421629021219,0
Cloud Computing,70000000.0,5,0.216290212183436,0
Electronics,70000000.0,2,1.9657768651608487,0
Transportation,8000000.0,1,1.0,1
Health Care,40000000.0,2,20.314852840520192,0
Biotechnology,18458739.0,4,1.0,0
Pharmaceuticals,31400000.0,1,14.447638603696099,1
Semiconductors,78047934.0,6,1.0,1
Security,29000001.0,6,6.151950718685832,1
Application Platforms,267477.981990194,2,2.4914442162902124,0
App Stores,21000000.0,1,7.15400410677618,0
Messaging,10000000.0,1,3.4934976043805612,1
Hardware + Software,4996500.0,1,1.0,0
Eyewear,15079.0,1,1.002053388090349,0
Biotechnology,5759760.0,1,1.0,0
Consulting,0.0,1,0.0,0
Mobile,0.0,1,0.2053388090349076,0
Education,0.0,1,3.162217659137577,1
Health Care,25000000.0,1,1.0,1
Advertising,1649028.0,3,0.5229295003422314,1
Analytics,2000000.0,1,0.4024640657084189,1
Curated Web,800000.0,1,1.8507871321013005,1
Media,31828793.0,3,0.6023271731690623,1
Software,5000000.0,1,0.0,1
Incubators,600000.0,1,20.418891170431213,0
Email,100000.0,1,1.0,0
Analytics,13000000.0,2,0.4462696783025325,1
Software,2374240.0,1,22.99794661190965,1
Games,0.0,1,0.4161533196440794,0
Consumers,2900000.0,1,2.212183436002738,1
Biotechnology,13000000.0,1,1.0,0
Clean Technology,54000000.0,3,0.7501711156741958,0
3D,24616.0,1,0.2929500342231348,0
Engineering Firms,4500000.0,1,21.1088295687885,0
Content,0.0,1,1.3305954825462012,0
Software,6000000.0,1,15.455167693360712,1
Clean Technology,37000000.0,1,1.0,1
Software,29500000.0,2,3.4168377823408624,1
Biotechnology,113895000.0,5,12.936344969199178,1
Entertainment,50000.0,1,0.0,0
Curated Web,0.0,2,1.5824777549623545,1
Curated Web,250000.0,2,0.5366187542778919,1
Business Services,300000.0,1,1.3689253935660506,0
Mobile,0.0,1,0.0,0
Mobile,248502.0,1,15.36208076659822,1
Biotechnology,0.0,1,1.0,0
Health Care,15134300.0,1,15.211498973305956,1
Healthcare Services,48000000.0,1,5.727583846680356,1
Clean Technology,2393578.0,1,1.0,0
Health Care,30000000.0,1,7.170431211498974,1
Medical Devices,5993671.0,2,8.93908281998631,1
Software,12000000.0,1,3.6331279945242985,0
Clean Technology,32466630.0,3,1.0,1
Health Care,18800000.0,2,1.0,1
Dental,2500000.0,1,1.0,1
Health Care,16000000.0,1,7.756331279945243,0
Mobile,70000000.0,2,2.568104038329911,1
Health Care,25000000.0,1,1.0,0
Biotechnology,49500000.0,1,1.0,0
Health Care,70447308.0,3,1.0,0
Mobile,14411764.0,1,18.713210130047912,1
Business Intelligence,1570886.0,1,6.0013689253935665,1
Bio-Pharm,183600000.0,2,1.0,1
Software,8952784.0,2,5.6974674880219025,0
E-Commerce,80000.0,2,0.11498973305954825,0
Biotechnology,53850000.0,5,1.0,1
Internet,25000000.0,1,1.0,1
Health and Wellness,20000.0,1,1.0,0
Health Care,16227.0,1,1.2375085557837098,0
Biotechnology,39495233.0,4,2.5626283367556466,1
Biotechnology,4530000.0,1,19.50171115674196,1
Security,6500000.0,1,1.0,0
Games,620000.0,2,0.08761122518822724,0
Mobile,0.0,2,4.999315537303217,0
News,12000000.0,3,0.0,1
Humanitarian,2800000.0,3,0.4134154688569473,1
Hardware + Software,8000000.0,1,3.6605065023956196,0
Analytics,5000000.0,1,1.3415468856947297,0
Mobile,1700000.0,1,1.8288843258042438,0
Software,4000000.0,1,1.0,0
Web Hosting,2947189.0,3,1.8069815195071868,1
Android,10000000.0,6,2.1574264202600957,1
Energy,315000.0,1,1.0,0
Cloud Computing,8500000.0,2,3.137577002053388,1
E-Books,850000.0,3,0.758384668035592,1
Business Productivity,6000000.0,1,6.031485284052019,1
Public Relations,20300000.0,2,1.0,1
Health Care,2050000.0,2,5.6125941136208075,1
Analytics,1000000.0,1,7.230663928815879,1
Enterprise Software,34000000.0,1,8.41615331964408,1
Security,5500000.0,1,1.0,1
Technology,500000.0,1,1.0,0
Advertising,3300000.0,2,1.2457221081451062,1
Technology,20000000.0,1,1.0,1
Clean Technology,65000000.0,1,1.0,1
Concerts,60000.0,1,1.2457221081451062,0
Games,70000.0,2,0.34770704996577684,0
Manufacturing,600000.0,1,2.16290212183436,0
Enterprise Software,206800.0,3,1.0,1
Software,5653146.71998477,1,9.14715947980835,0
Big Data,775000.0,2,1.1800136892539357,1
Biotechnology,2175000.0,2,1.0,0
B2B,925000.0,1,21.125256673511295,1
Hardware,150000000.0,1,0.08213552361396304,1
Biotechnology,93062500.0,5,1.0,1
Developer APIs,10000000.0,1,1.0,0
Social Media,25000000.0,2,1.0,0
Biotechnology,738384.0,2,0.5256673511293635,0
Semiconductors,8100000.0,2,4.692676249144422,1
Software,1630257.58069775,1,8.75564681724846,1
Health and Wellness,300000.0,1,30.967830253251197,1
Email,807260.0,3,1.273100616016427,1
Finance,0.0,1,1.0,0
Biotechnology,65262984.0,3,1.0,1
Clean Energy,47400000.0,6,2.6803559206023273,1
Human Resources,7100000.0,2,15.014373716632443,1
Clean Technology,39700000.0,1,10.825462012320328,0
Biotechnology,3100000.0,1,1.0,0
Cloud Computing,330000.0,1,1.0896646132785763,0
Clean Technology,17459444.0,2,2.020533880903491,1
Public Relations,165500000.0,2,1.0,1
Software,7650097.0,2,0.5420944558521561,1
Hardware + Software,25000000.0,2,16.0,1
Games,0.0,1,1.0,0
Photography,2299586.0,3,0.0,0
Delivery,470248.0,1,1.0,0
Application Platforms,5000000.0,1,1.8781656399726214,0
Services,3859800.0,1,11.567419575633128,1
Semiconductors,0.0,1,1.0,0
Software,20250000.0,2,27.40041067761807,1
Curated Web,5000.0,1,0.7994524298425736,0
Recycling,30000000.0,1,1.0,1
Cyber Security,28000000.0,2,1.0,1
Biotechnology,19198952.0,2,1.0,0
Mobile,8000000.0,1,21.880903490759753,0
Software,12500000.0,1,1.0,1
Delivery,58573491.0,3,4.355920602327173,1
Games,36000000.0,2,5.763175906913073,1
Software,9400008.0,2,7.162217659137577,1
Analytics,9000000.0,4,1.8809034907597535,1
Software,6500000.0,1,12.11772758384668,1
Software,9000000.0,1,4.229979466119096,1
Software,0.0,1,8.706365503080082,0
Storage,34300000.0,3,0.09308692676249145,1
Biotechnology,10000000.0,1,1.0,1
Clean Technology,65643735.0,2,15.832991101984941,1
Biotechnology,3000000.0,1,1.0,1
Biotechnology,812931.0,1,3.052703627652293,0
Biotechnology,49500150.0,3,7.241615331964408,1
Analytics,10000000.0,1,1.0,1
Outsourcing,3800000.0,1,1.0,1
Audio,17000000.0,1,3.8822724161533197,1
Software,15000000.0,2,2.414784394250513,0
Hardware + Software,4840000.0,1,7.441478439425051,1
Intelligent Systems,5000000.0,1,1.0,0
Biotechnology,73300000.0,6,3.477070499657769,1
Biotechnology,32305473.0,4,1.3661875427789185,1
Pharmaceuticals,0.0,1,1.0,1
Consumer Electronics,93400000.0,3,0.08487337440109514,1
Analytics,1499999.0,1,1.0403832991101984,0
Curated Web,0.0,1,0.10951403148528405,1
Medical,24000000.0,3,3.0006844626967832,1
Advertising,500000.0,1,0.0,0
Social Media,0.0,1,1.0,1
Digital Signage,20000000.0,1,1.0,1
Advertising,200000.0,2,0.3887748117727584,1
Curated Web,30000.0,1,0.0,0
Travel,3250000.0,2,0.4188911704312115,1
Travel,0.0,1,1.0841889117043122,0
Advertising,0.0,1,1.0,1
Advertising,120000.0,1,0.0,0
Credit Cards,4500000.0,2,0.8295687885010267,0
Software,7000000.0,1,9.71937029431896,1
Advertising,1000000.0,1,1.0841889117043122,1
E-Commerce,0.0,1,3.4140999315537304,1
Music,170604000.0,1,0.008213552361396304,0
Music,34752500.0,1,0.05475701574264202,0
Collaboration,1000000.0,1,0.6707734428473648,1
Augmented Reality,32082.0,1,0.9938398357289527,0
Advertising,2000000.0,1,1.0,1
E-Commerce,500000.0,2,4.0,1
Interest Graph,1400000.0,2,0.0,0
Game,6000000.0,1,1.002053388090349,0
Android,385980.0,1,0.3805612594113621,0
Email,0.0,1,0.0,0
Curated Web,0.0,1,3.0006844626967832,1
Databases,185000.0,1,1.0869267624914443,1
Biotechnology,996496.0,3,1.0,1
E-Commerce,39942388.0,9,4.317590691307323,1
Biotechnology,20500000.0,1,3.701574264202601,1
Curated Web,6000000.0,1,4.043805612594114,1
Crowdsourcing,549970.0,1,2.3600273785078714,0
Clean Technology,12400000.0,1,1.0,1
Advertising,500000.0,1,1.0,0
Curated Web,0.0,1,3.430527036276523,1
Cloud Computing,0.0,1,0.4407939767282683,0
Software,4000000.0,1,0.9938398357289527,1
Finance,12000000.0,1,24.711841204654345,0
Software,5462100.0,1,1.0,1
Advertising,5000000.0,1,0.08487337440109514,0
Analytics,24000000.0,2,2.316221765913758,0
Manufacturing,2071500.0,3,0.05475701574264202,0
Collaboration,965846.896222592,1,1.0,0
Consulting,0.0,1,1.0,1
Interest Graph,3175000.0,2,0.0,0
Brand Marketing,0.0,5,0.0,1
Mobile,185000.0,2,1.2019164955509924,0
Product Search,3172815.0,1,2.3627652292950034,0
Software,15800000.0,4,1.0403832991101984,1
Biotechnology,141800000.0,4,1.0,1
Curated Web,0.0,1,0.0,1
Auctions,16600000.0,5,0.5831622176591376,1
E-Commerce,120000.0,1,0.0,0
Games,10500000.0,1,6.288843258042436,1
Biotechnology,10093025.0,5,1.0,1
File Sharing,800000.0,1,1.08145106091718,0
Digital Signage,20000.0,1,1.0,0
Software,3960000.0,1,5.210130047912389,1
Hardware + Software,12209831.0,2,4.068446269678303,1
Biometrics,0.0,1,1.0,0
File Sharing,0.0,1,1.0,1
Advertising,79350000.0,4,8.36413415468857,1
Biotechnology,4840000.0,1,10.245037645448322,1
Biotechnology,60158333.0,4,1.0,1
Credit,538000000.0,11,0.0,1
Content,5240000.0,1,13.026694045174539,1
Software,17750000.0,2,1.0,1
Mobile,13000000.0,2,1.3278576317590691,1
Internet,975000.0,1,0.4681724845995893,0
Biotechnology,19000000.0,1,6.5160848733744015,1
Biotechnology,3100000.0,2,1.0,0
Biotechnology,21500000.0,2,1.0,1
Biotechnology,24000000.0,1,1.0,1
Biotechnology,196249996.0,3,4.26009582477755,1
Biotechnology,89466477.0,5,12.16974674880219,1
Biotechnology,1000000.0,1,2.754277891854894,1
Health Care,67263000.0,5,0.49555099247091033,1
Biotechnology,64900000.0,3,1.0,1
Biotechnology,65000000.0,2,6.863791923340178,1
Mobile,0.0,1,0.0,0
E-Commerce,4000000.0,2,0.3915126625598905,1
All Markets,3750000.0,2,0.0,0
Music,20000.0,1,0.4134154688569473,0
Infrastructure,0.0,1,7.860369609856263,1
iPad,30000.0,1,0.5859000684462696,0
Software,0.0,1,1.0,0
Consulting,500000.0,1,1.0,0
SaaS,9251000.0,3,0.17796030116358658,0
Semiconductors,64344698.0,4,1.0,0
Enterprise Software,1614202.0,1,1.7604380561259412,1
Baby Safety,1875000.0,1,1.0787132101300478,0
App Stores,2345000.0,4,0.1943874058863792,1
B2B,11833393.0,5,1.0,1
Consulting,12800000.0,1,8.449007529089664,1
Game Mechanics,16000000.0,2,3.57015742642026,1
Advertising,27300000.0,3,0.0,1
Clean Technology,195249815.0,10,2.7214236824093088,1
Curated Web,4000000.0,2,0.16700889801505817,0
Colleges,750000.0,1,1.0,0
Health and Wellness,1100000.0,1,0.3805612594113621,0
Curated Web,1200000.0,1,0.1697467488021903,1
E-Commerce,2000000.0,1,1.4702258726899384,1
Internet,243068175.0,1,2.9979466119096507,0
Communications Hardware,20000000.0,1,1.0,1
Consulting,4332943.0,5,25.281314168377822,1
Enterprise Software,26750000.0,3,2.945927446954141,1
Health and Wellness,24250000.0,7,6.647501711156742,1
Health Diagnostics,1750000.0,3,0.0,0
E-Commerce,25000.0,1,1.0,0
Cloud Computing,56500000.0,3,0.7474332648870636,1
E-Commerce,4700000.0,1,11.31006160164271,0
Games,16000000.0,2,1.0,0
Software,500000.0,1,4.468172484599589,1
Hardware + Software,12850012.0,4,1.0,1
E-Commerce,750003.0,1,1.0,1
Photo Editing,19000000.0,3,3.6878850102669403,0
Electronics,2000000.0,1,0.9582477754962354,0
Communications Infrastructure,70000000.0,1,4.4517453798767965,1
Financial Services,917495.0,2,0.6707734428473648,0
Web Hosting,5500000.0,1,1.0,1
Web Hosting,96250000.0,5,2.212183436002738,1
Content Delivery,900000.0,1,17.727583846680357,1
Advertising,6000000.0,3,1.0321697467488022,1
Mobile,4500000.0,2,0.8569472963723477,1
Messaging,880000.0,1,1.0,1
Augmented Reality,3090852.0,4,1.3004791238877482,1
Events,100000.0,1,1.0,0
Software,18000000.0,1,2.0451745379876796,1
Finance,0.0,1,1.9137577002053388,1
Biotechnology,9250150.0,1,3.156741957563313,1
Social Media,24621060.0,5,2.329911019849418,1
Advertising,35000.0,2,0.8323066392881588,0
Auctions,0.0,1,0.19164955509924708,0
Journalism,3098400.0,2,1.3634496919917864,0
Analytics,122000000.0,7,0.15605749486652978,1
Developer APIs,120000.0,1,2.4996577686516086,0
Biotechnology,6000000.0,1,0.8295687885010267,0
Software,8500000.0,1,6.915811088295688,1
Enterprise Software,2650000.0,3,0.5804243668720055,1
Apps,970000.0,2,0.5065023956194388,0
Computers,870578950.0,2,2.915811088295688,0
Marketing Automation,10000000.0,1,2.8829568788501025,1
iPad,35265.0,1,1.2922655715263518,1
Enterprises,14264323.0,6,1.6974674880219027,1
E-Commerce,0.0,1,0.4188911704312115,0
Automotive,9000000.0,2,0.0,1
Android,15000000.0,1,4.7529089664613275,0
Public Relations,10000000.0,1,1.0,0
Software,8000000.0,1,1.0,0
Content,10000.0,1,0.7885010266940452,1
Fantasy Sports,11221875.0,3,2.5489390828199863,0
Cars,16691.0,1,1.0,0
Collaboration,37800000.0,3,0.999315537303217,0
Software,16000000.0,1,0.999315537303217,1
Curated Web,700000.0,1,0.7474332648870636,0
Security,51260000.0,5,0.0,1
Property Management,13000.0,1,1.0,0
Cloud Computing,250000.0,1,1.9329226557152634,1
Games,3000000.0,1,2.8035592060232717,1
Finance,607200.0,1,3.9479808350444903,1
Curated Web,10000000.0,1,1.0,1
Enterprise Software,50000000.0,2,4.963723477070499,1
Social Media,242880.0,1,0.0,0
Networking,7000000.0,1,1.0,0
Consumers,80000.0,1,0.0,0
Software,4000000.0,1,7.123887748117728,1
Business Services,48000000.0,3,0.8295687885010267,1
Information Services,100000000.0,1,22.28062970568104,1
Software,3850000.0,1,5.127994524298426,1
Software,13168035.0,1,18.258726899383984,1
Advertising,250000.0,1,1.1498973305954825,0
Biotechnology,5836000.0,3,1.0,1
Analytics,86526744.0,11,3.0718685831622174,1
Biotechnology,92253803.0,7,4.035592060232717,0
Biotechnology,282700000.0,5,0.6132785763175906,1
Polling,1000000.0,1,0.0,0
Advice,7240578.0,3,0.8350444900752909,0
Advertising,15000.0,1,0.2518822724161533,0
Biotechnology,206000000.0,2,4.418891170431212,1
Semiconductors,10000000.0,1,10.57905544147844,1
Hardware + Software,0.0,1,11.745379876796715,1
Telecommunications,321000000.0,1,1.5879534565366187,1
Clean Technology,65700000.0,3,0.5804243668720055,1
Curated Web,2250000.0,2,0.7529089664613279,1
Software,8500000.0,1,1.0,0
Enterprise Software,3000000.0,1,0.2874743326488706,1
Accounting,4000000.0,1,4.783025325119781,1
Software,186000000.0,3,0.16700889801505817,1
Sports,2950000.0,1,7.148528405201916,1
Health Care,8300000.0,2,1.0,1
Web Hosting,517018.0,1,9.626283367556468,1
Entertainment,2700000.0,1,1.0,0
Analytics,118100000.0,9,0.0,1
B2B,10849999.0,3,0.17248459958932238,0
Optical Communications,15000000.0,1,1.0,0
Advertising,7600000.0,3,0.0,1
Information Technology,225000.0,1,1.0,1
Biotechnology,81235886.0,4,1.3990417522245038,1
Consulting,428000.0,1,1.2539356605065024,0
Biotechnology,34200000.0,2,1.0,1
E-Commerce,1475000.0,4,0.0,0
Manufacturing,22400000.0,1,1.0,1
Enterprise Software,6000000.0,1,3.29637234770705,1
Software,4000000.0,3,1.8809034907597535,1
Brokers,90000000.0,1,4.03832991101985,1
Clean Technology,132000000.0,1,6.275154004106776,1
Hardware + Software,196000.0,1,1.0,0
Manufacturing,21000000.0,1,6.023271731690623,0
Social Media,250000.0,1,1.0,0
Advertising,209250.0,3,0.15605749486652978,1
Home & Garden,1240000.0,1,0.15058179329226556,0
Cable,43000000.0,2,6.4722792607802875,0
Games,1015000.0,2,0.0,0
Advertising,3500000.0,3,0.3750855578370979,1
Security,28765834.0,3,1.0,1
3D,6600000.0,1,17.1854893908282,1
Health and Wellness,2089110.0,1,0.9856262833675564,0
Biotechnology,54387500.0,4,5.278576317590692,1
Curated Web,414961.0,1,1.0,0
Cloud Computing,1000000.0,1,8.41615331964408,0
Advertising,7500000.0,3,0.0,1
Health Care,5269376.0,2,1.73305954825462,0
Enterprise Software,6000000.0,1,1.483915126625599,1
Web Development,17500000.0,1,2.729637234770705,1
Audio,500000.0,1,0.0,0
Clean Technology,7500000.0,2,1.0,1
Software,4000000.0,1,0.7501711156741958,0
Software,31000000.0,3,28.0684462696783,1
Cloud Computing,4220000.0,3,0.38329911019849416,1
Internet,0.0,1,1.0,1
Mobile,5000000.0,1,23.249828884325805,1
Consumer Electronics,100000.0,1,0.2518822724161533,0
Software,12400000.0,3,12.678986995208762,1
E-Commerce,0.0,1,0.0,0
Delivery,10025000.0,3,2.31895961670089,1
E-Commerce,1398000.0,5,0.5119780971937029,0
Health Diagnostics,5000000.0,1,1.0,1
Biotechnology,101000000.0,3,2.0561259411362083,1
Biotechnology,72861405.0,2,1.0,1
Health Diagnostics,70000.0,1,1.0,1
Clean Technology,11456.0,1,1.0,0
Health Care,5000000.0,1,2.321697467488022,1
Biotechnology,66352435.0,4,1.0,1
Curated Web,150000.0,1,0.0,0
Curated Web,0.0,1,1.1663244353182751,0
Biotechnology,26500000.0,1,1.0,0
Mobile,5163408.0,2,0.5010266940451745,1
Biotechnology,5743342.0,2,10.751540041067761,0
Games,5500000.0,1,10.381930184804927,1
Health and Wellness,0.0,1,19.019849418206707,1
Cloud Computing,8035277.0,3,10.16290212183436,1
Health Care,50000.0,2,1.0,0
Software,3000000.0,1,1.0,1
Information Security,11800000.0,1,4.9253935660506505,0
Hardware + Software,122000.0,1,1.0,0
Hardware + Software,30754692.0,5,1.0075290896646132,1
Biotechnology,9812643.91877748,1,1.9137577002053388,1
Biotechnology,1327461.0,1,1.0,0
Biotechnology,8325000.0,2,6.76249144421629,1
Mobile,41346439.0,6,1.0869267624914443,1
Fashion,1695250.0,1,12.095824777549623,0
Hardware + Software,5000000.0,1,28.016427104722794,1
Biotechnology,65000000.0,2,12.459958932238193,1
Software,5540000.0,2,1.0,0
Biotechnology,9200000.0,1,10.751540041067761,0
Email,3800000.0,4,0.0,1
Biotechnology,143400000.0,4,2.4421629021218343,1
Mobile,850000.0,4,1.7522245037645447,1
Auto,2256477.0,1,1.0,1
Automotive,3859800.0,1,7.129363449691992,1
Software,23500000.0,3,2.220396988364134,1
Curated Web,85300000.0,4,0.0,0
Software,29000000.0,3,5.552361396303901,1
Analytics,892000.0,6,0.0,0
CRM,20118.0,1,0.03559206023271732,0
Accounting,7500000.0,2,0.4188911704312115,1
Communities,14400000.0,5,0.5037645448323066,1
Curated Web,2000000.0,1,2.135523613963039,1
Mobile,17000000.0,1,4.350444900752909,1
Games,23300000.0,3,0.2737850787132101,1
Online Travel,20000.0,1,0.32854209445585214,0
Games,33600000.0,3,0.3805612594113621,1
Biotechnology,81999920.0,4,0.7748117727583846,1
Blogging Platforms,0.0,1,2.461327857631759,1
Enterprise Software,51143126.0,2,1.0,1
Hardware + Software,20800000.0,4,0.8596851471594799,1
Consumer Goods,5500000.0,1,15.860369609856264,1
E-Commerce,2111760.0,2,14.132785763175907,0
Advertising,0.0,2,0.9500342231348392,1
Enterprise Security,0.0,1,1.0,0
Technology,0.0,1,1.0,1
Advertising,2180048.0,5,1.374401095140315,0
Education,40000.0,1,1.0,0
Clean Technology,28800000.0,3,1.2785763175906912,1
Software,3359105.0,1,2.3682409308692676,0
Automotive,75000000.0,1,8.848733744010952,0
Biotechnology,106550010.0,4,3.6057494866529773,1
Innovation Management,174443498.0,1,1.0,0
Semiconductors,10000000.0,1,14.609171800136892,1
Biotechnology,7500000.0,1,22.23134839151266,1
Application Platforms,223245.0,1,1.8261464750171115,0
Biotechnology,36611963.0,6,3.433264887063655,1
Health Diagnostics,22455181.0,2,1.0,1
Bio-Pharm,23566995.0,1,4.2819986310746065,1
Biotechnology,10650000.0,2,1.0,1
Curated Web,1514366.0,3,0.0,0
Curated Web,1190000.0,1,1.0,0
Travel,20400000.0,3,0.0,1
E-Books,17000000.0,2,0.7775496235455168,0
Software,34000000.0,2,13.582477754962355,1
Hardware + Software,41289900.0,6,2.242299794661191,0
Information Services,0.0,1,3.2334017796030117,1
Clean Technology,13623000.0,1,1.0,1
Services,0.0,1,1.0,0
Semiconductors,86000000.0,3,1.0,1
Computers,20000000.0,1,1.0,0
Biotechnology,255220000.0,5,1.6646132785763177,1
Business Productivity,3000000.0,1,1.0,1
Hardware + Software,350000.0,1,1.6700889801505818,0
SaaS,2000000.0,1,1.0,1
Cloud Computing,15000000.0,2,3.8329911019849416,1
Internet,59514142.9704608,2,2.8528405201916494,1
Automotive,10000000.0,1,3.600273785078713,0
Enterprise Software,21170000.0,4,4.720054757015743,1
Apps,5500000.0,1,1.6947296372347707,1
Software,105500000.0,2,10.904859685147159,1
Billing,0.0,1,0.0,0
Hardware,0.0,3,9.623545516769337,1
Mobile,10000000.0,1,16.125941136208077,1
Mobile,235536.0,1,0.13689253935660506,0
Mobile,0.0,1,0.0,0
Software,8100000.0,4,1.0,0
Curated Web,4100000.0,2,0.32854209445585214,1
Public Relations,0.0,1,0.7501711156741958,1
Mobile,47000000.0,4,0.6707734428473648,1
Advertising,800000.0,1,0.0,0
Biotechnology,1700000.0,1,17.71937029431896,1
Software,10000000.0,1,1.0,1
Biotechnology,87700000.0,4,1.0,1
Enterprise Software,8175324.0,4,9.27583846680356,1
Mobile,100000000.0,1,16.97741273100616,1
Communications Hardware,329000000.0,5,0.999315537303217,1
Biotechnology,38300000.0,2,1.0,1
Software,69000000.0,6,0.2929500342231348,1
Enterprise Software,5000000.0,1,1.0,1
Content Delivery,19119999.0,3,1.8726899383983573,1
Broadcasting,56300000.0,6,0.16700889801505817,1
Mobile,1210000.0,2,1.0,0
E-Commerce,100000000.0,1,33.45379876796714,1
Enterprise Software,10000000.0,1,6.792607802874743,1
Software,0.0,1,1.0,1
Clean Technology,26500000.0,5,2.2806297056810405,1
Enterprise Software,9500000.0,1,3.3292265571526354,0
Bio-Pharm,5591715.97633136,1,1.0,0
Audio,21750000.0,2,1.5605749486652978,1
Cloud Computing,2700000.0,1,3.2114989733059547,1
Food Processing,1024999.0,1,1.0,0
Billing,50000.0,1,2.083504449007529,0
Apps,8000000.0,2,1.8863791923340179,1
Advertising,2400000.0,2,0.16700889801505817,1
Apps,500000.0,1,1.0,0
B2B,3200000.0,2,1.8672142368240932,1
Analytics,84491709.0,6,0.9390828199863107,1
Health Care,44000000.0,1,8.490075290896646,0
Semiconductors,14500000.0,1,2.6009582477754964,1
Internet,12500000.0,1,16.92539356605065,1
Curated Web,0.0,1,1.0,1
Software,0.0,2,0.16700889801505817,0
Analytics,0.0,3,1.0,0
Analytics,320000.0,2,0.487337440109514,0
Digital Signage,60700000.0,2,0.7173169062286106,1
Enterprise Software,11370000.0,1,3.4743326488706368,1
Big Data,2500000.0,1,0.6652977412731006,1
Mobile,50000000.0,3,1.0,1
Customer Service,30234350.0,3,6.053388090349076,1
Biotechnology,100000.0,1,1.0,0
Parenting,90000.0,1,0.0,0
Enterprise Software,6294996.0,2,2.6666666666666665,1
Software,4342015.0,1,23.27173169062286,1
Mobile,16691.0,1,1.0,0
Mobile,27289974.0,3,24.618754277891856,1
Android,8297000.0,2,2.724161533196441,1
Commercial Real Estate,5000000.0,1,6.677618069815195,1
Analytics,1500000.0,1,3.1074606433949348,1
Alumni,12500.0,1,1.0,0
Mobile,870000.0,3,1.9822039698836413,0
Enterprise Software,4500000.0,1,4.766598220396989,1
Consulting,0.0,1,0.30390143737166325,0
Android,7000000.0,2,0.17522245037645448,1
Analytics,13600000.0,2,1.6180698151950719,1
Curated Web,900000.0,1,4.596851471594798,1
Software,3000000.0,1,0.16427104722792607,1
Software,100000.0,1,0.0,0
App Stores,0.0,1,13.535934291581109,1
Analytics,0.0,2,1.0,0
Media,0.0,1,1.0,0
Curated Web,5000000.0,1,0.999315537303217,0
Enterprise Software,11500000.0,1,6.135523613963039,1
Curated Web,646740.0,2,0.3723477070499658,1
Fashion,2107000.0,1,27.54551676933607,1
Security,3500000.0,2,0.16427104722792607,1
File Sharing,8200000.0,2,0.5256673511293635,1
Finance,8350000.0,3,2.0095824777549622,1
Mobile,74800000.0,5,0.0,1
Biotechnology,2500000.0,1,1.0,1
Curated Web,1500000.0,1,1.1225188227241616,0
Career Management,550000.0,2,1.0,0
EdTech,11700000.0,4,0.0,1
Enterprise Software,14907283.0,3,1.0,1
Information Technology,10000000.0,1,1.0,0
Computers,15000000.0,1,1.0,1
Health Care,52433800.0,2,1.0,1
Biotechnology,24400000.0,5,0.46269678302532513,0
Biotechnology,8333219.0,3,1.0,1
Health and Wellness,15788674.0,3,1.0,1
Physicians,93708653.0,10,3.707049965776865,1
Messaging,3008197.0,2,9.91375770020534,0
Data Security,409299.0,1,1.9082819986310746,1
Pets,600000.0,1,1.1964407939767283,0
Pets,35000.0,1,1.0376454483230664,0
Clean Technology,6000000.0,1,1.0,0
Software,2200000.0,3,0.0,0
Biometrics,25000000.0,1,2.42299794661191,0
E-Commerce,7000000.0,2,1.0,1
Mobile,30000.0,1,0.0,0
Enterprise Software,8500000.0,1,1.0,1
Mobile Commerce,34600000.0,3,1.1416837782340863,1
Social Media,1310000.0,3,0.0,1
E-Commerce,14500000.0,1,6.847364818617385,1
Software,10000000.0,1,11.370294318959617,1
Business Services,0.0,1,0.0,0
Finance,50000.0,1,0.08487337440109514,0
Games,5000000.0,1,1.0,1
E-Commerce,660000.0,1,0.7994524298425736,0
E-Commerce,197000000.0,5,0.08487337440109514,1
Advertising,200000.0,2,1.1252566735112937,0
Databases,33386478.0,8,2.74880219028063,1
Developer APIs,7750000.0,3,0.0,1
E-Commerce,482786.0,1,1.0,1
Electronics,485000.0,1,1.0,0
Health Care,0.0,1,1.0,0
Clean Technology,1000000000.0,1,1.0,1
Business Services,12700000.0,2,2.2587268993839835,1
Health Care,29000000.0,2,1.0,1
Life Sciences,1967780.86792255,1,16.021902806297057,0
Software,22000000.0,2,0.32854209445585214,1
Social Media,4200000.0,2,1.0841889117043122,1
Facebook Applications,325000.0,2,0.39698836413415467,0
Apps,400000.0,1,1.0,0
Biotechnology,247500100.0,7,1.68104038329911,1
Real Estate,600000000.0,1,5.790554414784395,1
Hardware + Software,11450000.0,2,1.4428473648186173,1
Marketplaces,55000000.0,2,0.0,0
Internet,20000000.0,1,3.049965776865161,1
Software,5280000.0,1,1.0,0
E-Commerce,7500000.0,4,1.891854893908282,1
Apps,5576096.0,3,0.16700889801505817,0
Mobile,0.0,1,0.7474332648870636,1
Advertising,29915001.0,7,0.0,1
B2B,100000.0,1,3.5811088295687883,0
Advertising,10000000.0,2,1.0,1
Analytics,3799671.0,3,0.0,1
Games,5000000.0,1,1.002053388090349,0
Curated Web,2800000.0,1,4.1067761806981515,0
Hardware + Software,9800000.0,2,14.154688569472963,1
Gps,22400000.0,3,0.917180013689254,1
iOS,0.0,1,1.0,1
Software,19392757.0,6,8.101300479123887,1
Bio-Pharm,80000000.0,2,1.8206707734428473,1
Analytics,71995394.0,5,1.1663244353182751,1
Biotechnology,121230.0,1,8.837782340862423,1
Software,0.0,1,1.0,0
Credit Cards,2500000.0,1,1.4647501711156743,0
Entrepreneur,500000.0,1,0.0,0
Services,1000000.0,1,1.0,0
E-Commerce,25000.0,1,0.0,0
Education,0.0,1,8.687200547570157,1
Software,17000000.0,1,12.71731690622861,1
Software,4500000.0,1,6.034223134839151,1
Finance,0.0,1,0.0,0
Software,175000.0,1,1.0,1
Broadcasting,50326957.0,1,1.0,1
Application Platforms,0.0,1,0.243668720054757,0
Software,10000000.0,1,4.8405201916495555,1
Biotechnology,68760000.0,3,1.0,1
Semiconductors,12000000.0,1,1.6892539356605065,1
BPO Services,7500000.0,2,6.357289527720739,1
Security,250000.0,1,0.0,1
Consumer Goods,750000.0,1,1.0,0
Health Care Information Technology,19500000.0,2,2.001368925393566,1
Semiconductors,40600000.0,2,13.023956194387406,1
Advertising,1100000.0,1,1.0,1
Travel,2500000.0,1,1.2457221081451062,0
Advertising,30600000.0,3,1.5195071868583163,1
Consumer Goods,95000.0,1,1.0,0
Consulting,28305854.0,3,4.016427104722792,1
Advertising,3000000.0,1,0.2464065708418891,1
Software,1060000.0,1,1.0,1
Software,13000000.0,1,4.476386036960986,1
Social Media,14000.0,1,1.0,0
Apps,0.0,1,0.26283367556468173,1
Bio-Pharm,52500000.0,1,1.0,0
Information Services,12000000.0,2,1.7467488021902806,1
Entertainment,9000000.0,3,0.0,0
Biotechnology,99000000.0,2,16.019164955509925,1
Security,4700000.0,2,6.666666666666667,1
Android,4000.0,1,0.0,0
Information Technology,175000.0,1,0.0,0
Curated Web,250000.0,1,1.571526351813826,0
Software,1200000.0,1,1.0,0
Advertising,340419.0,1,0.75564681724846,0
Cloud Security,20000000.0,3,1.0759753593429158,1
Software,25892230.0,5,1.5797399041752225,1
Analytics,63000000.0,1,9.568788501026694,1
Biotechnology,40030000.0,4,1.0,0
Collaboration,5500000.0,2,0.9390828199863107,1
Pets,18000000.0,1,0.4490075290896646,1
Pets,4351345.0,1,45.72210814510609,1
Pets,250000.0,1,0.0,0
Subscription Service,6579383.0,3,0.0,0
Clean Technology,53999987.0,2,1.3880903490759753,0
Software,6000000.0,2,1.056810403832991,0
Enterprises,0.0,2,5.579739904175223,1
Biotechnology,29160000.0,1,1.0,0
Apps,0.0,1,1.0,0
Biotechnology,24000000.0,1,0.0054757015742642025,1
Business Services,8000000.0,1,11.403148528405202,1
Software,65277712.0,5,6.581793292265571,1
Security,8500000.0,1,10.403832991101986,1
Games,1100000.0,1,1.0,0
Curated Web,5000000.0,4,1.0,0
Biotechnology,7630000.0,1,12.566735112936344,1
Independent Pharmacies,1200000.0,1,1.0,0
Curated Web,25000000.0,1,0.0,0
Biotechnology,19300000.0,1,8.566735112936344,1
Pharmaceuticals,0.0,1,1.0,1
Pharmaceuticals,40000000.0,1,1.0,1
Fashion,0.0,1,1.0,1
Clinical Trials,25000000.0,1,3.6440793976728267,1
Enterprise Software,4000000.0,3,6.833675564681725,1
iOS,3500000.0,2,0.0,1
Biotechnology,12921240.0,2,3.7754962354551678,1
Biotechnology,72955935.0,3,1.0,0
Nonprofits,500000.0,1,1.0,1
Design,5000000.0,1,1.0,1
Broadcasting,0.0,2,13.834360027378509,1
Software,20300000.0,1,31.457905544147845,1
Art,45000.0,1,0.3915126625598905,0
Public Relations,4820350.0,2,10.03148528405202,1
Apps,1000000.0,1,0.9774127310061602,0
Advertising,534000.0,1,2.639288158795346,0
Ad Targeting,97949012.0,3,6.2121834360027375,1
E-Commerce,5000000.0,2,5.49760438056126,1
Curated Web,38986432.0,11,1.7494866529774127,1
Advertising,16090.0,1,0.15058179329226556,0
Health Care,4257250.0,2,1.0,1
3D Printing,0.0,2,1.0,0
Electronics,25795004.0,4,1.0,0
Hardware + Software,13500000.0,1,4.32580424366872,1
Photography,1725834.0,2,1.2758384668035592,0
Biotechnology,80500000.0,2,8.971937029431896,0
Curated Web,6500000.0,1,1.0,1
Health Care,4140000.0,2,1.0,0
Apps,9900000.0,3,0.1971252566735113,1
Curated Web,0.0,1,0.1697467488021903,0
Jewelry,13680000.0,1,20.073921971252567,0
Software,10000000.0,2,0.6926762491444216,1
Web Hosting,20190000.0,2,4.030116358658453,1
Web Hosting,3000000.0,1,6.8583162217659135,0
Biotechnology,25000000.0,1,1.0,0
Cosmetics,0.0,1,66.83641341546885,1
Health and Wellness,3960155.0,1,1.0,0
Enterprise Software,11544000.0,4,2.116358658453114,1
Enterprise Software,9400000.0,1,3.567419575633128,1
Automotive,250000.0,1,0.5804243668720055,0
Apps,100000.0,1,0.08487337440109514,0
Photo Editing,25000.0,1,1.0,0
Advertising,3915000.0,2,2.0506502395619437,1
Blogging Platforms,3200000.0,1,0.7118412046543463,1
Curated Web,12100000.0,2,0.999315537303217,0
All Students,40000.0,1,0.0,0
E-Commerce,1000000.0,2,1.163586584531143,1
B2B,1300000.0,1,1.0,1
E-Commerce,13000.0,1,0.0,0
Software,15574.0,1,0.0,0
Concerts,100000.0,1,0.0,0
Games,15000000.0,4,1.0,1
Cloud Computing,1400000.0,1,1.8507871321013005,1
Software,120500000.0,7,1.002053388090349,1
Web Hosting,49500000.0,3,9.05407255304586,1
Advertising,12000.0,1,0.0,0
Curated Web,401201.0,1,1.0622861054072552,0
E-Commerce,1400000.0,2,0.07392197125256673,1
Advertising,3499997.0,4,0.22176591375770022,1
E-Commerce,0.0,1,0.2518822724161533,0
Mobile,25000.0,1,0.4490075290896646,0
Software,16000000.0,1,2.083504449007529,0
Social Media,11000000.0,1,16.16700889801506,1
Mobile,0.0,1,0.16153319644079397,1
Apps,2000000.0,1,0.12867898699520877,0
Biotechnology,77999989.8627303,5,1.8316221765913758,1
Interface Design,5000.0,1,0.2327173169062286,0
Crowdsourcing,1730000.0,3,0.4106776180698152,1
Crowdsourcing,20000.0,1,0.0,0
Gambling,5920000.0,2,0.16153319644079397,0
Artificial Intelligence,0.0,1,0.8624229979466119,0
Business Development,11000000.0,2,0.0,1
E-Commerce,15580.0,1,1.0,0
Advertising,560001.0,3,0.08213552361396304,1
Consumer Internet,0.0,1,0.0,0
Interest Graph,22664.0,1,0.0,0
Curated Web,0.0,2,22.45037645448323,1
Software,1000000.0,1,1.0,0
Music,1600000.0,1,1.0,1
Games,0.0,2,3.5811088295687883,1
Curated Web,1400000.0,1,2.028747433264887,0
Android,500000.0,1,0.2080766598220397,0
Clean Technology,13500000.0,2,4.243668720054757,0
Analytics,615000.0,1,0.14784394250513347,0
Social Media,0.0,1,1.0,0
Pharmaceuticals,7250000.0,1,2.647501711156742,1
Curated Web,10000.0,1,0.3531827515400411,0
Health Care,61000000.0,3,1.0,1
Biotechnology,11200000.0,2,1.0,1
Health and Wellness,0.0,1,1.0,1
Biotechnology,13200000.0,1,2.516084873374401,1
Content,115000.0,1,1.0,0
Cloud Computing,28830989.0,7,0.23545516769336072,1
Curated Web,200000.0,1,0.8323066392881588,1
Education,5800000.0,1,1.0,0
Financial Services,13100000.0,3,0.7529089664613279,1
Health Care,42725003.0,4,1.0,1
Biotechnology,7498349.0,1,1.0,0
Analytics,45585068.0,6,9.122518822724162,1
Digital Media,6100000.0,2,1.6646132785763177,1
Collaboration,0.0,2,0.999315537303217,1
Health Care,92505372.0,4,3.808350444900753,0
Blogging Platforms,2300000.0,2,0.0,0
Entertainment,2000000.0,1,2.2477754962354553,1
Document Management,1000000.0,1,4.246406570841889,0
Hardware + Software,90832109.0,8,1.0,1
Software,19299000.0,1,1.0,1
Mobile,7400000.0,2,3.915126625598905,0
App Stores,8470000.0,1,1.0,1
Displays,53700000.0,6,0.432580424366872,1
Curated Web,0.0,1,2.4202600958247777,1
Governance,500000.0,2,0.0,0
Curated Web,5000000.0,1,1.0,0
Mobile,0.0,1,0.6187542778918549,0
Investment Management,0.0,2,1.0,1
Telecommunications,0.0,1,3.0006844626967832,1
Advertising,500000.0,1,2.1519507186858315,1
Meeting Software,0.0,1,1.0,0
Career Planning,50000.0,1,0.0,0
Biotechnology,15300000.0,1,1.0,0
Clean Technology,2300000.0,1,1.864476386036961,0
Electronics,7998800.0,2,6.833675564681725,1
Crowdfunding,1000000.0,1,1.0,0
Small and Medium Businesses,50000.0,1,1.0,0
Business Development,250000.0,1,0.0,0
Finance,17500000.0,3,4.41615331964408,1
Outdoors,25000.0,1,1.0,0
Advertising,720750.0,1,0.0,0
Clean Technology,2806096.0,5,1.352498288843258,0
Databases,10000000.0,1,1.0,1
Life Sciences,15000.0,1,2.1738535249828885,1
E-Commerce,23400000.0,4,2.1683778234086244,1
Internet,30000.0,1,1.0,0
Advanced Materials,200000.0,1,1.0,0
Career Management,18000000.0,1,5.065023956194388,1
Hardware + Software,37000000.0,1,8.903490759753593,1
Maps,3400000.0,2,1.0,0
Accounting,0.0,1,4.744695414099931,0
Semiconductors,29527669.0,3,11.5564681724846,0
Games,0.0,2,0.0,1
Storage,7000000.0,1,1.0,0
Contact Management,28300000.0,4,0.0,1
Facebook Applications,100000.0,1,0.0,0
Games,500000.0,1,1.0,1
Apps,92138.0,2,0.0,0
Games,0.0,1,1.6673511293634498,0
Mobile,530000.0,2,2.830937713894593,0
Games,0.0,1,1.0,0
Babies,60000.0,1,0.0,0
Games,4378812.0,2,2.6338124572210813,1
Apps,76000000.0,2,1.7768651608487338,1
Mobile,21189.0,2,0.676249144421629,0
Games,1000000.0,1,1.0,1
Games,2100000.0,1,2.858316221765914,1
Games,37720000.0,5,0.0,1
Apps,21000000.0,3,0.44353182751540043,1
Advertising,30800000.0,6,0.0,1
Apps,6000000.0,3,0.9555099247091033,1
Games,10000000.0,2,2.5845311430527036,1
Curated Web,0.0,1,1.0,1
EdTech,820000.0,3,0.4106776180698152,1
Game,46300000.0,4,1.3360711841204653,1
Entertainment,1500000.0,1,1.0,1
Banking,4200000.0,1,1.0,1
Curated Web,4695100.0,2,0.0,1
Aerospace,1320474.84275345,1,1.3032169746748803,0
Software,2500000.0,1,1.0,0
Analytics,150000.0,1,1.0,0
Software,1000000.0,1,5.437371663244353,0
Software,0.0,1,0.7939767282683093,0
Clean Technology,54847500.0,10,2.3956194387405887,1
Biotechnology,46000000.0,1,4.399726214921286,1
Enterprise Software,50300006.0,3,1.88911704312115,1
Advertising,500000.0,1,1.0,0
Entertainment,95000.0,1,0.2929500342231348,0
Computer Vision,100000.0,1,0.6652977412731006,1
Ad Targeting,3800000.0,3,0.33675564681724846,1
Advertising,400000.0,1,0.999315537303217,0
Curated Web,2600000.0,1,1.0321697467488022,1
Ediscovery,5200000.0,2,0.7118412046543463,0
Curated Web,17000000.0,3,0.999315537303217,1
Apps,20000.0,1,1.0,0
Curated Web,1250000.0,1,1.8453114305270362,0
Music,2000000.0,1,1.7056810403832992,0
E-Commerce,1000000.0,1,2.1711156741957565,1
Software,23000000.0,1,4.446269678302532,1
Media,29600000.0,3,4.971937029431896,0
Curated Web,705000.0,2,0.3258042436687201,0
Curated Web,450000.0,1,0.0,0
Cloud Computing,750000.0,1,0.6652977412731006,0
Curated Web,0.0,1,0.0,0
Biotechnology,21370003.0,4,7.36208076659822,1
Hardware + Software,2437899.0,3,7.301848049281314,1
Mobile,4410000.0,1,1.9164955509924708,1
Messaging,0.0,1,1.0,1
Health Care,0.0,1,0.8323066392881588,0
Health Care,60000000.0,2,3.1759069130732374,1
Coupons,2800000.0,2,2.305270362765229,0
Mobile,150000.0,2,1.4099931553730323,0
Mobile,125000000.0,2,2.833675564681725,0
Education,100000.0,1,0.0,0
Games,0.0,1,1.0,0
Mobile,6350000.0,1,1.0,1
Leisure,0.0,2,0.3668720054757016,0
Shipping,0.0,1,1.0,0
Software,2490000.0,2,1.1006160164271048,1
Enterprise 2.0,4600000.0,3,0.0,1
Semiconductors,10000000.0,2,1.0,1
Android,0.0,1,1.0,1
Financial Services,5000000.0,1,1.0,0
Software,12000000.0,1,2.5817932922655715,1
Facebook Applications,50000.0,1,0.0,0
Apps,2880000.0,2,1.0,1
Enterprise Software,7000000.0,1,6.795345653661875,1
Browser Extensions,5100000.0,1,2.0369609856262834,0
Software,1080000.0,1,1.0,0
Analytics,7530000.0,2,0.2026009582477755,1
Internet Marketing,70599032.7932507,1,1.0,0
Curated Web,599997.0,2,0.08487337440109514,0
Advertising,114924.0,1,0.14784394250513347,0
Identity,2000000.0,2,0.0,0
Software,60000.0,1,0.4106776180698152,0
Telecommunications,5900000.0,2,1.0,1
Entertainment,350000.0,2,0.42984257357973993,0
Biotechnology,14000000.0,1,8.24640657084189,1
Business Development,3091250.0,1,4.309377138945927,1
Software,73500000.0,5,0.999315537303217,1
Health Care,830000.0,1,1.0,0
Curated Web,22100000.0,3,0.8459958932238193,1
Internet,65118.0,2,0.04380561259411362,0
Consulting,500000.0,1,3.082819986310746,0
Data Center Automation,182055.0,1,1.0,0
Software,7500000.0,1,6.310746064339494,1
Advertising,23949992.0,5,1.2292950034223136,1
Mobile,25000.0,1,1.0,0
Technology,400000.0,1,0.36413415468856947,0
Games,29866459.0,2,9.396303901437372,1
Ediscovery,0.0,1,1.0,0
Blogging Platforms,0.0,1,0.2518822724161533,0
Mobile,1500000.0,1,0.8706365503080082,0
Collaboration,0.0,1,0.07939767282683094,0
Games,810000.0,2,2.0917180013689256,0
Big Data,2410000.0,3,0.16427104722792607,1
Advertising,12250000.0,2,4.084873374401095,1
Curated Web,0.0,1,0.04654346338124572,0
Biotechnology,20629520.0,6,1.0,0
Apps,0.0,1,0.0,0
Entertainment,42000000.0,1,1.0,1
Software,3400000.0,2,1.0,1
Health Care,14950000.0,3,1.0,1
Cloud Computing,2000000.0,2,0.0,1
Employer Benefits Programs,4100000.0,2,1.73305954825462,0
Biotechnology,249099998.0,5,0.9390828199863107,1
Artificial Intelligence,0.0,1,14.595482546201232,1
Security,2350000.0,1,1.0,1
Ad Targeting,13550000.0,4,2.291581108829569,1
Health Care,1912996.0,4,11.162217659137577,1
Manufacturing,350000.0,1,1.0,0
E-Commerce,0.0,1,0.7392197125256673,0
Games,1500000.0,1,1.0,0
Software,1049999.0,1,1.1800136892539357,0
Apps,3882595.0,3,0.2108145106091718,0
Facebook Applications,143083.0,2,0.9774127310061602,1
News,540000.0,1,0.999315537303217,0
Enterprise Software,254220.0,1,0.1943874058863792,0
Blogging Platforms,10140000.0,5,0.0,1
Curated Web,0.0,1,1.7385352498288844,1
Messaging,700000.0,3,0.12867898699520877,1
Messaging,24300000.0,2,1.9329226557152634,1
Analytics,610000.0,2,0.0,0
Software,11000000.0,1,1.0,1
Mining Technologies,2900000.0,1,1.0,1
Hospitality,58000000.0,1,10.444900752908966,1
Semiconductors,12000000.0,1,1.0,0
Retail,44579707.0,1,1.0,1
Advertising,0.0,1,0.0,0
Energy,40000.0,1,1.0,0
Hardware + Software,6000000.0,1,3.915126625598905,0
Energy,384180.0,1,26.688569472963724,1
Curated Web,6000000.0,1,1.2511978097193703,0
Content Creators,150000.0,1,1.998631074606434,0
Clean Technology,5295000.0,2,1.0,0
Clean Energy,60000000.0,1,1.0,1
Clean Energy,1575000.0,3,1.1553730321697468,1
Cloud Computing,6000000.0,2,2.915811088295688,1
Software,5300000.0,1,13.360711841204655,0
Industrial Automation,71000000.0,6,1.998631074606434,1
Business Services,19398821.0,3,7.255304585900069,1
Energy,13103215.9035603,1,1.0,1
Software,110100000.0,1,1.0,1
Analytics,75120312.0,7,1.0,1
Clean Technology,65000000.0,2,1.0,1
Search,33000000.0,3,0.0,1
Education,2500000.0,1,2.746064339493498,1
Hardware + Software,39496651.0,7,1.9575633127994525,1
Mobile,0.0,1,10.770704996577686,1
Curated Web,0.0,1,0.5859000684462696,1
Clean Energy,750000.0,1,0.08761122518822724,0
Mobile,6261912.0,2,4.01368925393566,1
Pharmaceuticals,350000000.0,1,19.433264887063654,1
Clean Technology,2100000.0,1,31.091033538672143,1
Photography,59640000.0,4,0.5010266940451745,1
Clean Technology,3000000.0,1,1.0,0
Photography,706500000.0,5,1.002053388090349,1
Public Relations,403729.0,1,1.0,0
Biotechnology,250000.0,1,1.5058179329226558,0
Search,0.0,1,1.0,0
Architecture,6776999.0,7,1.0,1
Biotechnology,115400002.0,3,0.9117043121149897,1
Hardware + Software,4217152.0,2,1.0,1
Analytics,14500000.0,1,1.0,1
Software,2150000.0,2,4.446269678302532,1
Analytics,2818000.0,4,0.7665982203969883,1
Consulting,12020000.0,2,11.030800821355236,1
Advertising,4300000.0,1,1.0677618069815196,0
Finance,552270.0,1,1.4483230663928817,0
Health and Wellness,20500009.0,3,1.678302532511978,1
Software,50000.0,1,1.0,0
Communities,12500.0,1,0.07118412046543464,0
Biotechnology,57968922.8844951,2,1.0,1
Biotechnology,10786338.0,1,1.0,1
Diagnostics,6200000.0,2,1.0,1
Health and Wellness,4000000.0,1,1.0,1
Software,4010000.0,1,8.0766598220397,0
Advertising,2000.0,1,1.0,0
Apps,18000.0,1,1.0,0
Clean Technology,15650000.0,3,4.353182751540041,1
Finance,0.0,1,0.16153319644079397,0
Payments,50000.0,1,0.0,0
Curated Web,1200000.0,1,1.2210814510609171,0
Games,1000000.0,1,0.0,0
Software,490007.121436832,1,1.0,0
Consulting,3400000.0,1,1.0,0
Analytics,4500000.0,1,0.0,0
Health and Wellness,0.0,1,1.0,1
EdTech,9500000.0,2,1.0,1
Collaboration,70000.0,1,0.5393566050650239,0
Games,25000.0,1,0.0,0
Software,14000000.0,3,4.427104722792608,1
Artificial Intelligence,110000.0,1,0.5749486652977412,0
News,500000.0,1,0.0,0
Curated Web,25000.0,1,1.5824777549623545,0
Biotechnology,10628756.0,9,31.137577002053387,1
Finance,1287243.0,2,6.828199863107461,1
Hardware + Software,33500000.0,1,18.885694729637233,1
E-Commerce,100000.0,1,0.0,0
Security,10000000.0,2,2.132785763175907,0
Curated Web,300000.0,1,1.0,0
E-Commerce,0.0,2,0.27652292950034224,1
Sports,175916.0,1,0.8706365503080082,0
Business Services,77336990.0,3,0.08487337440109514,1
Hotels,10381850.0,2,1.5824777549623545,1
Local Businesses,0.0,1,0.0,0
E-Commerce,0.0,1,0.16153319644079397,0
Health Care,14250000.0,3,1.0,1
3D,29400000.0,3,1.270362765229295,1
Sports,0.0,1,1.0,1
Marketing Automation,0.0,1,1.0,0
Local Businesses,31050000.0,1,6.915811088295688,1
Health Care,50000.0,1,1.0,0
Data Privacy,21000000.0,1,13.229295003422314,1
Printing,11400000.0,2,5.2265571526351815,1
Software,40000000.0,1,1.0,1
Hardware + Software,0.0,1,1.0,0
Curated Web,15000.0,1,0.038329911019849415,0
3D Printing,0.0,1,1.379876796714579,0
Analytics,1400000.0,1,0.4188911704312115,1
Biotechnology,15000000.0,1,1.0,1
Data Security,2250000.0,1,0.4736481861738535,1
E-Commerce,534480.0,1,0.0,0
Finance,8000000.0,1,3.592060232717317,1
CRM,0.0,1,0.17522245037645448,0
Game,259989.0,1,0.0,0
Consulting,100000.0,1,0.4462696783025325,0
Biotechnology,9514000.0,13,8.199863107460644,1
Biotechnology,38500445.0,3,3.1019849418206706,0
Business Services,15000000.0,1,1.0,1
Hardware + Software,1000000.0,1,1.0,0
Bridging Online and Offline,150000.0,1,5.49760438056126,0
Biotechnology,73422000.0,2,12.83504449007529,1
Curated Web,10000.0,1,0.0,0
Mobile,4195000.0,1,8.36413415468857,1
Business Productivity,4000000.0,1,1.4729637234770705,1
Biotechnology,3950000.0,1,1.0,1
Analytics,7750000.0,1,7.51813826146475,1
Apps,20000.0,1,1.0,0
Leisure,0.0,1,1.0,0
Collaboration,1310000.0,3,0.019164955509924708,1
Consulting,2908830.0,2,1.0,1
Biotechnology,33000000.0,3,3.2334017796030117,1
Computers,5000000.0,1,3.9616700889801506,1
Tracking,6500000.0,2,1.0,1
Hardware + Software,7000000.0,1,15.145790554414784,1
E-Commerce,1250000.0,1,1.0,1
Finance,460000.0,3,0.0,0
Pharmaceuticals,5000000.0,1,1.0,0
Enterprise Software,568700.0,1,1.0,1
Diagnostics,5000.0,1,0.11772758384668036,0
Employment,875000.0,1,0.999315537303217,0
Software,315380.0,1,2.3107460643394937,0
Social Media,1600000.0,1,1.7494866529774127,0
Financial Services,0.0,1,12.454483230663929,1
Curated Web,38025999.0,4,0.3586584531143053,1
Enterprise Software,51900000.0,3,8.235455167693361,1
Messaging,4000000.0,1,3.1238877481177276,0
Biotechnology,26399991.0,2,1.0,1
Big Data,100000.0,1,0.49555099247091033,0
Biotechnology,260000000.0,1,15.017111567419576,1
Biotechnology,25100000.0,2,21.88637919233402,1
Mobile,210000.0,1,0.11225188227241616,0
Assisitive Technology,350001.0,1,1.0,0
Biotechnology,80231452.0,5,6.9869952087611225,1
Consulting,66230.0,1,0.0,0
Entertainment,0.0,1,0.3860369609856263,0
Android,11600000.0,3,4.774811772758385,1
Enterprise Software,79000000.0,5,1.3689253935660506,1
Biotechnology,2300000.0,1,1.0,0
Computers,10120000.0,1,1.0,1
Application Platforms,1250000.0,1,0.48459958932238195,0
Property Management,477899.064683259,1,0.7474332648870636,0
Real Estate,2000000.0,1,3.082819986310746,1
Property Management,100000.0,1,0.0,0
Health and Wellness,7000000.0,1,1.0,1
Curated Web,13000000.0,2,1.0,0
Social Media,240000.0,2,0.10130047912388775,0
Creative,150000.0,1,0.09856262833675565,0
Biotechnology,73272800.0,4,5.084188911704312,1
Software,0.0,1,1.0,1
Biotechnology,45049261.0,2,5.508555783709788,1
Information Technology,2700000.0,1,1.0,0
Finance,370000.0,2,0.0,0
Information Technology,26400000.0,3,1.5058179329226558,1
Alumni,12500.0,1,1.0,0
Intellectual Property,4190878.0,1,1.0376454483230664,1
Security,250000000.0,1,27.025325119780973,1
Security,788800.0,1,3.164955509924709,0
Data Security,6300000.0,1,2.0396988364134154,1
Biotechnology,24010000.0,4,1.8863791923340179,1
Biotechnology,126538660.0,5,6.677618069815195,1
Health and Wellness,15000000.0,1,1.0,1
Biotechnology,8250000.0,2,6.529774127310062,1
Manufacturing,52000000.0,1,9.631759069130732,1
Hardware,133000.0,2,0.6023271731690623,0
Mobile,1600000.0,1,1.002053388090349,1
Batteries,181000000.0,5,0.8733744010951403,1
Creative,53000.0,1,0.6050650239561944,0
Enterprise Software,18384392.0,5,2.0616016427104724,1
Semiconductors,40000000.0,4,4.722792607802875,1
Hardware + Software,3164252.71049446,2,1.0,0
Biotechnology,2410000.0,1,1.0,1
Health Care,31000000.0,2,1.0,1
Intelligent Systems,7999996.0,4,1.8124572210814511,1
Software,1392000.0,1,6.078028747433265,1
Advertising,10411000.0,4,0.08487337440109514,1
Biotechnology,0.0,1,1.0,1
Biotechnology,105000.0,2,1.3963039014373717,0
Human Resources,400000.0,1,2.6666666666666665,0
Advertising,1314175.0,3,0.0,0
Software,1097000.0,2,1.0,0
Entertainment,0.0,1,1.0,1
Curated Web,1150000.0,1,11.080082135523615,0
Publishing,7000000.0,1,1.0,0
Biotechnology,57800000.0,3,1.0,1
Entertainment,883178.013505848,2,5.544147843942505,0
Legal,23000000.0,2,1.0,1
Health Care,25000000.0,1,15.025325119780971,1
Public Relations,11600000.0,1,1.0,1
Biotechnology,417100000.0,11,3.7152635181382614,1
Business Services,180000.0,2,1.0,0
Gps,4000000.0,2,0.10403832991101986,0
Curated Web,2099590.0,2,1.0,0
Curated Web,6552136.0,3,2.425735797399042,1
Consumers,0.0,1,0.02190280629705681,0
Online Shopping,153058.100855085,1,0.7282683093771389,0
Curated Web,100000.0,1,1.0841889117043122,0
Computers,85870.0785711219,1,0.0,0
Banking,6700000.0,1,92.48459958932239,1
Advertising,0.0,2,0.4134154688569473,1
Data Centers,25733401.0,1,1.0,1
iPhone,9800000.0,2,0.432580424366872,1
Hardware + Software,121044236.0,3,65.88637919233402,1
3D,5800000.0,1,13.218343600273785,1
Hardware + Software,0.0,1,1.0,0
Games,0.0,1,0.5037645448323066,0
Biotechnology,417300249.0,3,1.0,1
Android,1200000.0,1,0.0,0
Mobile,173121.0,1,1.0841889117043122,0
Energy,1300000.0,1,1.0,1
Artists Globally,2500000.0,1,6.412046543463381,1
Health and Wellness,0.0,1,1.0,0
Chat,2932278.0,2,0.8021902806297057,0
Android,50000.0,1,0.12046543463381246,1
Analytics,11500000.0,3,0.4106776180698152,1
Internet,52584.0,1,1.0,0
Internet of Things,65687.1975651945,1,0.30390143737166325,0
Computers,20000.0,1,0.6351813826146475,0
Design,25000000.0,2,1.0,1
Biotechnology,3251250.0,3,18.855578370978783,1
Hardware + Software,68200000.0,6,1.0595482546201231,1
Clean Technology,15000000.0,3,4.010951403148528,1
Clean Technology,1250000.0,1,1.0,0
Web Hosting,19500000.0,3,2.3627652292950034,1
Enterprise Software,530856468.0,8,0.08213552361396304,1
Energy,3818587.0,2,1.0,1
Mobile,17000000.0,3,5.924709103353867,1
Automotive,10000000.0,2,6.020533880903491,1
Hardware + Software,7729998.0,1,4.854209445585216,0
Internet,3100000.0,1,5.689253935660506,1
Curated Web,8450000.0,3,1.0,0
Enterprise Software,4750000.0,3,0.0,1
Mobile,12670000.0,1,6.7268993839835725,1
Software,200010.0,1,4.596851471594798,1
Games,0.0,1,0.0,0
Finance,150000.0,1,1.2457221081451062,0
Consumers,250000.0,1,0.1998631074606434,0
Mobile Payments,35094596.4625067,10,1.5523613963039014,1
Curated Web,1566000.0,1,2.2477754962354553,0
Mobile,1700000.0,1,1.158110882956879,0
Clean Technology,4000000.0,1,1.0,1
Software,18720000.0,4,1.0,1
Sales and Marketing,12383031.0,1,5.166324435318275,1
CRM,0.0,1,5.593429158110883,1
Advertising,1500000.0,1,10.666666666666666,1
Software,10669070.0,2,1.4072553045859,1
Health and Wellness,200000.0,1,1.0102669404517455,0
Security,34400000.0,3,2.8747433264887063,1
Banking,20000000.0,1,9.218343600273785,1
Software,6000000.0,1,1.0,0
Clean Technology,23500000.0,3,2.674880219028063,0
Manufacturing,0.0,1,43.35934291581109,1
Messaging,3400000.0,1,1.0,0
Environmental Innovation,0.0,1,1.0,0
Human Resources,12510000.0,2,1.0,1
Finance,200000.0,1,0.0,0
Curated Web,575400000.0,4,0.5859000684462696,1
Mobile,16600000.0,5,1.8562628336755647,1
Health and Wellness,3000000.0,2,2.9924709103353866,1
Aerospace,0.0,1,1.0,1
Outsourcing,31529.1644771414,1,0.0,0
Messaging,0.0,1,1.0,0
Hardware + Software,500000.0,1,0.0,0
Delivery,1000000.0,1,1.0,0
Analytics,1720000.0,2,1.2019164955509924,1
Analytics,12500000.0,1,11.928815879534566,1
Music,600000.0,2,0.0,1
Data Centers,26360000.0,2,3.600273785078713,0
CRM,300000.0,2,0.0,0
Enterprise Software,0.0,1,1.3360711841204653,0
E-Commerce,1700000.0,1,2.751540041067762,0
Software,23260000.0,3,1.8015058179329226,1
Software,12700000.0,3,1.0,1
Curated Web,300000.0,1,1.2484599589322383,0
Mobile,891177.0,1,5.705681040383299,0
Contact Management,7207.0,1,0.0,0
Loyalty Programs,1000000.0,1,1.0,0
Biotechnology,24497760.0,3,1.0,0
Security,49000000.0,5,2.5845311430527036,0
Software,6700000.0,1,11.38945927446954,1
Analytics,50000.0,1,0.0,0
Local Businesses,1900000000.0,1,43.32101300479124,1
Digital Media,154053900.0,1,2.116358658453114,0
Software,692000.0,1,1.0,0
Biotechnology,23394037.0,2,36.114989733059545,1
Cloud Computing,25000000.0,1,4.720054757015743,1
Infrastructure,44000000.0,4,1.0,1
Security,0.0,1,4.862422997946612,1
Local Businesses,39500000.0,5,0.1697467488021903,1
Semiconductors,4000000.0,2,1.0,0
Finance,150000.0,1,0.0,0
Construction,207900000.0,2,5.7878165639972625,1
Biotechnology,28712619.0,3,1.4209445585215605,1
Nanotechnology,1908237.0,1,1.0,1
Finance,0.0,1,1.0,1
Analytics,99875.0,1,1.0,1
Services,7000000.0,1,1.0,0
Analytics,9400000.0,2,3.0198494182067077,1
Enterprise Software,7600000.0,3,1.0,1
Semiconductors,490000.0,2,6.099931553730322,1
Information Technology,50500000.0,2,2.7761806981519506,1
Software,278500.0,1,1.0,0
Health Care Information Technology,1403970.0,1,1.3415468856947297,0
Hardware + Software,35638334.0,5,3.808350444900753,0
Advertising,28300000.0,3,0.5804243668720055,1
Finance,0.0,1,1.002053388090349,1
Software,1800000.0,1,2.0561259411362083,1
Curated Web,50000.0,1,0.0,0
Public Transportation,0.0,1,2.135523613963039,0
Curated Web,24300000.0,4,10.663928815879535,1
Curated Web,130000.0,1,0.0,0
Semiconductors,39231994.0,18,0.34496919917864477,1
Enterprise Software,1500000.0,1,5.66735112936345,0
Analytics,0.0,1,0.0,0
Recycling,18000000.0,1,1.0,1
Recruiting,15000.0,1,0.0,0
Education,90000000.0,1,0.0,1
Apps,0.0,1,0.676249144421629,0
M2M,12500000.0,1,1.0,1
Curated Web,250000.0,1,1.0,0
Finance,10000000.0,1,8.02464065708419,0
Sports,18950000.0,5,0.06297056810403832,0
Software,1800000.0,1,1.834360027378508,1
Games,12375000.0,3,1.0,1
Health Diagnostics,2700000.0,1,1.0,0
App Stores,30250000.0,5,12.394250513347023,1
E-Commerce,78500000.0,6,1.6646132785763177,1
Clean Technology,10234700.0,1,3.3374401095140316,1
Advertising,35000000.0,5,4.164271047227926,1
Software,1280000.0,2,0.2080766598220397,1
Software,8900000.0,1,9.160848733744011,0
Communities,150000.0,1,0.31211498973305957,0
Fashion,0.0,1,1.0,0
Consulting,1173661.0,1,15.345653661875428,1
Advertising,4000.0,2,1.6947296372347707,1
Biotechnology,1486000.0,1,12.484599589322382,0
Biotechnology,526000000.0,2,1.0,1
Enterprise Software,0.0,1,1.0,1
Coupons,115000.0,1,0.8323066392881588,0
Android,10061414.0,3,0.8323066392881588,1
Crowdsourcing,185325006.0,8,0.0,0
Software,10000000.0,1,1.0,1
Software,24750000.0,3,3.3867214236824092,1
Business Services,890000000.0,8,1.5797399041752225,1
Document Management,909202.0,3,1.0841889117043122,0
Semiconductors,30000000.0,2,1.0,1
Software,260000.0,1,3.02258726899384,0
Freelancers,7756.0,1,0.0,0
Biotechnology,16200027.0,3,1.0,1
Bio-Pharm,62661128.6164423,1,1.0,1
Enterprise Software,935000.0,1,2.3572895277207393,0
Advertising,21000000.0,1,1.1964407939767283,1
Health and Wellness,562500.0,1,1.0,1
Enterprise Software,7000000.0,1,1.0,0
Photography,10500000.0,3,0.7720739219712526,1
Curated Web,23084124.0,4,0.08213552361396304,1
Software,0.0,1,15.444216290212184,0
E-Commerce,0.0,1,0.06023271731690623,0
Automotive,605092.0,4,1.0,0
Television,0.0,1,4.8815879534565365,1
Web Hosting,21000000.0,1,1.0,1
Application Platforms,800000.0,1,0.6516084873374401,0
Cloud Computing,11500000.0,1,2.16290212183436,1
Auctions,3500000.0,2,0.0,0
Software,5082200.0,4,1.0,1
Advertising,24000000.0,4,1.0,1
Software,8000019.0,2,11.285420944558522,1
CRM,9000000.0,2,1.158110882956879,1
Web Hosting,26000000.0,1,1.0,1
Web Hosting,4140000.0,1,1.0,1
Information Technology,1550000.0,1,1.0,0
Technology,3760000.0,1,1.0,0
Mobile,95369999.0,5,1.0,0
Clean Technology,3800000.0,1,1.0,0
Retail,120000000.0,2,94.80355920602327,1
Hardware + Software,17900000.0,1,1.0,1
Biotechnology,212900000.0,6,3.4168377823408624,1
Hardware + Software,7650000.0,1,2.406570841889117,0
Manufacturing,120000000.0,1,1.0,0
Curated Web,0.0,1,0.0,0
Enterprise Software,1760000.0,1,1.0,1
Apps,18852.0,1,0.6735112936344969,0
Design,5000000.0,1,3.8494182067077345,0
E-Commerce,100000.0,1,15.40041067761807,1
Software,15000000.0,1,1.9164955509924708,1
Analytics,26284825.0,5,5.111567419575633,1
Analytics,5695176.0,3,0.4106776180698152,0
Curated Web,42400000.0,2,9.190965092402465,1
Advertising,1500000.0,1,1.4948665297741273,1
Enterprise Software,68850000.0,5,5.448323066392882,1
Semiconductors,288565568.0,2,20.087611225188226,1
Software,24250000.0,1,25.817932922655714,1
Curated Web,0.0,1,1.3278576317590691,0
Technology,628000.0,1,1.0,0
Marketplaces,248997.0,1,0.1697467488021903,0
Advertising,20000000.0,1,1.0,0
Clean Technology,186190000.0,2,1.0,0
Analytics,5000000.0,1,1.9329226557152634,1
Career Management,650000.0,2,0.0,0
Databases,50000.0,1,1.0,0
Mobile,4183800.0,2,1.8316221765913758,0
Internet,53000000.0,1,1.0,0
Software,89000000.0,4,8.711841204654347,1
Analytics,2035650.0,1,3.6878850102669403,1
Software,1379372.0,2,1.0841889117043122,1
Software,10866000.0,2,2.198494182067077,1
Mobile,4184999.0,1,5.61533196440794,0
Messaging,16000000.0,4,0.4134154688569473,1
Hardware + Software,25500000.0,2,4.550308008213553,0
Email,1000000.0,1,0.5831622176591376,1
Software,14620000.0,3,1.0,1
Biotechnology,87386000.0,4,1.0,1
Internet,3484811.0,2,1.0,1
Clean Technology,30000000.0,1,6.934976043805612,0
Embedded Hardware and Software,220000.0,3,0.04380561259411362,0
Customer Service,24500000.0,4,0.4106776180698152,0
News,0.0,1,1.0,0
Software,2000000.0,1,2.6803559206023273,0
Internet,100000.0,1,0.0,1
Promotional,200000.0,1,0.024640657084188913,0
Biotechnology,88300000.0,2,4.005475701574264,1
Adventure Travel,0.0,1,0.0,0
Advertising,1400000.0,1,2.836413415468857,0
Food Processing,512000.0,1,4.605065023956194,0
Automotive,37000000.0,2,7.477070499657769,1
Mobile,12500000.0,1,3.3210130047912387,0
Defense,3000000.0,1,87.52361396303901,1
Games,16030566.0,4,1.998631074606434,1
Health and Wellness,350000.0,1,1.9329226557152634,1
Automotive,38890000.0,6,5.02943189596167,1
Design,9500000.0,1,1.0,0
Digital Media,10000.0,1,0.0027378507871321013,0
Manufacturing,15000000.0,2,1.0,1
Music,125700000.0,6,1.2019164955509924,0
Fashion,0.0,1,3.167693360711841,0
Internet,1000000.0,1,1.0,0
Advertising,127335670.0,8,0.16427104722792607,1
Enterprise Software,8550000.0,1,8.11772758384668,1
Apps,2400000.0,1,2.650239561943874,0
Consumers,0.0,1,1.6153319644079398,1
Blogging Platforms,25000.0,1,0.23545516769336072,0
Software,0.0,1,9.650924024640657,1
Clean Technology,1000000.0,1,6.9897330595482545,1
Curated Web,14200000.0,2,0.23819301848049282,1
Finance,4777000.0,3,0.08487337440109514,1
Software,13196231.0,2,0.8733744010951403,1
Advertising,0.0,1,1.0,1
Advertising,0.0,1,1.1663244353182751,1
3D,1200000.0,1,1.0,0
Broadcasting,72000000.0,3,27.21697467488022,1
Enterprise Software,3625000.0,3,1.0,1
B2B,500000.0,1,0.0,0
Crowdfunding,90000.0,2,0.0,0
Technology,1100000.0,2,1.0,1
Software,86401577.0,8,8.993839835728952,1
Advertising,0.0,1,0.33127994524298426,1
Software,10354400.0,1,9.032169746748803,0
Social Network Media,1800000.0,2,1.0,1
Real Estate,0.0,1,1.9055441478439425,1
Real Estate,0.0,1,1.0,0
Games,2000000.0,1,4.676249144421629,1
Games,1000000.0,1,1.0951403148528405,0
Music,0.0,1,1.0,0
Bio-Pharm,3000000.0,1,1.0,0
Mobile,15000000.0,2,1.0,1
Biotechnology,73480066.0,4,2.3874058863791925,1
Biotechnology,210384730.0,1,19.71526351813826,1
Legal,50000.0,1,1.0157426420260096,0
Curated Web,840000.0,2,0.0,1
Big Data,0.0,1,1.514031485284052,1
Consumer Electronics,17000000.0,3,4.002737850787132,1
Data Security,16000000.0,1,4.32580424366872,1
Software,12000000.0,2,1.108829568788501,0
Health Care,16000008.0,1,1.0,1
Clean Technology,85000000.0,2,1.0,1
Clean Technology,14000000.0,2,3.1457905544147846,1
Nonprofits,2323.0,1,0.0,1
Advertising,0.0,1,0.5722108145106092,1
Software,33199999.0,4,5.221081451060917,1
Software,25000.0,1,0.06297056810403832,0
Apps,1500000.0,1,1.160848733744011,1
Enterprise Software,52840.0,1,5.415468856947296,0
Software,15208650.0,4,5.563312799452429,0
Mobile,9620000.0,2,2.732375085557837,1
Entrepreneur,50000.0,1,1.0,0
Finance,1730000.0,1,1.0,1
Curated Web,7400000.0,1,1.757700205338809,1
Curated Web,8328770.0,3,3.4140999315537304,1
Design,6920000.0,2,1.0,1
News,50100000.0,2,0.4134154688569473,1
Software,2150000.0,3,6.537987679671458,1
Social Media,250000.0,3,0.07665982203969883,0
Finance,50000.0,1,1.0,0
Design,11000000.0,1,1.0,1
Biotechnology,70200000.0,4,1.8507871321013005,1
Finance,0.0,2,2.5626283367556466,1
Software,75000000.0,1,1.0,1
Biotechnology,9300718.0,4,2.967830253251198,1
Security,17700000.0,1,1.0,1
Education,0.0,1,6.751540041067762,1
Advertising,500000.0,1,0.33675564681724846,1
Ediscovery,8110454.0,5,0.0,1
Clean Technology,42250000.0,5,0.75564681724846,1
Security,52000000.0,3,7.2470910335386725,0
Online Dating,85000.0,1,0.0,0
Gambling,25000.0,1,1.1909650924024642,0
E-Commerce,30000.0,1,1.0,0
Finance,1583500.0,4,1.5222450376454484,1
Curated Web,1300000.0,2,0.49555099247091033,0
Real Estate,275000.0,1,0.08213552361396304,0
Search,3500000.0,1,0.01642710472279261,0
Computers,13500000.0,2,3.40041067761807,1
Development Platforms,14000000.0,1,1.0,0
Software,10000000.0,1,1.8535249828884326,1
Security,177000.0,1,1.0,0
Computers,584479.181076221,1,6.754277891854894,0
Biotechnology,177000000.0,5,6.231348391512663,1
Clean Technology,1602500.0,1,2.132785763175907,0
Natural Gas Uses,400000000.0,1,1.0,1
Biotechnology,108391875.0,3,4.848733744010952,1
Domains,0.0,1,1.0,1
Curated Web,0.0,1,1.0,0
Biotechnology,34999992.0,2,5.144421629021219,1
Software,3949998.0,3,18.036960985626283,1
Healthcare Services,0.0,1,19.17864476386037,1
Fitness,100000.0,1,0.2080766598220397,0
Biotechnology,4734165.0,2,8.402464065708418,1
Enterprise Software,69000000.0,4,0.6406570841889117,1
Analytics,125000.0,2,0.676249144421629,0
Software,7500000.0,2,7.184120465434634,1
Messaging,700000.0,1,1.0,1
Health Care,48400000.0,4,1.0,1
Enterprise Software,4000000.0,1,6.026009582477755,1
Analytics,0.0,1,0.12046543463381246,0
Health Diagnostics,115000000.0,1,1.0,1
Biotechnology,15000000.0,1,6.294318959616701,1
Data Centers,14000000.0,1,1.0,1
Clean Technology,54000000.0,5,9.845311430527037,1
Big Data,0.0,1,2.8856947296372346,0
Real Estate,600000.0,1,0.3750855578370979,0
Manufacturing,7800000.0,3,15.953456536618754,1
Biotechnology,357129887.0,8,0.07665982203969883,1
Messaging,0.0,1,0.16700889801505817,1
Public Relations,6051497.0,3,0.0,1
Digital Media,250000.0,1,0.2464065708418891,0
Finance,0.0,1,3.082819986310746,1
Mobile,50000.0,1,1.0,0
iPhone,51713.0,1,0.5804243668720055,0
Mobile,50444588.0,3,1.0,0
Enterprises,1000000.0,1,0.5420944558521561,1
File Sharing,2700000.0,3,0.2190280629705681,0
Biotechnology,67500000.0,1,1.0,1
Education,40000000.0,1,30.135523613963038,1
Medical,32700000.0,2,2.921286789869952,1
Health and Wellness,30000000.0,1,1.0,1
Technology,20000000.0,1,1.0,0
Games,0.0,1,0.0,0
Chemicals,198730677.0,1,12.487337440109513,1
Chat,9000000.0,2,1.0,0
Biotechnology,1200000.0,1,7.912388774811773,0
Biotechnology,6195600.0,3,3.1156741957563314,1
Biotechnology,33000000.0,1,1.0,0
Curated Web,478000000.0,2,4.188911704312115,1
Curated Web,34300000.0,3,0.7501711156741958,1
Application Platforms,40000.0,1,1.0,0
Software,0.0,1,1.6317590691307324,1
Advertising,5026.0,1,0.33401779603011633,0
Apps,62500.0,1,0.5366187542778919,0
Consumer Internet,200000.0,1,0.0,1
Real Estate,6923782.0,3,0.8432580424366872,1
Facebook Applications,68246.0,2,0.2518822724161533,1
Real Estate,0.0,1,0.08487337440109514,0
Curated Web,675000.0,2,1.3388090349075976,1
E-Commerce Platforms,175000.0,2,0.0,0
Software,15200000.0,2,2.926762491444216,0
Bio-Pharm,13000000.0,1,1.0,1
Biotechnology,5400000.0,2,29.95208761122519,1
Curated Web,500000.0,1,0.0,1
Biotechnology,29499310.0,2,22.23134839151266,1
Advertising,1000000.0,1,4.084873374401095,1
Document Management,30000000.0,1,7.868583162217659,1
Curated Web,100000.0,1,0.3942505133470226,0
Enterprise Software,18035387.0,12,0.07392197125256673,1
Travel,0.0,1,0.8870636550308009,0
Business Services,7600000.0,1,1.0,0
Mobile,7129238.0,4,0.0,1
Curated Web,350000.0,1,4.900752908966461,0
Semiconductors,25000000.0,1,1.0,0
Real Estate,45900000.0,1,8.41889117043121,1
E-Commerce,15665911.3932343,9,1.0,1
Biotechnology,4247540.0,4,1.0,0
Biotechnology,21665600.0,6,17.4072553045859,1
Biotechnology,12000000.0,1,1.0,1
Business Services,4000000.0,1,1.0,0
Internet Marketing,0.0,1,1.0,1
Loyalty Programs,0.0,1,0.0,0
Intelligent Systems,38126.0,1,1.0,0
Search Marketing,51900000.0,3,2.1218343600273784,1
Software,679000.0,1,1.0,0
Software,868050.0,1,4.216290212183436,0
Oil,25000000.0,1,1.0,1
Hospitality,5000000.0,1,1.0,0
Coupons,200000.0,1,0.24914442162902123,0
Medical,26500000.0,1,5.221081451060917,1
Biotechnology,60741995.0,5,9.23750855578371,1
E-Commerce,25000000.0,1,0.31211498973305957,1
Consumer Goods,0.0,1,0.6652977412731006,0
Analytics,2844942.0,3,1.0,1
E-Commerce,0.0,3,0.6543463381245722,1
Advertising,1500000.0,2,4.418891170431212,1
Analytics,1000000.0,2,1.8480492813141685,1
Medical,49247.0,1,1.0,0
Curated Web,1550000.0,2,0.08487337440109514,0
Blogging Platforms,15100000.0,4,0.08487337440109514,1
Clean Technology,7340000.0,1,2.9103353867214237,1
Biotechnology,116000000.0,3,2.622861054072553,1
Property Management,540315.0,3,0.030116358658453114,1
Hardware + Software,39000000.0,3,3.7508555783709787,1
Biotechnology,24150000.0,2,12.465434633812457,0
Biotechnology,156820000.0,5,5.943874058863792,1
Chat,1000000.0,2,0.0,1
Security,37600000.0,4,1.0239561943874058,1
Apps,0.0,1,0.0,1
E-Commerce,10000000.0,2,0.33401779603011633,1
Semiconductors,11200000.0,1,1.0,1
B2B,12789996.0,5,0.0,1
Biotechnology,15500000.0,2,1.0,1
Brand Marketing,20000.0,1,0.32854209445585214,0
E-Commerce,100000.0,1,0.05475701574264202,0
Games,9000000.0,2,1.4182067077344285,1
Content,1960000.0,1,1.0,0
Construction,7000000.0,1,4.8350444900752905,0
Mobile,0.0,1,1.4948665297741273,0
Curated Web,25000.0,1,0.0,0
Hardware + Software,16033882.1642302,2,1.0,0
Analytics,38695399.0,5,1.056810403832991,1
Finance,107225000.0,3,1.0,1
Home Automation,7318000.0,3,0.04106776180698152,1
Content,12700000.0,2,1.0458590006844628,1
Cloud Computing,257944298.0,2,4.75564681724846,1
Crowdsourcing,0.0,1,0.0,0
E-Commerce,50000.0,1,0.5037645448323066,0
Advertising,1561337.12911738,3,0.0,0
Software,2667.0,1,0.9938398357289527,0
Finance,800000.0,2,0.24914442162902123,0
Biotechnology,5000000.0,1,1.0,0
Curated Web,20000.0,1,0.6954140999315537,1
Software,4890000.0,1,1.0677618069815196,1
Health Care,29620000.0,4,6.38466803559206,1
Mobile,4000000.0,1,2.3353867214236823,0
Innovation Engineering,6303109.0,1,0.0,1
Software,6282049.0,1,1.8453114305270362,0
Entertainment,0.0,2,3.1978097193702943,1
Services,7850000.0,1,1.0,0
Advertising,28932322.0,4,5.856262833675565,1
Health Care,14700000.0,3,3.0992470910335386,1
Software,10000000.0,2,49.054072553045856,1
Audio,21000000.0,3,1.6016427104722792,1
E-Commerce,0.0,1,0.0,1
Consumer Goods,8000000.0,1,1.0,1
Advertising,33000000.0,1,2.869267624914442,1
Android,10700000.0,3,0.9144421629021219,1
Bridging Online and Offline,1300000.0,1,1.0650239561943875,0
Career Management,3700000.0,2,1.5633127994524298,0
Apps,2600000.0,2,0.7392197125256673,1
Music,0.0,1,1.2210814510609171,0
Biotechnology,176000000.0,2,7.485284052019165,1
Enterprise Software,21999969.0,3,8.438056125941136,1
Advertising,45000000.0,1,3.79192334017796,1
Sales and Marketing,22000000.0,3,2.1601642710472277,1
CRM,15000000.0,2,2.945927446954141,1
Software,500000.0,1,3.4469541409993156,0
Accounting,1500000.0,1,1.9028062970568105,1
Business Services,15015536.0,1,1.0,1
Document Management,0.0,1,0.0,1
Internet,11000.0,1,0.0,0
Public Relations,6000000.0,1,4.506502395619439,1
Software,1900000.0,3,2.431211498973306,1
Communications Hardware,50250000.0,6,4.041067761806982,1
Software,46667457.0,5,1.7193702943189597,1
Games,15000000.0,2,1.322381930184805,1
Software,36500000.0,5,0.29021218343600275,0
E-Commerce,650000.0,1,0.5503080082135524,0
Software,540000.0,1,3.4113620807665983,1
Advertising,26000000.0,4,0.999315537303217,1
Advertising,20000.0,1,0.16700889801505817,0
Defense,23000000.0,1,1.0,1
Enterprise Software,23600000.0,5,1.8535249828884326,1
Communications Infrastructure,25329104.0,10,21.470225872689937,1
Health Care Information Technology,9000000.0,1,9.073237508555783,1
Food Processing,0.0,1,1.0,0
Communications Hardware,28400000.0,4,0.0,1
Software,6400000.0,2,4.095824777549623,0
Software,23700000.0,3,6.412046543463381,1
Energy,125000000.0,1,1.0,0
Application Platforms,0.0,1,0.05201916495550993,0
Games,0.0,1,1.0,0
E-Commerce,2350000.0,2,0.0,0
Games,0.0,1,1.0,0
Enterprise Software,33076264.0,3,3.1731690622861053,1
Games,38027000.0,2,1.0,1
Hardware + Software,21100000.0,2,5.377138945927447,1
Development Platforms,100000.0,1,1.0,0
Advertising,25000000.0,1,8.813141683778234,1
Infrastructure,20000000.0,1,23.2580424366872,1
E-Commerce,7000000.0,1,1.0,1
Public Transportation,40000.0,1,0.0,0
Fleet Management,43043483.0,1,28.030116358658454,1
Enterprise Software,1900000.0,1,3.9260780287474333,0
Aerospace,0.0,1,0.7227926078028748,1
Location Based Services,3500000.0,1,0.013689253935660506,0
Women,50000.0,1,1.0,0
Entertainment,20000.0,1,1.0,0
Hardware + Software,600000.0,2,0.0,0
Education,20000.0,1,1.0,0
Software,415000.0,2,1.6646132785763177,0
Games,12000000.0,2,0.999315537303217,0
Education,155000.0,1,1.0,0
Mobile,2000000.0,1,1.0,0
Social Media,975000.0,2,0.892539356605065,0
Crowdfunding,1400000.0,1,1.2758384668035592,1
Construction,50000.0,1,1.0,0
Ad Targeting,76600000.0,5,0.4188911704312115,1
Internet,1119500000.0,4,7.085557837097878,1
Internet,10300000.0,1,1.0,0
Brand Marketing,0.0,2,0.33401779603011633,1
E-Commerce,8500000.0,2,0.49007529089664614,1
Software,6300000.0,2,0.33401779603011633,0
Sports,0.0,1,0.0,0
Browser Extensions,39875000.0,3,0.13415468856947296,1
News,2037750.0,1,2.735112936344969,0
Mobile,6700000.0,1,11.028062970568104,1
Biotechnology,35000000.0,2,18.46132785763176,1
Hardware + Software,60000.0,1,0.8459958932238193,0
Hospitality,720480.0,1,1.1827515400410678,0
Software,23000000.0,2,1.0,1
Biotechnology,109496656.0,4,2.568104038329911,1
Ad Targeting,800000.0,1,1.0,0
Cloud Computing,300000.0,1,0.0,1
Mobile,1000000.0,1,0.0,1
Enterprises,7500000.0,3,0.9281314168377823,1
Software,14000000.0,1,5.221081451060917,1
Security,3500000.0,1,4.61327857631759,1
Audio,2500000.0,1,0.6625598904859685,1
Games,150000.0,1,0.4134154688569473,0
Travel,30000.0,1,0.16700889801505817,0
Enterprise Software,300000.0,1,2.135523613963039,1
Local Based Services,13500000.0,2,0.0,1
Entertainment,2400000.0,1,11.616700889801505,1
Cloud Computing,1397531.0,3,0.0,0
Clean Technology,3611685.0,2,0.999315537303217,0
Apps,0.0,1,2.2477754962354553,0
Bioinformatics,25000.0,1,1.0,0
Biotechnology,8493751.0,4,1.0,1
Sports,8000000.0,2,1.0,0
Internet,10000000.0,1,0.3531827515400411,1
Colleges,0.0,1,3.8302532511978096,0
Real Estate,510000000.0,1,1.9000684462696784,1
File Sharing,120000.0,2,0.32854209445585214,0
Software,300000.0,1,1.6125941136208077,1
Web Hosting,15500000.0,2,3.0116358658453115,1
Games,8390222.0,5,0.35044490075290896,1
Web Hosting,103000000.0,3,4.383299110198494,0
Biotechnology,42700000.0,1,8.4435318275154,0
Games,11500000.0,4,1.5770020533880904,0
Information Technology,854551.299528369,1,4.407939767282683,0
Cloud Computing,32500000.0,4,0.8158795345653662,0
Hardware + Software,44000000.0,3,1.0622861054072552,0
Financial Services,0.0,2,0.7118412046543463,1
Enterprise Software,37400000.0,2,32.26283367556468,1
Information Technology,1600000.0,1,1.0,0
Computers,352134.0,1,1.0,0
Advertising,60000000.0,7,0.4188911704312115,1
Brand Marketing,19311.0,1,1.0,0
Beauty,0.0,1,1.0,1
Games,57900000.0,5,1.0,1
Communications Hardware,70946214.0,5,2.3655030800821355,1
Finance,2000000.0,1,1.2895277207392197,0
Fashion,22000000.0,1,4.05201916495551,1
Biotechnology,25000000.0,1,1.0,1
E-Commerce,500000.0,1,0.6078028747433265,1
Curated Web,401000.0,1,2.31895961670089,0
Sports,2500000.0,1,1.0,0
Advertising,10200000.0,2,1.620807665982204,1
Curated Web,130295.0,1,0.0,0
Content,0.0,1,0.7392197125256673,0
E-Commerce,0.0,1,0.0,0
Business Development,2200000.0,1,3.1129363449691994,1
Android,214185.0,3,0.27652292950034224,1
Games,3000000.0,1,1.0,1
Agriculture,25000000.0,1,1.0,0
Advertising,250000.0,1,0.0,0
Consulting,20000000.0,1,1.0,0
Education,6700000.0,1,1.0,0
Financial Services,100000000.0,1,1.0,0
Food Processing,1500000.0,1,1.0,0
Blogging Platforms,2000000.0,1,1.0,0
Digital Media,600000.0,1,11.739904175222451,0
Advertising,6067500.0,5,15.392197125256674,1
Education,540000.0,1,0.0,0
Digital Media,5000000.0,1,1.0,0
Biotechnology,20300000.0,2,1.0,1
E-Commerce,9120018.0,2,6.310746064339494,1
Business Services,10000000.0,2,5.420944558521561,0
Collaboration,13000000.0,3,0.0,1
Biotechnology,143500000.0,3,8.802190280629706,0
Mining Technologies,1875000.0,1,12.881587953456537,0
Semiconductors,14000000.0,2,2.132785763175907,1
Biotechnology,1982609.0,3,5.026694045174538,0
Enterprise Software,2010000.0,2,4.7939767282683095,1
Curated Web,11150004.0,3,0.5557837097878165,1
Health Care,500000.0,2,1.0,1
Curated Web,4000000.0,1,1.0,0
Communications Hardware,16000000.0,1,0.0,0
Biotechnology,6539000.0,1,1.0,0
Curated Web,645496464.0,1,54.30800821355236,1
Enterprise Software,27200000.0,3,0.8706365503080082,1
Real Estate,31000000.0,1,27.66324435318275,1
Health Care,62000000.0,4,1.45927446954141,1
Software,0.0,3,3.62217659137577,1
Transportation,0.0,1,1.0,1
Security,9100000.0,1,2.088980150581793,0
Software,0.0,1,14.830937713894592,1
Enterprise Software,16400000.0,3,2.187542778918549,1
Security,138899314.0,1,27.28268309377139,1
Credit,17650000.0,2,1.0,1
Security,4660000.0,1,1.0,0
Education,260000.0,1,10.666666666666666,1
Enterprise Software,8750000.0,2,0.6652977412731006,1
Security,16000000.0,1,1.0,1
Games,0.0,3,0.0,1
Innovation Management,11143.0,1,0.3860369609856263,0
Software,7540888.0,2,11.41409993155373,1
Biotechnology,93000000.0,3,0.7939767282683093,1
Software,2198284.0,1,8.465434633812457,0
Analytics,0.0,1,2.943189596167009,0
Biotechnology,153000000.0,4,0.7364818617385352,1
Security,22000000.0,1,41.6974674880219,1
Curated Web,0.0,2,1.0,0
Enterprise Software,10924534.0,1,1.0,1
Hardware + Software,50200000.0,6,2.001368925393566,1
Celebrity,825000.0,1,2.507871321013005,0
Cloud Computing,1445300.0,1,5.9110198494182065,1
Advertising Networks,1300000.0,1,0.621492128678987,1
Analytics,1400000.0,1,0.7802874743326489,1
Cloud Computing,67910000.0,3,0.0,1
Cloud Computing,0.0,1,0.01642710472279261,1
Automotive,290000.0,2,0.0,0
Business Development,100000.0,1,0.8323066392881588,0
Health Care,45000000.0,2,4.772073921971253,1
Networking,7000000.0,1,1.0,0
Health and Wellness,750000000.0,1,1.0,1
Media,30000.0,1,0.13963039014373715,0
Biotechnology,45000000.0,1,1.0,1
E-Commerce,25506379.0,1,18.195756331279945,1
Beauty,0.0,1,1.2511978097193703,1
Beauty,407902.0,2,0.4188911704312115,1
Advertising,3502000.0,2,0.4490075290896646,0
Android,15000.0,1,0.0,0
Health and Wellness,1470436.0,2,0.8706365503080082,1
Biotechnology,19250000.0,2,0.4353182751540041,1
Clean Technology,2715200.0,1,1.0,0
Finance,0.0,1,0.0,0
Curated Web,1310000.0,2,2.4175222450376452,0
Beauty,0.0,1,1.0,0
Music,1000000.0,1,1.0,0
Security,22000000.0,2,4.035592060232717,1
Technology,20000000.0,1,1.0,0
Mobile,116568047.0,11,0.9281314168377823,0
Data Integration,47000000.0,2,1.0,1
Enterprise Software,46000000.0,4,0.6680355920602327,1
Public Relations,5000000.0,1,1.0,0
Cable,33000000.0,1,13.114305270362765,1
Networking,100800000.0,4,1.0,1
Biotechnology,74200000.0,1,18.729637234770706,1
Biotechnology,365872959.0,6,9.253935660506503,0
Sporting Goods,0.0,1,0.4161533196440794,0
Software,17100000.0,4,2.4695414099931554,1
Web Hosting,21000000.0,3,1.0,1
Security,10000000.0,1,7.025325119780972,1
Hardware + Software,1225000.0,2,7.915126625598905,1
Biotechnology,42000735.31214,2,4.993839835728953,1
Biotechnology,51400000.0,1,1.0,1
Health and Insurance,12327835.0,1,8.24640657084189,0
Biotechnology,44566724.0,3,0.9609856262833676,1
Hardware + Software,56100000.0,3,4.58590006844627,1
Enterprise Software,2000000.0,1,42.57084188911704,1
E-Commerce,20000000.0,3,0.0,1
Consulting,10000000.0,1,1.0,0
Manufacturing,0.0,1,18.915811088295687,1
Health Care,35771750.0,6,1.8234086242299794,1
Health Care,55004618.0,3,0.0027378507871321013,1
Software,22114147.0,2,1.0,1
Consulting,25765820.0,2,19.496235455167692,1
Analytics,840000.0,3,1.0102669404517455,1
Biotechnology,98000000.0,3,0.9144421629021219,1
Biotechnology,40000000.0,1,1.0,1
Open Source,10000.0,1,6.915811088295688,0
Email,250000.0,1,1.0,0
Services,3000000.0,1,1.0,1
Consulting,10000000.0,1,7.742642026009582,0
Health Care,62800000.0,3,7.545516769336071,0
Curated Web,20850000.0,5,0.0,1
Public Relations,96250000.0,1,13.949349760438055,1
Public Transportation,7000000.0,1,4.3668720054757015,0
Graphics,0.0,1,1.0,0
Health Care,47315000.0,5,0.0,0
Biotechnology,5200000.0,1,1.0,0
Hospitality,0.0,1,0.8323066392881588,0
Music,7700000.0,1,4.950034223134839,0
Software,101650000.0,4,4.205338809034908,1
Transportation,0.0,1,0.5722108145106092,1
Concerts,500000.0,1,2.6639288158795345,1
Hospitality,3750000.0,2,0.0,1
Cloud Computing,0.0,2,1.0,0
Business Development,21700000.0,1,8.785763175906913,1
Messaging,95000.0,1,0.0,0
Messaging,7510000.0,2,1.9904175222450375,1
E-Commerce,550000.0,2,0.0,0
Messaging,350000.0,2,0.9527720739219713,1
Banking,5800000000.0,1,1.0,1
Bridging Online and Offline,450000.0,2,0.0,0
Software,656000.0,1,5.6591375770020536,1
Software,2000000.0,2,1.002053388090349,1
Software,12000000.0,3,0.27652292950034224,1
Cloud Computing,26991390.0,2,4.057494866529774,1
Software,9116657.0,2,6.310746064339494,1
Software,15200000.0,3,1.1444216290212184,1
Software,1323100.0,1,1.0,0
Mobile,14200000.0,2,2.217659137577002,0
Information Security,28500000.0,2,3.137577002053388,1
Advertising,17500000.0,5,1.8754277891854894,1
News,1000.0,1,0.0,0
Advertising,250000.0,1,1.7056810403832992,0
Computers,23000000.0,8,0.5722108145106092,1
Curated Web,300000.0,1,0.4188911704312115,0
Enterprise Software,18687288.0,3,4.043805612594114,1
Games,5675000.0,4,0.5804243668720055,1
Search,1065000.0,3,0.0,0
Education,1750000.0,2,0.0,0
Education,44500000.0,3,8.711841204654347,1
Education,12000000.0,1,9.040383299110198,1
Databases,35000000.0,2,1.3114305270362765,1
Semiconductors,25035451.0,4,3.0143737166324436,1
Semiconductors,4290000.0,3,1.0,1
Biotechnology,37000000.0,3,1.2292950034223136,1
Health and Wellness,200000.0,1,15.66050650239562,0
Software,0.0,1,8.999315537303216,1
Big Data Analytics,5325912.0,1,1.0,0
Internet,1020000.0,2,0.4134154688569473,0
Fashion,0.0,1,0.6132785763175906,0
Mobile,54338763.8005401,3,0.5092402464065708,1
Games,2800000.0,2,1.0,1
Apps,100000.0,1,2.001368925393566,1
Analytics,2991652.0,3,0.0,1
Games,5000000.0,1,3.030800821355236,1
Advertising,45000.0,1,14.321697467488022,1
Brand Marketing,4000000.0,3,1.0,1
Curated Web,400000.0,1,0.0,1
Curated Web,0.0,1,1.0,0
Curated Web,11500000.0,5,0.17522245037645448,1
Curated Web,450000.0,1,0.038329911019849415,1
Networking,1250000.0,1,1.0,0
Advertising,6833750.0,1,5.314168377823409,1
Collaboration,1800000.0,1,0.4134154688569473,1
Advertising,4000000.0,2,0.0,0
Art,1150000.0,1,4.402464065708419,1
Cloud Data Services,0.0,1,10.001368925393566,1
Media,225000.0,1,0.0,0
Curated Web,10000000.0,1,16.161533196440793,1
Curated Web,222000.0,1,1.0,0
Health and Wellness,56974.0,1,1.0,0
SaaS,0.0,3,0.0,1
Electric Vehicles,110995.593474939,1,0.0027378507871321013,0
Health Care,11449343.0,1,13.377138945927447,1
Business Services,915000.0,1,0.0,0
Software,6000000.0,1,7.29637234770705,0
Insurance,0.0,1,37.74674880219028,1
Public Relations,0.0,1,2.817248459958932,1
Software,2000000.0,1,2.001368925393566,1
Databases,681759114.0,1,32.988364134154686,1
Biotechnology,31746594.0,4,9.1854893908282,1
Web Hosting,35000000.0,2,1.0,1
Delivery,51000000.0,3,1.0,1
Messaging,1750000.0,2,0.08487337440109514,1
Search,0.0,2,0.5831622176591376,0
Advertising,3500000.0,1,1.0,1
Advertising,14500000.0,2,1.0,1
Curated Web,305000.0,1,0.0,0
Search,46914300.0,6,0.0,0
Finance,265000.0,2,1.0,0
Software,0.0,2,1.0869267624914443,0
Mobile,375000.0,3,0.0,0
Transportation,10000.0,1,0.24914442162902123,0
Biotechnology,164000000.0,2,13.086926762491444,1
Software,17412208.0,5,2.1820670773442847,1
Finance,0.0,1,1.0,0
Databases,19800000.0,2,3.162217659137577,1
Content,1500000.0,1,0.0,0
Curated Web,500000.0,1,0.0,0
Real Estate,1725000.0,2,0.6872005475701575,1
E-Commerce,80000.0,1,1.0,0
Clean Technology,4000000.0,1,1.0,1
Finance,34150000.0,5,2.7159479808350446,1
Apps,35025000.0,3,0.1806981519507187,0
Games,2300000.0,1,3.2306639288158796,0
Security,69900000.0,1,21.626283367556468,1
Software,8000000.0,1,5.859000684462697,1
Computers,5000000.0,1,1.0,1
Security,982000.0,1,1.0,0
Security,11100000.0,2,0.9308692676249144,1
Games,4000000.0,1,9.201916495550993,1
Software,9250000.0,1,4.1095140314852845,1
Public Relations,51250.0,1,10.855578370978781,0
Software,5000000.0,1,1.0,1
E-Commerce,18000000.0,2,15.55920602327173,1
Network Security,0.0,1,8.172484599589323,1
Security,73500000.0,3,1.8754277891854894,1
Health and Insurance,6172958.05406414,1,1.0,0
Hardware + Software,15000000.0,1,6.225872689938399,1
Mobile Security,0.0,2,0.9117043121149897,1
Software,796000.0,1,1.160848733744011,1
Software,1300000.0,1,15.025325119780971,1
Analytics,5117500.0,2,0.6160164271047228,1
E-Commerce,112243.0,1,2.9021218343600275,0
E-Commerce,50000.0,1,0.5667351129363449,0
Clean Technology,40600000.0,3,2.6557152635181382,1
Music,7000000.0,1,2.91854893908282,1
Banking,0.0,1,0.7474332648870636,1
Mobile,0.0,1,1.0,1
Advertising,31551894.0,2,0.0,1
Advertising,23138876.0,7,1.8726899383983573,0
Android,16000000.0,3,0.4188911704312115,1
Chat,1000000.0,1,0.7474332648870636,0
Advertising,17986943.0,8,1.1854893908281998,1
Clean Technology,161040000.0,3,5.9986310746064335,1
Health Care,0.0,1,1.0,0
Data Centers,1000000.0,1,2.414784394250513,0
Biotechnology,900000.0,1,1.4428473648186173,1
Manufacturing,1600000.0,1,2.329911019849418,1
Apps,4443800.0,2,3.57015742642026,1
Software,34245892.0,4,17.426420260095824,1
Internet Marketing,5500000.0,1,7.581108829568788,1
Industrial,7962962.0,1,53.497604380561256,0
Aerospace,166000.0,1,1.0,0
Music,5000000.0,1,1.6865160848733745,0
CRM,2828000.0,2,1.4976043805612593,1
E-Commerce,40000.0,1,0.2600958247775496,0
E-Commerce,225000.0,2,0.0,0
Mobile,0.0,1,13.91375770020534,1
Agriculture,3750000.0,2,3.4962354551676933,0
Security,39422003.0,3,1.0,1
Advertising,0.0,1,0.0,0
Analytics,9100000.0,3,3.6659822039698837,0
Data Mining,0.0,1,0.08487337440109514,1
Clean Technology,50000.0,1,0.243668720054757,0
Semiconductors,26000000.0,1,5.590691307323751,1
Analytics,4700000.0,1,5.062286105407256,1
Energy,75000000.0,1,1.0,1
Semiconductors,0.0,1,0.7419575633127995,0
Electronics,39000000.0,4,4.952772073921971,0
Biotechnology,498600.0,1,7.60848733744011,1
Renewable Energies,1230000.0,1,1.0,0
Biotechnology,27000000.0,3,2.951403148528405,1
Hardware + Software,17590000.0,2,8.878850102669405,1
Business Services,18800000.0,2,1.0,1
Clean Technology,15600000.0,1,1.0,0
Customer Service,13000000.0,2,1.5852156057494866,0
E-Commerce,3000000.0,1,0.7501711156741958,1
Mobile,10400000.0,3,0.36413415468856947,1
Software,2943368.0,1,11.827515400410677,1
Mobile,34500000.0,4,0.0,0
Blogging Platforms,50000.0,1,0.0,0
File Sharing,0.0,1,0.16153319644079397,1
Enterprise Software,2500000.0,2,0.33675564681724846,1
Clean Technology,2500000.0,1,1.3826146475017111,0
Biotechnology,38425000.0,3,1.0,0
Business Services,12400000.0,1,1.0,1
Health and Wellness,5000000.0,1,5.30321697467488,1
Health and Wellness,0.0,1,9.14715947980835,1
Elder Care,562000.0,3,1.0,1
Curated Web,100000.0,1,1.002053388090349,0
Bitcoin,1000000.0,1,0.0,0
Nutrition,50000.0,1,1.0,0
Software,34300000.0,3,7.496235455167693,1
Security,39918369.0,7,0.6652977412731006,1
Advertising,9000000.0,2,4.919917864476386,1
Internet of Things,0.0,1,1.0,0
Clean Technology,12000000.0,1,1.0,1
Biotechnology,250000.0,1,1.0,1
Electrical Distribution,0.0,2,1.0,1
Software,1368100.0,1,1.0,1
Hardware + Software,6040000.0,1,6.921286789869952,1
Android,12000.0,1,1.0,1
Biotechnology,6220000.0,2,1.6646132785763177,0
Semiconductors,36760000.0,1,5.943874058863792,1
Enterprise Software,30501799.0,5,2.704996577686516,1
Consumer Electronics,1000000.0,1,1.0,0
Software,21000000.0,4,1.3634496919917864,1
Networking,963067.0,2,0.07392197125256673,0
Marketplaces,2800000.0,1,1.0,0
Cloud Data Services,88731.0,3,0.0,0
Health and Wellness,29450000.0,3,1.160848733744011,1
Anything Capital Intensive,425000000.0,2,0.5859000684462696,0
Software,39000000.0,4,3.1786447638603694,0
Accounting,9500000.0,3,0.5995893223819302,1
Mobile,1107075.0,1,0.999315537303217,0
E-Commerce,1615000.0,3,0.0,1
Energy,500000000.0,1,5.2676249144421625,0
Restaurants,3263734.0,9,4.832306639288158,0
Semiconductors,81880403.0,6,2.1437371663244353,1
Software,25970000.0,3,7.134839151266256,1
Biotechnology,183117265.0,3,15.991786447638603,1
Cosmetics,8400000.0,1,1.0,1
Biotechnology,41460000.0,4,2.9349760438056127,1
Semiconductors,74000000.0,7,4.856947296372348,0
Curated Web,8800000.0,1,1.0,0
Biotechnology,60800000.0,3,3.2142368240930868,0
Biotechnology,82000000.0,1,1.0,1
Biotechnology,30000000.0,1,0.7885010266940452,1
Semiconductors,15750000.0,1,1.0,1
Education,420000.0,1,1.0,1
Biotechnology,56000000.0,2,1.0,1
Cyber Security,225000.0,1,0.5804243668720055,0
Biotechnology,113000000.0,4,2.9048596851471595,1
Biotechnology,12000000.0,1,9.158110882956878,1
Publishing,7000000.0,2,1.0,0
Facebook Applications,4000000.0,1,0.2299794661190965,1
Apps,41000000.0,4,1.6646132785763177,1
Enterprise Software,21100000.0,4,5.590691307323751,1
Semiconductors,51937902.0,1,1.0,1
Customer Service,0.0,1,1.0,1
Enterprise Software,83703892.0,6,1.5085557837097878,1
Services,30000000.0,2,0.0,1
Automotive,15000000.0,2,3.8740588637919235,1
Business Services,66000000.0,1,7.145790554414784,1
Software,18000000.0,1,1.0,1
Advertising,9356180.0,2,1.2867898699520877,1
Banking,10400000.0,1,8.917180013689254,1
Apps,510000.0,1,0.07665982203969883,0
Mobile,3011408.0,1,1.9548254620123204,1
Location Based Services,0.0,1,0.0,0
Analytics,0.0,1,0.4380561259411362,1
Health and Wellness,20000.0,2,0.0,1
Software,4609282.0,3,0.5311430527036276,0
Curated Web,694000.0,3,0.0,1
Advertising,10000000.0,2,4.243668720054757,1
Electronics,10000000.0,1,27.690622861054074,1
Design,12131192.0,1,0.9363449691991786,0
Clean Technology,251000000.0,1,5.963039014373717,1
App Stores,0.0,1,1.1197809719370295,0
Games,95892257.0,6,0.5804243668720055,1
Blogging Platforms,1000000.0,1,0.999315537303217,1
Biotechnology,25000000.0,1,9.883641341546886,1
News,0.0,1,1.0,1
Cooking,500000.0,1,2.414784394250513,1
Entrepreneur,4000000.0,2,0.7474332648870636,1
Big Data Analytics,112363.338090048,1,0.5804243668720055,0
Business Services,40000000.0,1,3.3292265571526354,1
Retirement,3100000.0,2,0.0,0
Biotechnology,3000000.0,1,2.7789185489390826,1
Human Resources,0.0,1,0.6516084873374401,0
Curated Web,0.0,1,0.6707734428473648,1
Document Management,4825002.0,2,4.618754277891855,1
Advice,30000.0,1,0.08213552361396304,0
Soccer,1551791.0,2,0.0,0
Curated Web,2000000.0,1,0.0,0
Advertising,65853.0,2,1.672826830937714,1
Advertising,101463.0,1,1.163586584531143,0
Games,1100000.0,2,1.7796030116358659,0
All Students,118000.0,1,1.648186173853525,0
Mobile,3925000.0,4,0.0,1
Social Media,1000000.0,1,1.0841889117043122,1
Android,33101.0,2,2.3983572895277208,0
Consumer Electronics,0.0,1,1.0,1
Creative,0.0,1,0.0,1
Security,650000.0,1,0.0,0
Advertising,14000000.0,4,1.0841889117043122,1
Mobile,450000.0,1,1.2895277207392197,0
Advertising,500000.0,1,1.891854893908282,1
Brand Marketing,410172.0,1,1.6016427104722792,0
Social Travel,0.0,1,1.6427104722792607,1
Enterprise Software,10000000.0,2,1.7467488021902806,1
Curated Web,113638.0,1,0.3531827515400411,0
Hardware + Software,55900000.0,6,1.2895277207392197,0
E-Commerce,9000000.0,1,5.305954825462012,1
Fashion,66000000.0,4,0.7200547570157426,1
E-Commerce,1255000.0,4,0.0,1
Public Safety,120000000.0,1,20.514715947980836,1
E-Commerce,0.0,2,0.0,0
Online Travel,0.0,1,1.0,0
E-Commerce,0.0,1,0.16427104722792607,0
Messaging,200000.0,1,1.0,1
E-Commerce,25000000.0,1,8.082135523613964,1
Fashion,3500000.0,2,0.621492128678987,1
E-Commerce,421742.0,1,5.347022587268994,0
Advertising,750000.0,1,1.3305954825462012,0
Apps,50000.0,1,1.0,0
Classifieds,0.0,1,1.754962354551677,0
E-Commerce,10000000.0,2,5.973990417522245,1
Curated Web,375000.0,1,0.5831622176591376,1
Brand Marketing,8000000.0,2,0.7063655030800822,1
Analytics,122000000.0,3,6.529774127310062,1
Social Media,12500000.0,3,0.4188911704312115,1
E-Commerce,31490.0,1,2.811772758384668,0
Mobile,26700000.0,4,0.11772758384668036,1
Online Shopping,24765.0,1,0.7474332648870636,0
Advertising,21350000.0,6,0.16427104722792607,1
E-Commerce,1000000.0,2,0.2464065708418891,0
Analytics,250000.0,1,0.7474332648870636,1
E-Commerce,735817.0,2,0.0,0
E-Commerce,7700000.0,2,1.9520876112251881,1
Consumers,800000.0,1,0.8323066392881588,1
E-Commerce,0.0,1,0.6242299794661191,1
E-Commerce,400000.0,1,0.0,0
E-Commerce,75000000.0,1,3.6303901437371664,1
Curated Web,11339553.0,6,2.1437371663244353,1
Price Comparison,6250000.0,1,1.08145106091718,1
Advertising,74500000.0,3,2.1519507186858315,1
Curated Web,310000.0,1,0.2518822724161533,0
Assisitive Technology,126546.0,1,0.3066392881587953,0
Location Based Services,9764398.0,1,1.0,1
Curated Web,3900000.0,4,1.0075290896646132,0
Enterprise Software,29200000.0,4,0.049281314168377825,1
Advertising,2600000.0,1,1.3689253935660506,0
E-Commerce,1500.0,1,0.0,1
Social Media,0.0,1,0.16153319644079397,0
Enterprise Software,3000000.0,1,1.0,1
Mobile,36000000.0,3,4.4955509924709105,1
Information Technology,11500000.0,1,1.0,1
Art,0.0,1,0.5037645448323066,0
E-Commerce,8685807.0,6,0.0,1
E-Commerce,3000000.0,1,2.217659137577002,1
Online Scheduling,300000.0,1,0.0,0
Business Services,17750000.0,1,1.0,0
Health Care,82120000.0,5,0.9856262833675564,0
Mobile,113750000.0,6,0.0,1
Computers,43105472.0,3,1.0,0
Software,885000.0,1,1.0,0
Facebook Applications,5100000.0,2,0.0,0
Hotels,32000000.0,4,0.08213552361396304,1
Collaborative Consumption,4000000.0,3,0.08213552361396304,1
Cloud Computing,650000.0,1,0.0,0
Consumer Electronics,8900000.0,1,163.54277891854895,1
Health Care,150000000.0,2,0.2929500342231348,1
Business Intelligence,700000.0,1,1.0,1
Semiconductors,19000000.0,2,0.08487337440109514,1
Semiconductors,37250000.0,2,1.0157426420260096,1
Public Relations,25200000.0,2,14.655715263518138,1
B2B,0.0,1,4.323066392881588,1
Entertainment,13500000.0,3,0.49555099247091033,1
Semiconductors,28500000.0,2,9.00205338809035,1
Education,981078.0,1,1.0869267624914443,0
Biotechnology,2342500.0,2,1.322381930184805,0
Networking,145000000.0,1,1.0,0
Telecommunications,10700000.0,1,2.302532511978097,0
Software,37500000.0,3,1.9164955509924708,1
Facebook Applications,0.0,1,1.0,0
Mobile,1850000.0,1,1.0,0
Curated Web,2500000.0,2,1.111567419575633,1
News,18500000.0,1,1.0,1
Hardware + Software,56494609.0,6,5.861738535249829,1
Manufacturing,54600000.0,3,2.940451745379877,1
Consulting,250000.0,1,0.05201916495550993,0
Semiconductors,9550000.0,2,1.0,1
Manufacturing,26100000.0,3,2.4175222450376452,1
Semiconductors,17000000.0,2,4.287474332648871,0
Software,0.0,2,1.0,0
Electronics,45000000.0,2,1.0,1
Design,95300000.0,4,0.5338809034907598,0
Semiconductors,58401855.0,1,21.218343600273784,1
Internet,52000000.0,1,1.0,1
Semiconductors,57005567.0,3,1.0,1
Semiconductors,9000000.0,1,3.241615331964408,1
Semiconductors,6000000.0,1,4.03832991101985,0
Software,6000000.0,1,8.580424366872005,1
Software,300000.0,1,5.9986310746064335,0
Communications Hardware,358929976.0,9,5.253935660506502,1
Analytics,22100000.0,3,0.7173169062286106,1
Web Hosting,46000000.0,3,1.730321697467488,1
Software,31000000.0,3,1.623545516769336,1
Software,12600032.0,3,3.378507871321013,1
Advertising,40000000.0,2,8.479123887748118,1
Information Technology,108000000.0,3,3.9671457905544147,1
Web Hosting,39000000.0,2,2.135523613963039,1
Clean Technology,3478433.0,1,1.0,0
Health and Wellness,7000000.0,1,11.863107460643395,1
Fitness,6500.0,1,0.0,0
Software,7000000.0,1,4.123203285420945,1
Curated Web,3427334.0,2,3.2306639288158796,0
Mobile,0.0,2,0.0,1
Advertising,9807367.0,3,0.5284052019164955,1
Hotels,0.0,1,0.0,1
Coupons,1000000.0,1,0.7474332648870636,0
Photography,7100000.0,2,2.5790554414784395,1
Consulting,142000.0,1,10.505133470225873,1
Software,2100000.0,1,1.0,1
Heavy Industry,135000000.0,1,1.0,0
Hardware + Software,6983000.0,4,4.594113620807666,0
Social Media Management,0.0,1,1.0,1
Software,899999.0,1,1.0,1
Internet,45000.0,2,0.09308692676249145,0
Data Mining,24950.9801450685,1,0.14784394250513347,0
Semiconductors,14920000.0,2,19.994524298425734,1
Software,562250.0,1,21.4072553045859,0
Software,729000.0,1,1.2758384668035592,0
Messaging,5700000.0,3,0.7912388774811773,0
Curated Web,91500000.0,4,1.0,1
Curated Web,586000000.0,1,3.707049965776865,1
Biotechnology,1092283.0,3,1.0,0
Social Media,3000000.0,1,0.8158795345653662,1
Subscription Businesses,25000.0,1,1.1279945242984257,0
Delivery,1851372.0,2,0.4407939767282683,1
Discounts,3216500.0,1,1.5441478439425051,1
Curated Web,0.0,1,1.0,1
Public Relations,6300000.0,2,1.0,1
Content,4575000.0,3,0.7419575633127995,1
Analytics,8950000.0,3,0.11498973305954825,1
Music,1040000.0,1,1.0,1
E-Commerce,530000.0,3,1.2758384668035592,1
Hardware + Software,10710000.0,3,1.0,0
Security,18097057.0,4,1.0,1
Advertising,0.0,1,0.0,0
Biotechnology,9600000.0,1,13.308692676249144,0
Hardware + Software,28400000.0,3,1.45927446954141,0
Hardware + Software,0.0,2,0.6406570841889117,0
Security,39730000.0,4,2.0944558521560577,1
Analytics,32000000.0,2,4.435318275154004,1
Hospitality,4200000.0,1,0.7665982203969883,0
Software,6000000.0,1,1.0,0
Education,6400000.0,2,0.7501711156741958,1
Medical,1325000.0,1,3.3100616016427105,0
Web Tools,4000000.0,4,2.5790554414784395,1
Broadcasting,0.0,1,7.748117727583847,0
Semiconductors,19600000.0,1,1.0,1
Consumer Electronics,24000000.0,2,0.8678986995208761,1
Semiconductors,35800000.0,2,4.37782340862423,1
Biotechnology,15948800.0,7,1.0,1
Music,1055750000.0,2,1.0,1
Biotechnology,76000000.0,2,1.0,0
Information Technology,17000000.0,1,1.0,0
Biotechnology,13213123.2740358,1,1.0,0
Biotechnology,82000000.0,4,0.0,1
Software,10000000.0,2,1.0,1
Software,1650000.0,4,8.56125941136208,0
Software,477000.0,1,10.45037645448323,1
Information Technology,0.0,1,1.0,0
Enterprise Software,4640537.0,2,0.0,1
Software,7000000.0,1,4.813141683778234,1
Web Hosting,0.0,1,0.49555099247091033,0
Business Services,935279.0,1,5.084188911704312,0
Computers,105517223.0,7,2.327173169062286,1
Software,7700000.0,2,24.427104722792606,0
Blogging Platforms,22600000.0,3,1.6399726214921286,1
Games,17999998.0,3,2.5735797399041753,0
E-Commerce,2300000.0,1,1.0,1
Software,250000.0,1,0.4106776180698152,0
Clean Technology,13410000.0,3,0.038329911019849415,0
Construction,2500000.0,1,24.082135523613964,1
Hardware + Software,150000.0,1,1.672826830937714,0
SaaS,200000.0,1,0.2518822724161533,0
Education,25000.0,2,1.4154688569472964,0
Curated Web,275000.0,2,0.6187542778918549,0
Apps,22085400.0,3,0.0,1
Education,120000.0,1,0.947296372347707,0
Curated Web,1100000.0,1,1.7987679671457906,1
Software,640000.0,1,1.5605749486652978,0
Peer-to-Peer,23414268.0,3,7.085557837097878,1
Biotechnology,68438712.0,5,3.923340177960301,1
Curated Web,0.0,1,1.056810403832991,0
Consumer Electronics,0.0,1,4.810403832991102,1
Curated Web,4000000.0,2,2.4941820670773445,1
Aerospace,91000000.0,3,0.5667351129363449,1
Mobile,4000000.0,1,1.0,0
Education,13000.0,1,0.24914442162902123,0
Enterprise Software,51600000.0,1,3.14031485284052,1
Analytics,4000000.0,1,3.838466803559206,1
Enterprise Software,40800000.0,5,1.1964407939767283,1
Content,13250000.0,2,0.837782340862423,0
Consumer Electronics,16800000.0,3,0.999315537303217,1
Services,3400000.0,1,1.0,1
Health and Wellness,23750000.0,4,3.863107460643395,1
Android,700000.0,1,1.0,0
Messaging,76805032.0,5,0.0,1
Analytics,250000.0,2,0.999315537303217,1
Web Hosting,92800000.0,5,1.002053388090349,1
Advertising,17000000.0,2,3.808350444900753,0
Mobile,2600000.0,1,10.524298425735797,0
Enterprise Software,0.0,1,0.32854209445585214,0
Content Delivery,0.0,1,1.0,1
Business Development,125000.0,1,0.9555099247091033,0
Gps,12300000.0,1,5.831622176591376,1
Software,4000000.0,1,6.368240930869268,0
Games,0.0,1,0.0,0
Manufacturing,30000000.0,1,0.10677618069815195,0
Biotechnology,7150000.0,1,1.4702258726899384,0
E-Commerce,45000000.0,2,22.26694045174538,1
Health Care,33100000.0,3,1.0,0
Content Delivery,680000.0,1,0.8898015058179329,0
E-Commerce,0.0,1,1.0,1
Security,20000.0,1,1.0,1
Photography,78000000.0,4,0.0,1
Software,292207.0,1,0.0,0
Enterprise Software,7000000.0,2,1.834360027378508,1
Curated Web,3000000.0,2,1.242984257357974,1
Events,120000.0,1,1.0,0
3D,2750000.0,2,0.7474332648870636,0
Hardware + Software,14500000.0,2,0.8350444900752909,1
News,15000.0,1,1.0,1
Curated Web,20000.0,1,0.24914442162902123,0
Biotechnology,10691320.0,2,1.0,1
Email,150000.0,1,0.7939767282683093,0
Curated Web,37400000.0,5,1.3853524982888432,1
Health Care,244000000.0,6,0.0,1
Communities,1000000.0,1,2.7980835044490076,1
Facebook Applications,3000000.0,1,0.16427104722792607,0
Advertising,4000000.0,1,0.7939767282683093,0
Health Diagnostics,9664366.0,2,2.5763175906913074,0
Games,3650000.0,2,1.0,0
Analytics,750000.0,1,0.0,0
Software,127839.0,1,3.969883641341547,0
Startups,100000.0,1,0.0,0
Education,250000.0,1,2.403832991101985,0
Biotechnology,5220000.0,4,1.0,1
Advertising,0.0,1,0.6926762491444216,1
Curated Web,7800000.0,2,0.0027378507871321013,0
Software,248811.0,1,0.10951403148528405,0
Education,6350000.0,5,0.6598220396988365,1
Software,5000000.0,1,1.0,1
App Marketing,30000000.0,1,13.77138945927447,1
Finance,5170000.0,1,2.924024640657084,0
Telecommunications,4000000.0,1,2.0424366872005475,0
Human Resources,200000.0,1,6.0013689253935665,1
Software,250000.0,1,6.225872689938399,1
Web Hosting,81670000.0,6,1.0,1
Public Transportation,173433.0,1,1.0,0
Home Automation,15500000.0,2,0.676249144421629,1
Software,0.0,1,18.494182067077343,0
Advertising,5000000.0,1,4.060232717316906,0
Education,501550.0,2,2.439425051334702,1
E-Commerce,19500978.0,6,1.4948665297741273,0
Biotechnology,4000000.0,1,2.817248459958932,0
Content,400000.0,1,0.0,0
Hardware,0.0,1,1.4182067077344285,1
Consumer Internet,14399999.0,4,0.42984257357973993,1
Apps,2000000.0,1,0.9911019849418207,0
Software,12467197.0,2,26.989733059548254,1
Games,29000000.0,1,2.647501711156742,0
Apps,5000000.0,1,1.218343600273785,1
Apps,30000.0,1,0.0,0
Curated Web,60000.0,1,0.16700889801505817,0
Health Care,10500000.0,1,7.252566735112937,0
Advertising,30000.0,1,0.0,0
Advertising,13450000.0,5,0.7474332648870636,1
Facebook Applications,12250000.0,3,1.4537987679671458,1
Apps,3000.0,1,0.2464065708418891,0
Fashion,1500000.0,1,0.7775496235455168,1
Enterprise Software,0.0,2,0.0,1
Photography,43500000.0,2,0.8323066392881588,1
Curated Web,10000000.0,3,0.432580424366872,1
Software,22300000.0,2,2.524298425735797,1
Curated Web,0.0,1,0.08487337440109514,1
Identity,650000.0,1,1.0,0
Domains,8800000.0,3,1.4154688569472964,1
Cloud Data Services,0.0,1,4.347707049965777,0
Cloud Computing,2859260.0,3,2.652977412731006,1
Advertising,0.0,1,0.16700889801505817,0
Advertising,4000000.0,1,1.429158110882957,1
Curated Web,2500000.0,1,4.120465434633813,1
Mobile,6000000.0,1,16.334017796030118,1
Audio,12000000.0,2,1.4948665297741273,1
Biotechnology,192243015.0,8,2.2505133470225873,1
Curated Web,0.0,1,0.6899383983572895,0
Curated Web,15000.0,1,0.0,0
E-Commerce,4074999.0,3,2.7898699520876113,0
Analytics,6817616.0,1,8.49555099247091,1
Curated Web,0.0,2,0.2464065708418891,1
Coupons,2845000.0,3,0.7775496235455168,1
Apps,324280.0,1,0.6954140999315537,0
Content,25000000.0,3,1.0,1
Analytics,5250000.0,2,1.8151950718685832,1
Business Development,6000000.0,1,1.0,0
Logistics,10400000.0,1,17.451060917180012,0
Software,2076250.0,1,0.0,1
Games,24700000.0,2,1.0,1
Consumer Electronics,12776691.0,4,0.5612594113620808,1
Artificial Intelligence,0.0,1,1.4893908281998631,0
Advertising,20000.0,1,0.0027378507871321013,0
Incentives,0.0,1,0.0,0
Facebook Applications,5000.0,1,0.0,0
Games,120000.0,1,0.2600958247775496,0
Social Commerce,1320384.0,1,1.678302532511978,0
Brand Marketing,4300000.0,4,0.08761122518822724,1
Social Media,410000.0,2,1.0841889117043122,0
Curated Web,560000.0,1,1.0,1
Advertising,942000.0,1,0.1806981519507187,1
Social Media,47500000.0,3,1.0,1
Enterprise Software,11750000.0,3,2.4804928131416837,1
Games,240000.0,1,0.49007529089664614,1
Curated Web,0.0,1,0.7501711156741958,0
Advertising,500000.0,1,0.0,0
Android,0.0,1,0.0,1
Enterprise Software,9400000.0,3,3.8466803559206024,1
E-Commerce,298836.0,1,0.0,1
Curated Web,0.0,1,1.319644079397673,1
Games,456506.0,1,1.6344969199178645,1
Messaging,1000000.0,1,0.24914442162902123,0
Finance,12000.0,1,4.167008898015058,1
Social Media,1900000.0,2,1.2621492128678986,1
Databases,100000.0,1,0.33675564681724846,1
Interest Graph,1820000.0,3,3.3347022587268995,1
Events,2250000.0,2,1.0,0
Apps,0.0,1,1.4209445585215605,0
Advertising,138000.0,1,0.057494866529774126,0
Sales and Marketing,2776000.0,3,0.23545516769336072,0
Advertising,10000000.0,3,0.6652977412731006,1
Curated Web,0.0,1,3.0006844626967832,0
Curated Web,500000.0,1,1.9137577002053388,1
Entertainment,20000.0,2,1.3333333333333333,0
Software,10000000.0,1,1.0924024640657084,1
Collaboration,46770000.0,8,1.0841889117043122,1
Finance,415000.0,2,0.2053388090349076,1
Advertising,45000.0,2,0.2546201232032854,0
Enterprise Software,15022208.0,6,0.0,1
Enterprise Software,300000.0,1,1.3004791238877482,0
Natural Resources,14300000.0,1,1.0,0
Internet,12000000.0,1,1.0,1
E-Commerce,0.0,1,2.3134839151266258,0
Education,750000.0,1,3.5811088295687883,1
Social Media,0.0,1,1.0,0
News,12650000.0,3,0.0,1
Consumer Electronics,9300000.0,1,105.59890485968515,1
Entertainment,0.0,1,1.0,0
Software,1946765.0,3,1.0,1
Finance,7500000.0,1,19.364818617385353,1
Cloud Computing,30000000.0,2,4.744695414099931,1
Software,29600000.0,2,3.572895277207392,1
Hardware + Software,19000000.0,2,1.0,1
Apps,915000000.0,1,1.0,0
Mechanical Solutions,0.0,1,6.872005475701574,1
Software,0.0,1,23.709787816564,1
Biotechnology,95000.0,1,1.0,0
Curated Web,25000000.0,2,2.414784394250513,1
Clean Technology,67003889.0,4,4.884325804243669,1
Clean Technology,26590000.0,2,1.4976043805612593,0
Manufacturing,3850000.0,2,1.0,1
Clean Technology,3000000.0,1,1.0,0
Clean Technology,10000000.0,1,1.0,0
Solar,22000000.0,1,1.0,1
Clean Technology,253000000.0,4,1.7111567419575633,1
Clean Energy,6077370.0,1,1.0,1
Clean Technology,419500.0,2,1.0,1
Clean Technology,105050000.0,7,3.7727583846680357,1
Software,25000000.0,1,12.856947296372347,1
Clean Technology,1158040000.0,14,0.70362765229295,1
Clean Technology,85000000.0,3,3.7481177275838466,1
Software,217500000.0,3,6.915811088295688,1
Clean Technology,1000000.0,1,2.8993839835728954,0
Curated Web,15000.0,1,1.7522245037645447,0
Chemicals,146110000.0,7,1.9164955509924708,1
Analytics,0.0,1,0.0,1
Advanced Materials,5800000.0,4,1.0,1
Business Services,11000000.0,1,1.0,0
Analytics,58700000.0,7,0.0,1
Clean Technology,211403000.0,8,0.32854209445585214,0
Clean Technology,18000000.0,1,3.4387405886379194,1
Software,19236401.7192852,2,12.306639288158795,1
Software,60950000.0,5,1.8863791923340179,1
Biotechnology,21688477.0,6,1.0,0
Clean Technology,325000.0,1,0.0,0
Networking,9500000.0,2,2.784394250513347,1
Clean Technology,458089999.0,10,2.1711156741957565,1
Software,20000000.0,2,5.111567419575633,1
Biotechnology,93000000.0,2,1.0,1
Health Care,21950000.0,2,15.028062970568104,1
Agriculture,23500000.0,3,1.0841889117043122,1
Biotechnology,800000.0,1,1.0,0
Security,0.0,1,11.90965092402464,1
Software,18000000.0,3,0.0,1
Curated Web,10300000.0,3,2.6557152635181382,0
Enterprise Software,0.0,1,8.969199178644764,1
Manufacturing,1567504319.0,8,0.999315537303217,0
Analytics,750000.0,1,0.2190280629705681,0
Biotechnology,93999990.0,3,1.0,1
Communications Infrastructure,0.0,1,3.5564681724845997,0
Advertising,5550000.0,3,0.7008898015058179,1
Medical Devices,7000000.0,1,10.557152635181383,1
Fitness,0.0,1,1.0,0
Analytics,0.0,1,0.0,0
Cloud Computing,0.0,1,4.043805612594114,0
Media,14956252.0,4,0.6652977412731006,0
Music,6700000.0,2,3.8822724161533197,1
Automotive,92374276.0,1,12.361396303901437,1
Music,4500000.0,1,8.199863107460644,1
Health Care,67641704.0,6,0.6844626967830253,0
E-Commerce,700000.0,3,0.22176591375770022,0
Communications Infrastructure,23000000.0,1,2.3545516769336072,1
Legal,25000.0,1,0.0,0
Contact Management,403080.0,1,0.0,1
News,282077.0,1,12.153319644079398,1
Entertainment,1400000.0,1,1.0,0
Cloud Computing,23000000.0,4,1.3360711841204653,1
Biotechnology,37226398.0,3,1.0,1
Web Design,20000000.0,1,1.0,0
Biotechnology,42568495.0,5,3.463381245722108,0
Events,500000.0,1,1.0,0
Social Media,16254000.0,4,1.2210814510609171,1
Games,471365.25018193,1,3.049965776865161,0
Curated Web,50000.0,1,0.6516084873374401,0
Health Care,10850948.0,6,5.308692676249144,0
Audio,1500000.0,1,0.840520191649555,1
Online Shopping,50000000.0,1,7.277207392197125,0
Real Estate,6000000.0,2,0.4134154688569473,1
App Marketing,8500000.0,1,6.491444216290212,1
Databases,2200000.0,3,0.0,1
Open Source,500000.0,2,1.0,1
Android,10000000.0,1,5.034907597535934,1
Information Technology,15000000.0,1,3.0691307323750854,1
Linux,7000000.0,1,1.0,0
Clean Technology,10000006.0,2,20.410677618069816,1
Real Estate,175000000.0,1,32.26557152635181,1
Consulting,250000.0,1,0.45722108145106094,0
Career Planning,734650.0,2,0.9062286105407256,0
Beauty,200000.0,1,0.16700889801505817,1
Cloud Computing,2250000.0,3,1.0321697467488022,1
Analytics,4190185.0,4,1.0,0
Software,49000000.0,5,0.11772758384668036,1
Algorithms,38126.0,1,0.06570841889117043,0
Games,3000000.0,1,1.0,1
Curated Web,40000.0,1,1.4948665297741273,0
Software,6500000.0,1,4.659822039698836,1
Finance,18000.0,1,1.0,0
E-Books,35000.0,1,0.0,0
Facebook Applications,509412.0,1,0.0,1
Advertising,50000.0,1,0.9965776865160849,1
Biotechnology,122800000.0,2,0.8049281314168378,1
Software,150000.0,1,0.8870636550308009,0
Curated Web,1000000.0,1,0.9089664613278576,1
Enterprise Software,0.0,2,0.08487337440109514,0
Analytics,4000000.0,1,1.2101300479123889,1
Email,246981.0,1,0.33127994524298426,1
Enterprise Software,0.0,1,12.27378507871321,1
Software,5420000.0,2,2.2669404517453797,1
Consumer Goods,200000.0,1,1.0,0
Hardware + Software,47489278.0,3,3.6632443531827517,1
Telecommunications,45100000.0,3,0.6132785763175906,1
Enterprise Software,1000000.0,1,4.684462696783025,1
Services,5000000.0,1,1.0,0
Social Media,1157940.0,1,2.746064339493498,0
Information Technology,24000000.0,1,1.0,1
Events,0.0,1,0.6652977412731006,0
Information Services,253000.0,2,1.0,0
Public Relations,988957.0,1,3.3155373032169746,0
Biotechnology,5000000.0,1,12.733744010951403,1
Communities,14638573.0,1,1.0,1
Analytics,6890927.0,5,2.088980150581793,1
Hardware + Software,2502820.0,5,1.0,0
Biotechnology,13200000.0,1,1.0,1
Semiconductors,45400000.0,6,0.08487337440109514,1
Manufacturing,7500000.0,1,6.729637234770705,1
Clean Technology,91400000.0,2,0.459958932238193,0
Software,13100000.0,2,11.693360711841205,1
Web Hosting,1911478.0,2,3.134839151266256,1
Information Technology,10000000.0,1,14.414784394250514,1
Web Hosting,6500000.0,1,3.8822724161533197,1
Advertising,5000000.0,1,5.136208076659822,0
Software,0.0,1,1.0,1
Mobile,7950000.0,5,0.459958932238193,1
Career Planning,300000.0,1,0.999315537303217,0
E-Commerce,12200000.0,1,1.0,0
Software,7000000.0,2,1.0,1
Design,70000000.0,1,1.6098562628336757,1
Curated Web,3500000.0,2,0.0,1
SaaS,3700000.0,1,1.998631074606434,1
Information Technology,27181081.0,4,46.496919917864474,1
Mobile,80000.0,1,1.0,0
Information Technology,150000.0,1,2.321697467488022,0
E-Commerce,800000.0,2,0.0,0
Software,56000000.0,3,1.3990417522245038,1
Advice,1070000.0,3,1.68104038329911,1
Software,3869960.0,2,1.486652977412731,1
Curated Web,300000.0,1,1.0,1
Location Based Services,3910000.0,2,1.946611909650924,1
Manufacturing,13708764.0,2,1.0,1
Health Care,13348172.0,3,0.70362765229295,1
Biotechnology,64000000.0,2,6.225872689938399,1
Internet,51400000.0,2,1.0,1
Games,150000.0,1,0.0,0
Messaging,105500000.0,2,1.0,1
Biotechnology,12483000.0,1,1.0,0
Semiconductors,1450000.0,1,1.0,0
Music,45000000.0,3,2.001368925393566,0
Social Network Media,9000000.0,1,1.0,1
Clean Technology,2000000.0,1,41.034907597535934,1
Location Based Services,977000.0,1,0.0054757015742642025,0
Development Platforms,9341046.0,3,1.0,1
Music,0.0,1,0.0,0
Analytics,50000.0,1,0.0,0
Advertising,4000000.0,1,2.7734428473648185,0
Curated Web,10000.0,1,0.0,0
Analytics,300000.0,2,0.6981519507186859,1
Software,40000000.0,3,1.1690622861054072,1
Medical Devices,800000.0,2,0.33401779603011633,0
Search,7000000.0,1,0.6680355920602327,1
Email Marketing,19311.0,1,0.6789869952087612,0
Games,170000.0,2,0.33675564681724846,1
Entertainment,30000.0,1,0.0,0
Curated Web,400000.0,1,0.29568788501026694,1
Curated Web,2000000.0,1,1.0,0
Business Services,800000.0,2,1.0,1
Advertising,9590000.0,5,0.49555099247091033,1
Curated Web,0.0,1,0.3613963039014374,0
Curated Web,147000.0,1,1.2484599589322383,0
Software,1000000.0,1,1.0,1
Hospitality,0.0,1,0.0,0
Social Media,839146.0,1,0.0,0
Emerging Markets,25000.0,1,0.0,0
Internet,40000.0,1,1.0,0
Ad Targeting,11489687.0,3,1.3333333333333333,1
News,3200000.0,1,1.2511978097193703,1
Apps,2000000.0,1,1.0,0
News,100000.0,1,1.5879534565366187,0
Sports,400000.0,1,2.083504449007529,0
Software,0.0,1,2.21492128678987,0
Consumer Electronics,3500000.0,1,0.038329911019849415,1
Mobile,392230.352527925,1,0.07665982203969883,0
Hospitality,300000.0,1,18.193018480492814,0
Analytics,358969.0,2,0.892539356605065,1
Communities,118000.0,1,0.5092402464065708,0
Advertising,7500000.0,1,2.2505133470225873,1
Curated Web,600000.0,1,0.15331964407939766,0
Privacy,1150000.0,2,0.6680355920602327,0
Travel,20000.0,1,0.0,1
Web Hosting,638000.0,1,1.4127310061601643,0
Email Marketing,188811.345724503,2,0.6735112936344969,1
Curated Web,0.0,1,0.5831622176591376,1
E-Commerce,200000.0,1,0.8323066392881588,0
Mobile,1858875.0,1,0.9938398357289527,1
Finance,44304470.0,3,1.9301848049281314,1
Curated Web,450000.0,1,0.0,0
Peer-to-Peer,140000.0,1,0.38329911019849416,0
Big Data,1300000.0,2,1.3305954825462012,1
Curated Web,250000.0,1,0.0,0
Advertising,12000000.0,2,0.999315537303217,1
Hardware + Software,10000000.0,1,19.17864476386037,1
Hardware,20000000.0,1,5.582477754962355,1
Apps,5000.0,1,0.24914442162902123,0
E-Commerce,6500000.0,2,0.27652292950034224,1
Clean Technology,2300000.0,1,1.0,1
Biotechnology,23277501.0,2,1.0,0
Software,37339356.0,2,3.4387405886379194,1
Mobile,0.0,1,11.000684462696784,1
Customer Service,1007546.0,1,1.0787132101300478,0
Advertising,8300000.0,2,0.0,1
Hospitality,4169864.0,1,7.915126625598905,1
Biotechnology,79095777.0,4,1.5304585900068446,1
Finance,1015000.0,1,1.727583846680356,0
Enterprise Software,18000.0,1,1.0,0
Apps,3250000.0,1,1.0,1
Software,28000000.0,2,1.0,1
Finance,200000.0,1,1.0,0
Curated Web,175500.0,1,1.0,0
E-Commerce,25000.0,1,1.0759753593429158,0
Software,4710000.0,2,1.0,0
Biotechnology,4200000.0,1,1.0,1
E-Commerce,15000.0,2,0.0,1
Accounting,550000.0,1,1.0759753593429158,1
Analytics,590500000.0,9,0.7474332648870636,1
Financial Services,0.0,1,1.0,1
Advertising,4440262.0,3,0.0,1
Software,0.0,1,0.0,1
Search,550000.0,1,1.0,0
Cars,2000000.0,1,3.4140999315537304,0
Developer Tools,16674.0,1,1.0,0
Software,75000000.0,1,1.0,1
Travel & Tourism,350000.0,1,0.0,0
Analytics,16674.0,1,1.0,0
Curated Web,547000.0,1,1.4154688569472964,0
Local,28000000.0,1,1.0,0
Mobile,75500000.0,4,2.2642026009582477,0
Cloud Computing,54993.0,1,0.243668720054757,0
Enterprise Software,15000000.0,2,0.09582477754962354,1
Cloud Computing,7500000.0,1,1.3689253935660506,1
Messaging,250000.0,1,0.6707734428473648,0
Consulting,1250000.0,1,0.758384668035592,0
Enterprise Software,10000.0,1,2.2258726899383983,0
Loyalty Programs,225000.0,1,0.676249144421629,1
Mobile,3000000.0,2,0.0,1
Crowdfunding,4500.0,2,0.0,0
Design,43037.0,1,0.0,0
Semiconductors,61503944.0,4,3.0143737166324436,0
Banking,2700000.0,1,1.0732375085557837,1
Education,6016903.0,2,0.0,0
Apps,10500003.0,6,0.0,1
Apps,1147146.0,1,1.4893908281998631,0
B2B,1980198.01980198,1,0.9883641341546886,1
Consumer Goods,0.0,1,13.620807665982204,1
Enterprise Software,0.0,1,1.0,1
Software,3500000.0,1,3.542778918548939,1
Games,550000.0,2,0.0,0
Curated Web,0.0,1,1.0,1
Curated Web,15100000.0,1,1.0,0
Enterprise Software,5500000.0,2,1.0,1
Internet,50000000.0,1,1.0,1
App Marketing,20000.0,1,0.12046543463381246,0
E-Commerce,8000000.0,2,0.70362765229295,1
Enterprise Software,13000000.0,1,0.2464065708418891,0
Coffee,0.0,1,19.84394250513347,1
Games,5960000.0,1,32.04654346338125,0
Business Services,1000000.0,1,1.0,0
Meeting Software,15000000.0,1,9.415468856947296,1
Enterprise Software,48000000.0,2,3.1129363449691994,1
Education,4089700.0,2,1.5222450376454484,1
Mobile,13000000.0,1,7.939767282683094,0
Curated Web,2700000.0,1,1.0,1
Semiconductors,1000000.0,1,1.0,0
Telecommunications,30900000.0,1,1.0,1
Enterprise Software,6000000.0,2,1.4182067077344285,1
Employment,200000.0,1,1.3086926762491444,1
Curated Web,0.0,1,0.4161533196440794,0
Business Services,5000000.0,1,1.0,0
Artificial Intelligence,120000.0,1,1.0,0
Analytics,12000.0,1,1.5797399041752225,1
Facebook Applications,250000.0,1,0.08487337440109514,0
Curated Web,750000.0,3,0.0,1
Curated Web,0.0,1,0.3860369609856263,0
Travel,25000.0,1,0.04106776180698152,0
Health Care,15400122.0,4,4.073921971252567,1
Software,12000000.0,2,4.0,1
Games,90000.0,1,1.6673511293634498,0
Security,10000000.0,1,3.5592060232717317,1
Manufacturing,4405204.0,2,1.0,0
Advertising,500000.0,1,0.0,0
Biotechnology,17566976.0,6,11.304585900068446,0
Design,35000000.0,1,1.0,0
Biotechnology,33000000.0,1,1.0,0
Biotechnology,20000000.0,1,22.55167693360712,1
Medical Devices,13800000.0,2,1.0,0
Accounting,0.0,1,0.6625598904859685,0
Biotechnology,15090000.0,4,4.689938398357289,1
Software,6500000.0,1,1.0,0
Design,24910219.0,1,1.0,0
Finance,1347000.0,2,0.0,1
Curated Web,6600000.0,1,1.0,1
Clean Technology,7992756.0,1,1.0,0
Biotechnology,46000000.0,3,1.0,1
Medical Devices,0.0,1,15.742642026009582,1
Biotechnology,285000.0,1,25.38261464750171,1
Real Estate,40000000.0,1,60.41341546885695,1
Biotechnology,1500000.0,1,7.750855578370979,1
Analytics,2527430.0,5,1.0,0
Internet,120000.0,1,0.0,0
Curated Web,1900000.0,2,1.1827515400410678,0
Curated Web,325000.0,3,1.5058179329226558,0
Electronics,418204.0,1,0.0027378507871321013,0
Advertising,14379000.0,4,0.8788501026694046,0
Apps,15000.0,1,0.0,0
Mobile,3250000.0,1,1.3086926762491444,1
Entertainment,18700000.0,3,0.0,1
Online Gaming,0.0,1,0.0,0
Big Data,0.0,1,0.7145790554414785,0
Finance,25000.0,1,1.0,0
Finance,25000000.0,1,7.195071868583162,1
Mobile,3400000.0,1,10.001368925393566,1
Clean Technology,4100000.0,1,1.0,0
Advertising,654568.0,1,0.5667351129363449,0
Design,0.0,1,0.1697467488021903,0
Security,1100000.0,1,4.117727583846681,1
Data Centers,26680000.0,5,1.0,1
Curated Web,250000.0,1,0.0,0
Consumer Electronics,1000000.0,1,2.327173169062286,0
Networking,50000000.0,1,2.86652977412731,1
SaaS,29000000.0,2,1.0,1
Ediscovery,44541657.0,5,7.493497604380561,1
E-Commerce,6000000.0,1,11.085557837097879,1
Blogging Platforms,2023000.0,3,0.0,1
Internet,15000000.0,1,1.5277207392197125,0
Enterprise Software,10800000.0,2,0.6680355920602327,0
E-Commerce,100000.0,1,9.503080082135524,0
E-Commerce,100000.0,1,0.0,0
Enterprise Software,31500000.0,3,0.4134154688569473,1
Software,13000000.0,1,0.42984257357973993,0
Storage,28000000.0,2,3.4277891854893907,1
Web Hosting,1500000.0,1,2.245037645448323,0
Media,0.0,4,1.8316221765913758,1
Mobile,0.0,1,0.0,1
EdTech,0.0,1,1.0,0
Medical,21622868.0,1,1.0,0
Enterprise Software,21500000.0,2,1.5550992470910336,1
3D Printing,20650000.0,1,15.630390143737166,1
Automotive,10700000.0,5,4.662559890485968,1
Biotechnology,35929000.0,7,3.682409308692676,0
Entertainment,24778500.0,1,1.0,1
Video,15000000.0,1,1.0,0
Software,185083586.0,1,17.749486652977414,1
Mobile,1000000.0,1,1.9411362080766599,0
Semiconductors,38000000.0,2,1.0,0
Facebook Applications,2000000.0,1,0.4928131416837782,0
Software,39000000.0,5,2.0643394934976045,1
Enterprise Software,10790000.0,2,1.0,1
Mobile,45520000.0,4,2.3107460643394937,1
Health and Wellness,475550.0,1,6.792607802874743,1
Biotechnology,12000000.0,1,1.0,0
Analytics,0.0,1,1.9356605065023955,0
Cloud Computing,875000.0,1,1.8973305954825461,0
Automotive,16212601.0,3,3.1813826146475015,1
Auto,7900000.0,2,3.249828884325804,1
Interest Graph,750000.0,1,0.8788501026694046,0
Semiconductors,58000000.0,7,4.48186173853525,1
Curated Web,600000.0,1,0.5804243668720055,0
Apps,18405.9016683109,1,0.6023271731690623,0
Brewing,50000.0,1,1.0,0
Advertising,7000000.0,1,3.2142368240930868,1
Hardware + Software,210000.0,1,1.4428473648186173,0
iPad,2500000.0,1,0.5010266940451745,1
Biotechnology,28000000.0,3,1.0,1
Consulting,9000000.0,2,0.1697467488021903,1
Advertising,38100000.0,6,2.2012320328542097,1
Apps,195420.0,1,0.0,0
Advertising,8500000.0,1,4.049281314168378,1
Algorithms,25000.0,1,0.0,0
E-Commerce,0.0,1,5.002053388090349,1
All Students,802100.0,2,0.5886379192334018,0
Health and Wellness,0.0,1,1.0,1
Art,15000.0,1,0.34770704996577684,0
File Sharing,0.0,1,0.4079397672826831,0
Curated Web,17393712.0,1,10.442162902121835,1
Education,200000.0,1,1.0,0
Education,3000000.0,1,0.6050650239561944,1
Web Design,852300.0,3,0.1971252566735113,0
Content,18500000.0,4,0.0,1
Enterprise Software,0.0,1,0.0,0
Ad Targeting,250000.0,1,0.7939767282683093,0
Beauty,5000000.0,2,1.2238193018480492,1
Electronics,3500000.0,3,1.3305954825462012,1
Fashion,2620000.0,1,1.0,1
Design,0.0,1,0.16427104722792607,0
Fashion,18451025.0,1,12.711841204654347,1
Advertising,210000.0,1,1.0,0
Fashion,26000006.0,3,4.673511293634497,1
Retail,7500000.0,1,1.0,0
Crowdsourcing,1500000.0,1,0.0,0
Collectibles,20000.0,1,0.0,0
Fashion,0.0,1,0.3531827515400411,1
Curated Web,0.0,1,1.0,1
Education,3000000.0,1,1.0,1
E-Commerce,500000.0,1,1.3853524982888432,0
Health and Wellness,0.0,1,20.49281314168378,1
Career Management,0.0,2,5.048596851471594,1
Curated Web,135000.0,3,0.2600958247775496,1
Curated Web,61000000.0,7,1.7221081451060918,1
Clean Technology,158700000.0,3,5.065023956194388,0
Industrial,2814258.0,1,1.0,0
News,0.0,3,0.3750855578370979,1
Biotechnology,11644000.0,1,1.0,0
Clean Technology,82500000.0,1,16.700889801505816,1
Semiconductors,16512391.0,3,8.999315537303216,1
Curated Web,750000.0,1,0.5804243668720055,1
Apps,1530000.0,2,0.28473648186173856,1
Colleges,425000.0,2,0.0,0
Clean Technology,18500000.0,4,1.894592744695414,1
Banking,20000000.0,1,29.61533196440794,1
Manufacturing,0.0,1,23.277207392197127,0
Web Hosting,0.0,1,1.0,0
Drones,60595.043325456,2,0.1697467488021903,0
Advertising,1400000.0,2,0.2464065708418891,1
Clean Technology,1043300000.0,7,5.390828199863107,1
Biotechnology,43500000.0,1,11.263518138261464,1
Software,316000000.0,1,27.63586584531143,1
3D,1800000.0,1,0.8761122518822724,0
Mobile Software Tools,20000000.0,2,7.496235455167693,1
Clean Technology,50000.0,1,0.9555099247091033,1
Distributors,4630000000.0,1,19.60574948665298,1
Clean Technology,2500000.0,1,2.6694045174537986,0
Babies,375000.0,1,0.0,0
Clean Technology,12703000.0,2,1.0,0
Clean Technology,44500000.0,1,29.568788501026695,1
Apps,8200000.0,3,0.32854209445585214,1
Clean Energy,681600000.0,10,1.4674880219028064,1
Biotechnology,13142400.0,6,1.0,1
Banking,100000000.0,1,1.0,0
Games,1600000.0,1,1.3497604380561259,0
Games,143025351.239764,3,0.4188911704312115,1
Electronics,10900000.0,1,26.60369609856263,1
Education,100000.0,1,0.0,0
Analytics,20000000.0,2,8.0,1
Health Care,75800000.0,4,8.082135523613964,1
Media,10000.0,1,0.09308692676249145,0
Biotechnology,72000000.0,2,1.0,1
Biotechnology,139847578.0,5,1.160848733744011,1
Advertising,23200000.0,5,1.3278576317590691,1
Application Platforms,385798.500015432,1,0.7145790554414785,0
Public Relations,100000.0,1,0.0,0
Collaboration,36250000.0,4,0.14510609171800137,0
Biotechnology,62875905.5346019,4,4.39151266255989,1
Pharmaceuticals,2004551.0,4,0.785763175906913,1
Software,0.0,1,1.0,0
Biotechnology,23899974.0,2,1.0,1
Android,8024.0,1,0.057494866529774126,0
Browser Extensions,0.0,1,0.5366187542778919,1
Mobile,34914119.0,2,5.574264202600959,1
Sports,0.0,1,18.715947980835043,1
Advertising,800000.0,1,2.9075975359342916,0
Health and Wellness,173111.0,1,11.203285420944558,1
Biotechnology,25745170.0,2,25.519507186858316,1
Software,23037230.0,2,1.0,1
Health Care,65333092.0,6,3.268993839835729,1
Distribution,1325000.0,1,1.0,1
Curated Web,0.0,1,26.099931553730322,1
Games,158638.0,1,1.0,0
Hospitality,8076565.84420305,1,1.0,1
Health and Wellness,2972000.0,2,28.78302532511978,0
Web Hosting,9470000.0,2,1.0,0
Curated Web,1180000.0,1,1.0,0
Consumer Goods,1000000.0,1,0.0,0
Curated Web,550000.0,1,1.1416837782340863,1
Web Hosting,34000000.0,1,1.0,0
Fashion,100000.0,1,0.12594113620807665,0
Customer Service,1099517.0,1,0.947296372347707,0
E-Commerce,3000000.0,3,1.0787132101300478,0
Curated Web,4650000.0,2,3.3292265571526354,1
Curated Web,11350000.0,3,1.0,0
Analytics,4500000.0,2,0.3586584531143053,1
Artificial Intelligence,350000.0,1,0.0,0
Advertising,2000000.0,1,5.127994524298426,0
Health and Wellness,300000.0,1,0.0,0
Advertising,1486851.0,3,0.08487337440109514,0
Hospitality,33600000.0,2,10.669404517453799,1
Consumer Goods,50000.0,1,1.0,0
Digital Media,50000.0,1,0.0,0
Contact Management,0.0,1,12.0,1
Mobile,0.0,1,1.0,1
Financial Services,500000.0,2,0.0,0
Fashion,75000.0,1,0.29842573579739906,0
Events,1220000.0,3,0.6543463381245722,0
Search,2000000.0,2,0.7501711156741958,0
Consulting,1000000.0,1,25.49486652977413,1
Online Travel,0.0,1,1.0,1
Auctions,14000000.0,2,1.0,0
Software,5300000.0,1,0.0,1
Android,15599906.0,6,7.2498288843258045,1
Email,0.0,1,6.242299794661191,1
Internet,201400.0,2,0.0,1
Internet,50000000.0,3,1.0,1
Software,12800000.0,2,5.147159479808351,0
Delivery,305000.0,1,0.999315537303217,0
Computers,29880000.0,2,7.898699520876113,1
Software,70500000.0,3,2.74880219028063,1
Biotechnology,41680390.0,2,5.987679671457905,1
Enterprise Software,18000.0,1,1.3305954825462012,0
Cloud Computing,19700000.0,6,2.31895961670089,1
Biotechnology,20000000.0,1,0.29568788501026694,1
Cloud Computing,47778903.0,5,1.998631074606434,0
Semiconductors,32300000.0,4,4.4106776180698155,1
Advertising Platforms,17000000.0,2,3.1129363449691994,1
Biotechnology,70000000.0,4,1.0,1
Education,306154.655444503,1,0.36960985626283366,0
Clean Technology,44500000.0,6,0.0,1
Social Media,5000000.0,1,0.0,1
Software,7341000.0,4,1.0,1
Bio-Pharm,10200000.0,1,6.1711156741957565,1
Facebook Applications,28300000.0,2,3.353867214236824,0
Software,4500000.0,1,2.6995208761122518,1
Information Technology,5000000.0,1,1.0,0
Mobile,39730000.0,5,4.041067761806982,1
Enterprise Software,2350000.0,1,0.0,1
Biotechnology,23500000.0,2,3.4086242299794662,0
Incubators,0.0,1,1.0,1
Semiconductors,10500000.0,1,1.0,0
Pharmaceuticals,2.0,1,1.0,0
Biotechnology,17431243.0,3,1.0,1
Recruiting,20000.0,1,0.0,0
Analytics,70000.0,1,0.0,1
Software,16040161.0,3,1.702943189596167,1
Mobile,27460000.0,2,22.406570841889117,1
Software,1285000.0,1,14.088980150581794,1
Manufacturing,19999999.0,2,4.249144421629021,1
Biotechnology,91500000.0,3,1.0,1
Biotechnology,3500000.0,1,1.0,0
Biotechnology,155350000.0,5,4.035592060232717,1
Biotechnology,71390000.0,3,1.0,1
Software,3500000.0,1,3.4469541409993156,1
Analytics,10814567.0,1,1.0,1
Bio-Pharm,5100000.0,1,1.0,1
Software,0.0,1,8.750171115674195,0
Analytics,250000.0,1,1.267624914442163,1
Consulting,39412418.0,5,39.71800136892539,1
Application Platforms,4500000.0,1,1.0,0
Enterprise Software,33800000.0,3,1.648186173853525,1
Design,4700000.0,1,1.0,0
Crowdsourcing,65000.0,2,0.0,0
Biotechnology,6340000.0,1,1.0,0
Health and Wellness,3800000.0,1,1.0,0
Public Relations,5750000.0,1,5.160848733744011,0
Public Relations,6940000.0,2,1.1471594798083504,1
Health Care,83500000.0,5,0.0,1
Payments,0.0,1,1.0,1
Curated Web,4000000.0,1,1.0,1
Big Data Analytics,15000000.0,2,0.999315537303217,1
Artificial Intelligence,506719.0,3,0.0,0
Software,4580000.0,1,3.36208076659822,0
Software,16000000.0,1,4.810403832991102,0
Consulting,7000000.0,1,2.299794661190965,1
Web Hosting,19300000.0,2,2.937713894592745,1
Collaboration,10000000.0,1,4.229979466119096,1
Advertising,19000000.0,2,1.0,1
Advertising,0.0,1,0.0,0
Mobile,77000.0,3,0.11498973305954825,0
E-Commerce,555000.0,1,1.0,0
Networking,3000000.0,1,1.4893908281998631,0
Curated Web,0.0,1,0.049281314168377825,0
Customer Service,380000.0,1,0.31759069130732376,0
Games,8750000.0,1,0.4736481861738535,0
iPhone,50000.0,1,0.7665982203969883,0
Cloud Data Services,320000.0,1,0.0,0
Software,281312.0,1,0.6105407255304586,0
Consumer Goods,0.0,1,0.0,0
Advertising,184845.0,2,1.0,0
Public Relations,0.0,1,0.0,0
Information Services,20000.0,1,1.0,0
Diagnostics,14225000.0,2,1.0,0
Software,6340000.0,2,0.8706365503080082,1
Advertising,0.0,1,0.5174537987679672,0
Fashion,0.0,1,0.32854209445585214,0
Manufacturing,40000000.0,1,1.0,0
Printing,16250000.0,1,1.0,0
Delivery,5643.32539814625,2,0.02737850787132101,0
Baby Safety,1000000.0,1,0.0,0
Apps,25000.0,1,1.0,0
DOD/Military,2020593.0,2,2.7104722792607805,0
Sports,7000000.0,2,1.0,1
Entertainment,73535.0,1,3.8165639972621492,1
Health and Wellness,0.0,1,3.8329911019849416,1
Education,25000.0,1,1.0,1
Human Resources,0.0,1,0.6844626967830253,0
Creative,125000.0,1,0.31211498973305957,0
Curated Web,3200000.0,2,2.1574264202600957,1
Curated Web,2700000.0,1,3.0362765229295,1
Curated Web,50000.0,1,0.0,0
Career Management,10000.0,1,0.0,0
Biotechnology,78750000.0,3,1.5824777549623545,1
Biotechnology,21000000.0,2,1.0,0
Software,12070000.0,2,1.0,1
Messaging,0.0,1,0.33401779603011633,0
Messaging,5500000.0,1,2.6639288158795345,0
Health Care,0.0,2,0.7474332648870636,0
Messaging,3000000.0,1,1.4428473648186173,1
Service Providers,500000.0,1,1.0,0
Biotechnology,10315800.0,1,1.0,1
Curated Web,150000.0,1,1.0,0
Clean Technology,11323389.0,1,1.0,0
Software,12120000.0,2,8.005475701574264,1
Biotechnology,5800311.0,4,28.83504449007529,0
Health Care,152001200.0,4,0.5147159479808351,1
Analytics,18800000.0,1,1.0,0
Public Relations,300000.0,1,2.3381245722108144,0
E-Commerce,6452068.0,1,0.15058179329226556,0
Curated Web,1500000.0,1,0.4106776180698152,0
Software,25950000.0,4,5.242984257357974,1
Hardware,49700000.0,1,1.0,1
Business Services,8000000.0,4,0.4161533196440794,1
Mobile,2500000.0,1,1.0,1
Mobile,11700000.0,2,1.002053388090349,1
Advertising,1293900.0,1,2.3326488706365502,1
Curated Web,20000.0,1,0.28473648186173856,1
Advertising,0.0,1,1.0,1
Biotechnology,2460000.0,4,10.858316221765914,0
Games,0.0,1,0.7501711156741958,0
Mobile,5000000.0,2,0.0,0
Brand Marketing,550000.0,2,1.0,1
Curated Web,5000000.0,2,1.8535249828884326,0
Enterprise Software,0.0,1,0.2546201232032854,1
Enterprise Software,2293122.0,2,1.2292950034223136,1
Internet,2000000.0,1,0.0,0
Lifestyle,200000.0,1,0.5311430527036276,1
Audio,750000.0,1,0.9390828199863107,0
Advertising,600000.0,2,0.0,1
News,17991299.0,3,1.215605749486653,1
Apps,2800000.0,4,0.0,1
Computers,8000000.0,1,1.9000684462696784,1
iPhone,0.0,1,0.0,0
Software,0.0,1,0.8542094455852156,0
Semiconductors,29800000.0,3,0.917180013689254,1
EdTech,15000000.0,4,1.0,1
Biotechnology,124414483.0,4,3.4195756331279945,1
Health Care,70000000.0,1,1.0,1
Biotechnology,33728379.0,2,2.0369609856262834,1
Product Design,19697.0,1,0.4188911704312115,0
E-Commerce,6000000.0,1,1.0,0
Advertising,12800000.0,2,1.0,1
Automotive,0.0,1,1.1663244353182751,1
Curated Web,18316.0,1,0.2518822724161533,0
Application Platforms,250000.0,1,1.0,0
E-Commerce,1750000.0,2,0.917180013689254,1
All Students,575000.0,1,1.2511978097193703,0
Hospitality,0.0,1,2.327173169062286,0
E-Commerce,500000.0,1,0.04380561259411362,0
Content Discovery,3050000.0,2,1.103353867214237,1
Search,300000.0,1,0.5804243668720055,0
Manufacturing,5847043.0,1,1.946611909650924,1
Curated Web,3000000.0,1,0.14784394250513347,1
E-Commerce,5000000.0,1,6.447638603696099,1
Hospitality,25000.0,1,0.5776865160848734,0
Mobile,42000000.0,6,2.2039698836413417,1
Automotive,44000000.0,4,0.9828884325804244,1
Agriculture,9100000.0,1,13.834360027378509,1
Finance,0.0,1,0.08487337440109514,0
Software,671226.0,1,7.931553730321697,0
Analytics,0.0,1,9.00205338809035,1
EdTech,10600000.0,2,1.0,1
Education,288000.0,2,1.0,0
All Students,3450000.0,3,0.0,1
Education,300000.0,1,0.0,0
Internet,20000000.0,2,5.4401095140314855,1
Collaboration,0.0,1,0.0,0
Android,0.0,1,0.0,0
Internet,0.0,1,1.4948665297741273,0
Curated Web,2300000.0,2,1.163586584531143,0
Business Development,268357.0,1,2.3408624229979464,0
Curated Web,80000.0,1,0.08487337440109514,0
Hardware + Software,54597734.0,6,6.691307323750856,1
Software,60000.0,2,0.7008898015058179,0
Software,3000000.0,1,24.711841204654345,1
Business Services,38139999.0,3,2.2477754962354553,1
Hardware + Software,7760000.0,5,1.6947296372347707,1
Internet,1360000.0,1,1.0,0
Hardware + Software,42352200.0,1,1.0,0
Software,6100000.0,1,1.0,0
Internet,7500000.0,1,1.0,0
Consulting,50000.0,1,0.0,0
Business Services,85000000.0,2,5.431895961670089,1
Internet,19000000.0,1,1.0,0
Consulting,3733502.58545054,1,1.0,1
Security,20000000.0,1,1.0,1
Design,3425774.0,1,1.0,0
Clean Technology,18100000.0,4,1.0,1
Apps,84732.0,1,1.2785763175906912,0
Social Media,4800000.0,1,1.0,0
Messaging,14402.0,1,1.0841889117043122,0
Advertising,28176.0,1,0.0,0
Artificial Intelligence,850000.0,1,1.0,0
Software,446000.0,1,1.0,0
Semiconductors,62600000.0,5,0.999315537303217,1
Mobile,600000.0,2,0.2518822724161533,0
Health and Wellness,74250103.0,5,6.422997946611909,1
Mobile,12000000.0,2,1.0,1
Public Relations,73500000.0,3,2.751540041067762,0
Designers,0.0,1,2.4668035592060233,1
Semiconductors,10000000.0,1,6.0013689253935665,1
Web Hosting,300000.0,1,1.0,0
Internet,5814700.0,2,105.64818617385353,1
Mobile,150450000.0,11,17.817932922655714,1
Internet,19000000.0,1,1.0,1
Messaging,4900000.0,2,2.5817932922655715,0
Networking,743000000.0,1,89.6892539356605,1
Semiconductors,35000000.0,2,1.7494866529774127,1
Customer Service,35000000.0,2,1.0,1
Health Care Information Technology,9711297.0130825,2,3.4962354551676933,1
Distribution,38000000.0,1,1.0,1
Software,0.0,4,0.09034907597535935,0
Application Platforms,0.0,1,6.647501711156742,1
Messaging,48260819.0,5,7.663244353182751,1
Software,27628852.0,3,2.869267624914442,1
Software,54321090.0,1,14.04517453798768,1
Media,100000.0,1,1.0,0
Biotechnology,4581250.0,1,1.0,1
Web Hosting,21720000.0,1,1.0,1
Software,5260000.0,2,6.0424366872005475,1
Communications Infrastructure,25500000.0,2,25.11978097193703,1
Startups,25000.0,1,0.4161533196440794,0
Internet Marketing,35950000.0,7,0.0,0
Analytics,17750000.0,3,0.04380561259411362,1
Blogging Platforms,36275000.0,5,4.312114989733059,1
Mobile,6000000.0,1,0.4134154688569473,1
Curated Web,4700000.0,3,0.49007529089664614,1
Curated Web,0.0,1,0.0,0
Web Hosting,14358472.0,4,0.1998631074606434,1
Curated Web,95000000.0,3,1.0,0
Information Technology,103000008.0,1,45.86721423682409,1
Web Hosting,43500000.0,1,9.42094455852156,1
Enterprise Software,1500000.0,1,0.030116358658453114,0
Apps,100000.0,1,0.7720739219712526,0
Curated Web,18000.0,1,0.6926762491444216,0
Apps,12500000.0,2,0.33401779603011633,1
Search Marketing,700000.0,2,0.5420944558521561,0
Software,19800000.0,4,5.700205338809035,0
Advertising,235800.0,1,0.0,0
Property Management,1200000.0,2,0.0,0
Health Care,28277366.0,8,3.6167008898015056,1
Curated Web,220000.0,2,1.4154688569472964,1
Enterprise Software,14650000.0,1,1.0,0
Local Businesses,340966.0,1,0.0,1
Curated Web,1300000.0,1,1.0,0
Biotechnology,37476197.0,3,1.0,1
Biotechnology,297263531.0,8,2.5872689938398357,1
Education,4820000.0,4,0.15331964407939766,1
Software,3900000.0,1,10.833675564681725,1
Software,10451998.0,1,13.66735112936345,1
Semiconductors,19000000.0,3,5.245722108145106,0
Gamification,4700000.0,2,0.0,1
Advertising,5800000.0,2,1.0,1
Web Hosting,40530000.0,2,2.529774127310062,1
Semiconductors,63047100.0,4,6.888432580424367,1
Software,10400000.0,2,3.696098562628337,0
Biotechnology,148500000.0,4,0.2327173169062286,1
Services,10800000.0,1,1.0,0
Enterprise Software,2873000.0,2,1.0,1
Clean Technology,1200000000.0,1,1.0,1
Software,28999999.0,4,1.429158110882957,1
Renewable Energies,175000000.0,1,1.3607118412046544,1
Games,6994007.0,2,3.2826830937713893,1
Enterprise Software,0.0,2,1.0,1
Software,2100000.0,1,1.0,0
Clean Technology,675000.0,1,7.115674195756331,0
Biotechnology,252000000.0,3,0.24093086926762491,1
Enterprise Software,34610561.0,2,90.5763175906913,1
Automotive,823000000.0,11,1.2484599589322383,1
Consulting,27941779.0,1,1.0,1
Semiconductors,5180000.0,1,10.414784394250514,1
Apps,0.0,2,0.15605749486652978,1
Software,2564000.0,2,0.4380561259411362,0
Software,7500000.0,1,22.833675564681723,1
Biotechnology,30400000.0,3,3.8302532511978096,0
Consulting,69000000.0,1,43.7700205338809,1
Biotechnology,73000000.0,6,1.0,1
Biotechnology,80040000.0,4,1.0,1
Clean Technology,9168528.0,2,1.0,1
Semiconductors,25500000.0,3,75.58110882956879,1
Enterprise Software,3000000.0,1,1.8042436687200547,0
Restaurants,25000.0,1,1.3634496919917864,0
B2B,0.0,1,10.001368925393566,1
Mobile,389652.0,1,3.457905544147844,1
Messaging,650000.0,1,0.5804243668720055,0
Messaging,0.0,1,0.0,1
Advertising,1000000.0,1,1.7221081451060918,1
Android,0.0,1,0.7529089664613279,1
Software,6750000.0,1,9.160848733744011,1
Curated Web,1200000.0,1,4.470910335386721,1
Infrastructure,3000000.0,1,1.0,0
Internet,0.0,1,1.0,1
Biotechnology,25000000.0,1,1.0,1
Biotechnology,2132250.0,2,1.0,0
Networking,0.0,1,5.919233401779603,1
Governments,8000000.0,1,1.0,0
Clean Energy,4200000.0,1,0.27652292950034224,0
Curated Web,2500.0,1,5.366187542778919,0
Biotechnology,0.0,1,28.903490759753595,1
Beauty,100000.0,1,0.0,0
Human Resources,0.0,1,1.0,1
Agriculture,108800000.0,4,0.999315537303217,1
Advertising,1050000.0,3,0.4188911704312115,0
Charity,63500.0,2,0.0,0
Legal,2623840.0,1,17.689253935660506,1
Developer APIs,25609989.0,4,3.156741957563313,1
Advertising,3344209.0,2,1.0732375085557837,1
Web Hosting,141410.0,1,0.49828884325804246,0
E-Commerce,0.0,2,0.0,1
Public Relations,69300000.0,7,0.974674880219028,1
Customer Service,5000000.0,1,2.1601642710472277,1
E-Commerce,0.0,1,2.746064339493498,0
Soccer,860760.0,2,0.01642710472279261,0
Curated Web,0.0,1,1.0,1
E-Commerce,1000000.0,2,0.08213552361396304,1
Beauty,0.0,1,1.0,0
Finance,4000000.0,1,16.763860369609855,1
News,30000.0,1,0.2108145106091718,1
Consulting,250000.0,1,0.999315537303217,0
Doctors,10000000.0,1,23.9315537303217,1
Technology,0.0,1,0.038329911019849415,0
Customer Service,0.0,1,25.49486652977413,1
Fashion,0.0,1,1.73305954825462,0
Hardware + Software,3401361.0,1,1.0,0
Clean Technology,8500000.0,2,1.0,0
Social Media,3050000.0,2,0.47638603696098564,1
Application Platforms,233129.0,1,0.0,0
Internet,2000000.0,1,1.5824777549623545,0
Career Management,21400000.0,5,0.16427104722792607,1
Energy Efficiency,66000000.0,1,1.0,0
Curated Web,7300000.0,2,1.0,0
Health Care Information Technology,2000000.0,1,1.7987679671457906,0
Internet,2600000.0,1,0.6625598904859685,0
Curated Web,350000.0,3,1.0,1
Hospitality,1500000.0,2,0.0,0
Energy Efficiency,8963175.0,1,1.0,1
Fashion,12444994.0,4,1.3607118412046544,1
Games,0.0,1,2.242299794661191,1
Entertainment,37484.0,1,0.0,0
Advertising,250000.0,1,0.0,0
Social Media,100000.0,1,0.0,0
E-Commerce,27000000.0,1,1.0,1
Curated Web,0.0,1,0.0,0
Social Media,20000000.0,1,1.6372347707049966,1
Online Dating,1720000.0,2,0.6269678302532512,0
Fantasy Sports,25000.0,1,0.0,1
Coupons,26000000.0,3,0.0,1
Finance,30000000.0,1,7.526351813826146,1
Classifieds,0.0,1,0.4134154688569473,0
Games,8000000.0,1,6.031485284052019,1
Healthcare Services,10500000.0,1,1.0,1
Biotechnology,41500001.0,2,1.0,1
Biotechnology,12000000.0,1,1.0,0
Biotechnology,129375000.0,1,14.910335386721425,1
Bio-Pharm,55000000.0,1,1.0,1
Health Care,3508462.0,2,3.5017111567419574,0
Lasers,1700000.0,1,10.313483915126625,1
Biotechnology,0.0,1,0.24914442162902123,0
Finance,3100000.0,1,14.03422313483915,1
Networking,0.0,1,0.0,0
Software,3685000.0,2,0.0,1
Hardware + Software,40500000.0,3,1.0,1
Software,12999977.0,2,2.1245722108145104,1
Analytics,4200010.0,2,1.9630390143737166,1
Software,7000000.0,1,1.0,1
Clean Technology,156700000.0,5,1.0,0
Computers,11000000.0,1,1.0,1
Collaboration,0.0,1,1.0,0
Collaboration,532000.0,2,0.2518822724161533,1
Enterprise Software,0.0,1,1.0,1
Advertising,1630000.0,2,0.0,1
Financial Services,27500000.0,2,1.0,1
Analytics,3436185.39871243,2,10.989733059548255,1
Investment Management,1400000.0,1,0.6680355920602327,0
Security,16294493.7894764,2,1.0,1
Biotechnology,25000000.0,1,14.937713894592745,1
Consulting,49175.0,1,1.0,0
Advertising,8000000.0,2,1.0,1
Location Based Services,180000.0,1,1.0,0
Cloud Computing,2750000.0,1,2.4722792607802875,1
Curated Web,1000000.0,1,0.49828884325804246,0
Crowdsourcing,4169942.0,1,0.0054757015742642025,0
Identity Management,15000000.0,1,13.051334702258726,1
Content,50199.0,1,1.4976043805612593,0
Curated Web,0.0,1,5.7412731006160165,1
Apps,50199.0,1,1.0,0
Collaboration,0.0,2,0.0,0
Messaging,6300000.0,2,0.0,1
Analytics,0.0,1,2.414784394250513,1
Cloud Computing,4750000.0,1,6.0424366872005475,0
Games,600000.0,1,3.3921971252566734,1
Fantasy Sports,500000.0,1,0.7638603696098563,0
Biotechnology,96000000.0,3,3.033538672142368,1
Babies,450000.0,2,0.0,0
Broadcasting,350000.0,1,0.6652977412731006,0
Communications Infrastructure,15000000.0,1,1.0,0
Software,50000.0,1,0.24914442162902123,0
Curated Web,10000.0,1,0.5503080082135524,0
Cloud Computing,51000019.0,6,0.2135523613963039,1
iPhone,2000000.0,2,2.001368925393566,0
Online Scheduling,0.0,1,0.48186173853524983,1
Business Services,0.0,1,16.413415468856947,1
Information Technology,9500000.0,1,1.0,0
Information Technology,3000000.0,1,12.780287474332649,0
Big Data Analytics,2000000.0,1,24.903490759753595,1
Software,98064.0,1,2.6995208761122518,0
Health Care,18038630.0,4,8.106776180698152,1
E-Commerce,10959636.0,2,0.49555099247091033,1
Enterprise Software,87000000.0,6,1.163586584531143,1
Curated Web,0.0,1,21.88637919233402,1
Auctions,34000000.0,1,15.000684462696784,1
Concerts,15000.0,1,1.0,0
Business Services,1652000.0,4,0.0,0
Education,200000.0,1,0.0,0
Software,27000000.0,3,0.9144421629021219,1
Cloud Computing,18500000.0,2,1.0,1
Biotechnology,68285881.8492276,6,3.7508555783709787,1
E-Commerce,0.0,1,0.0,0
Semiconductors,127522596.0,7,1.4483230663928817,1
Apps,360000.0,1,0.4188911704312115,1
Advertising,425000.0,1,0.7529089664613279,0
Consulting,1040879.1606159,2,4.75564681724846,0
Collaboration,12400000.0,3,0.17796030116358658,1
Software,0.0,1,1.0,0
Analytics,7000000.0,1,1.0,1
Content,617000.0,2,0.5530458590006845,1
Online Reservations,50000.0,1,0.9144421629021219,0
Consumers,3000000.0,1,0.865160848733744,0
Security,6549170.0,5,0.8049281314168378,0
Databases,11330863.9244177,1,1.0,1
Consumer Internet,500000.0,1,0.6680355920602327,0
Apps,126457.0,1,0.0,0
Marketplaces,1700000.0,2,0.9609856262833676,1
Consumers,280000.0,1,1.1663244353182751,0
3D,1000000.0,1,1.0,1
Finance,90000000.0,2,6.329911019849418,0
Curated Web,6000000.0,2,1.0,0
Mobile,11200000.0,3,0.0,1
Business Services,0.0,1,4.309377138945927,1
Curated Web,300000.0,2,0.11498973305954825,1
Chat,1500000.0,1,1.998631074606434,1
Android,2000000.0,1,0.1998631074606434,0
E-Commerce,3000000.0,1,2.4503764544832305,0
E-Commerce,1000000.0,1,1.6427104722792607,0
Finance,1005975.0,2,11.832991101984941,1
Clean Technology,45000000.0,4,0.4243668720054757,0
Mobile Games,0.0,1,1.051334702258727,0
Advertising,350000.0,1,0.9144421629021219,0
Charity,1000000.0,2,0.0,0
Clean Energy,72000.0,2,0.0,0
Curated Web,0.0,1,0.0,1
E-Commerce,212361.0,1,1.3552361396303902,0
Design,100000.0,1,2.863791923340178,0
E-Commerce,70000.0,1,1.163586584531143,1
Software,23500000.0,4,1.787816563997262,0
E-Commerce,0.0,2,0.0,1
Human Resources,750000.0,1,1.0,0
Analytics,12500000.0,1,1.0,1
Health and Wellness,92043583.4170184,8,1.0,1
Biotechnology,5000000.0,1,1.0,1
Apps,150000.0,1,1.730321697467488,0
Networking,18000.0,1,2.0095824777549622,0
Hardware + Software,0.0,1,0.999315537303217,1
E-Commerce,0.0,1,0.0,1
Education,0.0,1,1.0,0
Enterprise Software,26300000.0,4,2.702258726899384,1
Blogging Platforms,4400000.0,1,1.0,0
Curated Web,0.0,1,0.0,1
Biotechnology,2892750.0,1,1.6947296372347707,1
Health and Wellness,3125000.0,1,1.0,0
Enterprise Software,96200000.0,3,5.420944558521561,1
Software,1500000.0,1,1.0,1
Hardware + Software,71779200.0,4,5.598904859685147,1
Biotechnology,85999999.0,5,1.0,1
Concerts,0.0,1,0.0,1
Information Technology,20000000.0,1,1.0,1
Enterprise Security,25025.0,1,1.0,0
Biotechnology,100499993.0,4,5.437371663244353,1
Archiving,26000000.0,3,0.6543463381245722,1
Chat,0.0,1,1.002053388090349,1
Enterprise Software,4800000.0,3,4.632443531827516,1
Biotechnology,114500000.0,4,1.0,0
Mobile,1700000.0,2,0.49828884325804246,0
Blogging Platforms,0.0,1,1.0,0
Curated Web,6000000.0,1,0.0,0
Health and Wellness,0.0,1,1.0,0
Internet,4130000.0,1,3.0663928815879533,1
Biotechnology,2335000.0,2,4.799452429842574,1
E-Commerce,0.0,1,1.0,1
Mobile,250000.0,1,0.1806981519507187,1
Curated Web,0.0,1,0.0,0
Consulting,74176.969435627,1,0.16427104722792607,0
Fitness,28059.0961978054,1,0.7638603696098563,0
Mobile,2990599.0,4,1.4182067077344285,1
Curated Web,0.0,2,0.44353182751540043,1
Enterprise Software,2850000.0,1,20.468172484599588,1
Domains,42658161.0,2,6.412046543463381,1
Recruiting,0.0,2,0.0,0
News,3500000.0,1,1.8261464750171115,1
Music,1000000.0,1,5.51129363449692,0
Crowdsourcing,11311711.0,1,9.10609171800137,1
3D,31518531.0,3,2.3682409308692676,1
Enterprise Software,2000000.0,1,0.4654346338124572,0
Curated Web,150000.0,2,1.0,1
Pharmaceuticals,24147784.8442744,2,1.0,1
Enterprise Software,26000000.0,3,1.0,1
E-Commerce,5000000.0,1,0.33401779603011633,0
Apps,355114.0,2,1.0,0
Public Relations,20000000.0,1,3.8576317590691307,1
Artists Globally,0.0,2,0.2518822724161533,1
Analytics,35200000.0,6,0.9609856262833676,1
Curated Web,900001.0,1,1.3059548254620124,1
Automotive,584988.0,1,0.8459958932238193,1
Software,60000.0,1,22.069815195071868,0
Curated Web,0.0,1,0.9664613278576317,0
Clean Technology,20000000.0,1,1.0,1
News,16000000.0,3,0.06297056810403832,1
Analytics,1070220.0,2,0.0,1
Babies,29500000.0,4,0.10130047912388775,0
Mobile,1600000.0,1,1.0,0
Data Mining,6700000.0,1,1.0,1
Mobile,80000.0,1,0.0,0
Semiconductors,13150000.0,1,2.91854893908282,1
Enterprise Software,2000000.0,1,1.6618754277891854,0
Health and Wellness,27500000.0,1,1.0,0
Semiconductors,12000000.0,1,1.3114305270362765,1
Software,327218.0,2,10.535249828884325,0
Advertising,45000000.0,1,13.623545516769337,1
Android,5692160.0,4,1.0704996577686516,1
Guides,475000.0,3,0.0,1
Internet,31660.2642576723,1,0.0,0
Travel,736050.0,1,1.6700889801505818,0
Online Reservations,160000.0,1,2.858316221765914,0
E-Commerce,93000.0,2,0.459958932238193,0
Semiconductors,95000000.0,2,19.28268309377139,1
E-Commerce,3889364.0,3,1.3305954825462012,1
Transportation,0.0,1,0.09308692676249145,1
E-Commerce,250000.0,2,0.0,0
Engineering Firms,12543000.0,1,1.0,1
Advertising,31700000.0,2,1.0,1
Enterprise Software,5800000.0,2,1.3415468856947297,1
Analytics,0.0,1,0.0,1
Curated Web,11500000.0,2,0.24914442162902123,0
Apps,345000.0,1,0.4134154688569473,0
Biotechnology,52040000.0,4,1.0,1
Advertising,18950000.0,5,1.5003422313483916,0
Enterprise Software,45850000.0,3,1.0,1
Enterprise Software,54925050.0,3,3.871321013004791,1
Delivery,0.0,1,12.747433264887064,1
E-Commerce,400000.0,1,2.001368925393566,0
Software,3500000.0,1,2.346338124572211,0
B2B,0.0,1,1.0,1
E-Commerce,2855800.0,1,2.965092402464066,1
Computers,2000000.0,1,18.6694045174538,1
Social Media,0.0,1,1.0,0
Information Services,0.0,3,1.0,0
Mobile,50000.0,1,0.0,0
Web Hosting,8400000.0,3,1.0,1
Finance,15000000.0,1,5.771389459274469,1
Curated Web,300000.0,1,0.0,0
Accounting,0.0,1,0.4928131416837782,0
Biotechnology,27000.0,1,0.0027378507871321013,0
Software,36700000.0,9,1.0,1
Advertising,1200000.0,1,0.28473648186173856,0
Biotechnology,11042572.0,2,1.0,1
Biotechnology,40000000.0,1,1.0,1
Technology,0.0,2,1.0,0
Health Care,385891470.0,10,3.7645448323066395,1
Software,2500000.0,1,1.593429158110883,1
Games,500000.0,1,8.728268309377139,1
Biotechnology,13789760.0,4,15.030800821355236,1
Biotechnology,6925600.0,2,1.0,0
Clean Technology,565000.0,2,1.0,0
Biotechnology,41800000.0,2,1.0,1
Software,10000000.0,1,3.1704312114989732,1
Web Hosting,4780000.0,1,1.0,1
Biotechnology,33200000.0,1,7.665982203969883,1
Software,700000.0,1,40.747433264887064,0
Software,12050000.0,2,1.2101300479123889,0
Accounting,1835000.0,4,1.3278576317590691,1
Software,0.0,1,0.0,0
Electronics,20000000.0,1,1.0,0
Mobile,19540002.0,4,0.5557837097878165,1
Biotechnology,18000000.0,1,6.5598904859685145,0
Legal,0.0,1,43.00068446269678,1
Semiconductors,2729500.0,2,25.639972621492127,0
Security,61120000.0,3,3.24435318275154,1
Cars,1700000.0,1,6.16290212183436,1
Mobile Devices,14800000.0,1,1.0,0
Travel,30500000.0,3,0.0,1
B2B,1100000.0,1,7.0746064339493495,0
Travel,5000000.0,1,15.94798083504449,1
Curated Web,10000.0,1,1.3579739904175223,1
Hospitality,0.0,2,0.49555099247091033,1
Career Planning,15000000.0,1,1.0,1
Content,100000.0,1,0.5037645448323066,0
Business Services,250000.0,1,5.582477754962355,0
Internet,7100000.0,4,0.0,0
Collaborative Consumption,1000000.0,1,1.273100616016427,1
Travel,5600000.0,3,0.04106776180698152,1
Biotechnology,7000000.0,2,1.0,0
Clean Technology,11500000.0,1,19.19233401779603,0
Web Hosting,8500000.0,1,4.120465434633813,1
Content,2000000.0,1,0.0,0
Big Data,15000000.0,2,14.99794661190965,1
B2B,19000000.0,2,0.48459958932238195,1
Curated Web,5400000.0,1,1.0,0
Gift Registries,150000.0,1,1.0,1
Storage,39000000.0,3,1.0,1
Finance,24120000.0,4,1.0,1
Enterprise Software,8800000.0,3,2.026009582477755,1
Social Media,230000.0,1,1.0,1
Computers,0.0,1,2.524298425735797,1
Software,10510000.0,1,13.169062286105408,1
Advertising,116400000.0,8,1.160848733744011,1
Curated Web,1000000.0,1,1.0,0
Curated Web,0.0,1,0.6680355920602327,0
Business Intelligence,125000.0,2,0.0,1
Software,10000000.0,1,6.2587268993839835,1
Consumer Behavior,4000000.0,1,3.4223134839151266,1
Biotechnology,174000000.0,5,1.163586584531143,1
Chat,18000.0,1,2.316221765913758,0
Software,887000.0,1,3.8165639972621492,1
Mobile Games,30000.0,1,0.8186173853524983,1
Medical,10000000.0,1,1.0,0
Advertising,58900000.0,4,0.840520191649555,1
Curated Web,1500000.0,2,1.1991786447638604,0
Software,36967.0,1,0.2655715263518138,0
Social Media,9350000.0,2,0.9007529089664613,1
Human Resources,3500000.0,2,2.565366187542779,1
EdTech,650000.0,4,0.3887748117727584,1
Software,28120000.0,3,2.4969199178644765,1
Biotechnology,31998025.0,2,1.6454483230663928,1
News,5500000.0,2,1.0,1
Marketing Automation,20203.0,1,1.0,0
Software,0.0,1,5.946611909650924,0
Enterprise Software,40100000.0,4,5.122518822724161,1
Software,15100000.0,4,0.0,1
Advertising,18450000.0,5,0.4134154688569473,1
Distributors,26000000.0,2,1.596167008898015,1
Mobile,7700000.0,2,5.9986310746064335,0
Apps,0.0,1,0.2245037645448323,1
Biotechnology,1000000.0,1,1.0,1
Healthcare Services,26000000.0,1,1.0,0
Gps,19200000.0,1,24.03832991101985,1
Health Care,6087761.16495398,1,1.0,0
Biotechnology,12631268.0,2,6.146475017111568,1
Semiconductors,239000000.0,1,17.44558521560575,1
Biotechnology,30000000.0,3,0.731006160164271,0
Tracking,340000000.0,1,82.42299794661191,1
Internet,62369.0,1,1.0,0
Hotels,0.0,1,0.0,1
Artificial Intelligence,2000000.0,2,0.0,1
Travel,0.0,1,1.2484599589322383,1
Travel,1000000.0,1,2.6967830253251197,0
Career Planning,50000.0,1,0.2683093771389459,1
Travel,500000.0,1,0.0,0
Travel,100000.0,1,0.0,0
Social Media,13100000.0,3,0.5585215605749486,1
Location Based Services,900000.0,4,0.008213552361396304,0
Events,14000.0,1,1.0,0
Advertising,50000.0,1,0.7474332648870636,0
Travel,3000000.0,1,1.0,0
Hospitality,0.0,1,0.08213552361396304,0
Online Travel,0.0,1,1.6317590691307324,0
Travel,50230.0,1,0.0,0
Software,0.0,1,1.5824777549623545,0
Business Services,26065.0,1,0.188911704312115,0
Cyber Security,8301265.0,2,6.5160848733744015,1
Real Estate,5000000.0,1,2.086242299794661,1
Banking,35000000.0,1,7.438740588637919,1
Curated Web,1300000.0,2,0.04106776180698152,0
Biotechnology,69325793.0,3,3.159479808350445,1
Health Care,266950270.0,7,10.245037645448322,1
E-Commerce,18000000.0,2,2.937713894592745,1
Web Hosting,27400000.0,2,5.404517453798768,1
Manufacturing,2030000.0,1,1.0,1
Clean Technology,20000000.0,1,15.822039698836413,0
Analytics,2899980.0,2,1.754962354551677,0
Biotechnology,11582485.4651163,1,1.0,1
Enterprise Software,86000000.0,3,3.1019849418206706,1
Internet,4999990.0,1,9.388090349075975,1
Consulting,86000.0,1,38.822724161533195,0
Career Planning,33850000.0,3,4.035592060232717,1
Biotechnology,25358200.0,3,13.234770704996578,0
Cars,871000.0,1,4.42984257357974,1
Consulting,18250000.0,2,3.9315537303216974,1
Consulting,5330000.0,1,13.22655715263518,0
All Students,0.0,1,1.0,0
Curated Web,0.0,1,1.0,0
Biotechnology,55600000.0,3,1.0,1
Building Products,14500000.0,2,1.7412731006160165,0
Analytics,3000000.0,1,3.0636550308008212,1
Automotive,283165000.0,7,0.15879534565366188,1
Software,16700000.0,3,1.5852156057494866,1
Information Technology,1930000.0,2,0.09034907597535935,0
Career Management,0.0,1,0.32854209445585214,0
Networking,30000000.0,1,2.0451745379876796,0
Mobile,0.0,1,1.0,0
Advertising,49850000.0,5,0.9144421629021219,1
Humanitarian,4700000.0,2,0.0,1
Marketplaces,255100000.0,5,1.3360711841204653,1
Blogging Platforms,5833500.0,5,0.3613963039014374,0
Mobile Commerce,8800170.0,1,9.111567419575634,1
Pets,9000000.0,1,12.950034223134839,1
Market Research,4351489.42524077,1,1.0,0
Curated Web,2000000.0,1,0.4134154688569473,0
Mobile,23500000.0,3,2.6803559206023273,1
E-Commerce,310473.0,1,0.0,0
Security,25000000.0,4,0.7474332648870636,1
Social Media,4715000.0,3,0.0,0
Local Advertising,1000000.0,1,0.9062286105407256,1
Cloud Computing,718545.0,1,0.2108145106091718,0
Banking,10100000.0,2,0.0,1
Security,1500000.0,2,0.0,1
Curated Web,11000.0,2,0.12867898699520877,0
Crowdsourcing,5000000.0,1,1.1197809719370295,0
Cyber Security,10000000.0,1,9.379876796714578,1
Mobile,14500000.0,3,16.695414099931554,0
Analytics,3000000.0,1,4.547570157426421,1
Medical,1475000.0,2,4.583162217659138,1
Apps,252523.0,2,1.0,0
Curated Web,0.0,1,0.0,1
Software,5500000.0,1,1.0,0
Software,14000.0,1,1.0,0
Mobile,90000.0,1,0.03559206023271732,0
Technology,0.0,1,1.0,0
Advertising,136057047.0,8,0.9527720739219713,1
Photography,126000000.0,5,1.3552361396303902,1
Big Data Analytics,0.0,2,2.1738535249828885,0
Analytics,390000.0,5,0.4407939767282683,1
Mobile,12004200.0,1,3.89596167008898,1
Advice,238660.0,2,0.0,0
Blogging Platforms,125250000.0,6,0.7446954140999316,1
Advertising,31000000.0,5,1.002053388090349,1
Music,7000000.0,1,2.9842573579739904,1
Social Media,500000.0,1,1.0,0
E-Commerce,15100000.0,1,2.409308692676249,1
Music,0.0,1,1.0,1
Enterprise Software,6360000.0,2,1.3470225872689938,1
Internet,695000000.0,6,2.2477754962354553,1
Curated Web,101474.0,4,0.0,1
Games,94600000.0,4,1.0,1
Automotive,10000000.0,1,1.0,0
Curated Web,0.0,1,0.0,0
Games,250000.0,2,1.0,0
Cloud Computing,750000.0,1,1.0,0
Mobile,890000.0,2,0.6187542778918549,0
Service Providers,52500000.0,1,8.355920602327172,1
Music,7000000.0,1,0.36960985626283366,0
Security,750000.0,1,1.0,1
E-Commerce,50000.0,1,0.459958932238193,0
Curated Web,30000.0,1,0.0,0
Home Renovation,100000.0,1,0.3258042436687201,0
Education,13500000.0,1,8.476386036960985,1
Education,13500000.0,1,1.0,1
Education,0.0,3,0.0,1
Education,12000.0,1,0.0,0
EdTech,1800000.0,2,1.3004791238877482,1
Apps,2715000.0,3,0.0,1
Consulting,31190000.0,3,2.001368925393566,1
Curated Web,0.0,1,0.15605749486652978,0
Internet TV,0.0,1,0.837782340862423,0
Curated Web,69585.0,1,0.0,0
Curated Web,250000.0,1,0.0,0
Games,6100000.0,2,2.108145106091718,1
Publishing,0.0,1,1.0,1
Software,5314960.0,3,0.49555099247091033,1
Cloud Data Services,0.0,1,0.30390143737166325,0
Curated Web,2600000.0,1,1.0704996577686516,1
Social Media,750000.0,1,0.4024640657084189,1
Health Care,71826025.0,6,2.220396988364134,1
Analytics,2000000.0,1,3.345653661875428,1
Advertising,465000.0,1,0.4161533196440794,0
Game,50000.0,1,0.0,0
Fashion,23100000.0,3,0.0,1
File Sharing,0.0,1,0.16700889801505817,0
Facebook Applications,275000.0,2,0.5776865160848734,0
Content,25000.0,1,0.5037645448323066,0
Social Network Media,50000.0,1,1.0,0
Software,0.0,1,1.0,0
Biotechnology,6704285.0,1,8.158795345653662,1
Cloud Computing,19389775.0,5,2.529774127310062,1
Games,32250000.0,2,1.0,1
Software,10500000.0,2,7.742642026009582,1
Broadcasting,35000000.0,2,5.716632443531828,1
Brand Marketing,150000.0,1,0.0,1
E-Commerce,500000.0,2,0.1998631074606434,0
Information Services,1160166511.0,8,1.2785763175906912,1
Media,20000.0,1,0.4490075290896646,0
Biotechnology,2148399.0,1,4.271047227926078,0
E-Commerce,9500000.0,2,0.9144421629021219,1
Music,500000.0,1,0.0,0
Curated Web,800000.0,1,0.0,0
Curated Web,25000.0,1,0.01642710472279261,0
Brand Marketing,0.0,1,1.0,0
Software,2610000.0,2,1.0,0
Finance,55350000.0,4,1.7467488021902806,1
Health and Wellness,990000.0,2,1.0,1
Messaging,11900000.0,2,2.1656399726214923,1
Curated Web,3200000.0,2,1.4784394250513346,1
Biotechnology,20000000.0,1,1.0,1
Design,88093.0,2,1.0,0
Automotive,6017495.0,1,18.272416153319643,1
Finance,9000000.0,1,4.276522929500342,0
Clean Technology,102000000.0,1,1.0,0
Manufacturing,0.0,1,1.0,1
Health and Wellness,38364626.0,4,1.0,1
E-Commerce,30000.0,1,3.2553045859000687,0
Mobile,19300000.0,3,5.514031485284052,0
Curated Web,0.0,1,1.0759753593429158,0
Cloud Computing,0.0,1,0.999315537303217,1
Finance,0.0,1,0.0,0
Communications Infrastructure,7600000.0,1,1.0,0
Advertising,140000.0,3,0.5366187542778919,1
Exercise,1150000.0,3,0.810403832991102,1
Analytics,585745.0,2,0.6680355920602327,1
Software,90620386.0,8,5.968514715947981,1
E-Commerce,19282891.0,6,13.14715947980835,1
Hardware + Software,58500000.0,2,0.6652977412731006,0
Lighting,900900.0,1,0.0,0
Mobile,81000000.0,6,2.6830937713894594,1
Broadcasting,0.0,1,1.0,1
Security,4336000.0,2,4.32580424366872,1
Infrastructure,0.0,1,1.0,1
Events,100000.0,2,0.6707734428473648,0
Software,22066483.0,4,0.7474332648870636,1
Education,2638000.0,3,0.2108145106091718,1
EdTech,24000000.0,1,5.689253935660506,0
Education,1000000.0,1,2.647501711156742,1
Energy Management,9525159.0,2,2.7186858316221767,1
Curated Web,0.0,2,6.16290212183436,1
Enterprise Software,5000000.0,1,7.219712525667351,1
Curated Web,500000.0,1,0.0,0
E-Commerce,727000.0,1,1.0,0
B2B Express Delivery,1000.0,1,0.0,0
Advertising,75000.0,1,2.1464750171115674,1
Games,0.0,1,0.1971252566735113,0
Beauty,250000.0,1,0.0,0
Hardware + Software,23250000.0,3,1.0,0
Content,3330000.0,1,1.0,0
Mobile,31699996.0,4,4.041067761806982,1
Baby Accessories,14000000.0,2,3.6659822039698837,0
Games,0.0,1,0.0,0
Mining Technologies,0.0,1,1.0,0
Musicians,100000000.0,1,0.0,0
Retail,0.0,1,3.4140999315537304,1
Health Care,39650150.0,4,1.949349760438056,0
Curated Web,120000.0,1,0.04380561259411362,0
Software,6088273.0,2,23.786447638603697,1
Biotechnology,135100005.0,3,1.0,1
Health Care,3000000.0,1,20.33675564681725,1
B2B,9500000.0,1,1.0,0
Engineering Firms,65687.0,1,1.0,0
Biotechnology,3152600.0,4,1.0,1
Analytics,10000000.0,2,0.5859000684462696,1
E-Commerce,1200000.0,1,0.7939767282683093,0
Location Based Services,5000000.0,1,3.5181382614647503,1
Messaging,0.0,1,1.0,1
Beauty,850000.0,2,0.0,0
Consumers,111000.0,2,0.16700889801505817,0
Navigation,16674.0,1,1.0,0
Lifestyle,1500000.0,1,1.0,1
Advertising,40000000.0,1,6.245037645448323,1
Consumer Electronics,16425000.0,2,1.0,1
B2B,358804.0,1,1.0,0
Lead Generation,6750000.0,1,1.0,1
Recruiting,0.0,1,0.0027378507871321013,0
Manufacturing,0.0,1,1.0,1
Information Technology,0.0,1,0.4271047227926078,0
Biotechnology,37750000.0,4,30.206707734428473,0
Health Care,75328948.0,3,7.8028747433264884,1
Cloud Infrastructure,1850000.0,1,0.5338809034907598,1
Biotechnology,0.0,1,1.998631074606434,1
Biotechnology,5000000.0,1,1.0,0
Biotechnology,78000000.0,2,0.6844626967830253,1
Enterprise Software,22200000.0,4,6.6447638603696095,1
Software,1077803.0,1,1.0,1
Computers,500000.0,1,1.0,0
Advice,10000.0,1,0.0,0
Geospatial,0.0,2,0.758384668035592,0
Public Relations,1200000.0,1,0.6187542778918549,0
Services,2505000.0,2,1.160848733744011,0
Pets,941288.0,2,1.2895277207392197,0
Health Care,290000000.0,1,1.0,1
Mobile,15000000.0,1,1.0,0
Semiconductors,6600000.0,1,1.0,1
Apps,0.0,1,0.16153319644079397,0
Consulting,250000.0,1,0.0,0
Semiconductors,22000000.0,1,1.0,1
Advertising,11000000.0,2,2.2642026009582477,0
Robotics,0.0,1,3.6659822039698837,1
Photography,250000000.0,1,1.0,1
Events,2500000.0,3,0.6680355920602327,1
Media,58000000.0,1,1.0,0
Curated Web,50000.0,1,1.0,0
All Students,500000.0,1,0.49828884325804246,0
Enterprises,510294.0,1,0.038329911019849415,1
Advertising,25000000.0,1,6.0041067761806985,1
Logistics Company,38126.0,1,1.0,0
Social Network Media,935000.0,3,0.03285420944558522,0
Curated Web,2100000.0,2,0.0,1
Lifestyle,0.0,1,0.0,0
Contact Centers,14000000.0,2,1.0,0
Technology,0.0,1,0.6652977412731006,1
Finance,4400000.0,4,2.6365503080082138,1
Apps,35000.0,1,0.0,0
Education,350000.0,1,0.9144421629021219,0
Curated Web,5730000.0,1,1.73305954825462,0
Security,31274612.0,3,1.0,1
Career Management,3700000.0,2,0.0,0
Maps,556799.0,1,3.868583162217659,1
Mobile,600000.0,2,1.1800136892539357,1
Curated Web,0.0,1,1.0,0
Networking,0.0,1,0.08213552361396304,0
Finance,1200000.0,2,0.7474332648870636,1
Finance,320000.0,1,0.5010266940451745,0
Project Management,497608.0,1,0.32854209445585214,0
Search,18781724.0,4,0.0,0
Software,6500000.0,2,1.68104038329911,1
All Markets,600000.0,1,0.8158795345653662,0
Automotive,56800000.0,3,43.05270362765229,1
Clean Technology,20000000.0,1,1.0,0
Curated Web,0.0,1,0.16700889801505817,0
Curated Web,0.0,1,0.0,0
Mobile,5000000.0,1,1.0,1
Finance,400000.0,1,3.162217659137577,0
E-Commerce,203313.0,2,0.49828884325804246,0
Biotechnology,0.0,1,3.2306639288158796,1
Curated Web,512000.0,2,3.4962354551676933,0
Aerospace,14656980.0,3,1.6837782340862424,1
Curated Web,13400000.0,1,1.3059548254620124,0
Software,200000.0,1,0.32854209445585214,1
Curated Web,9100000.0,1,6.72416153319644,0
Animal Feed,50000.0,1,0.0,0
Manufacturing,1366682.0,1,1.0,0
Mobile,10732800.0,1,19.222450376454482,1
Analytics,40000.0,1,2.6639288158795345,0
Internet,1000000.0,1,0.0,0
Analytics,244778.0,1,0.0,1
Advertising,700000.0,1,0.5859000684462696,1
Analytics,18000.0,1,0.0,0
Personalization,50000.0,1,0.8350444900752909,0
Clean Technology,5000000.0,1,17.111567419575632,0
Networking,100000000.0,1,1.0,0
Clean Technology,1100000.0,1,1.0,0
E-Commerce,100000.0,1,0.0,0
Enterprise Software,7500000.0,1,9.73305954825462,1
Curated Web,180500000.0,5,0.0,1
Audio,4000000.0,1,0.0,0
Colleges,500000.0,1,1.2347707049965777,1
Mobile,20000.0,1,1.0,1
Messaging,0.0,1,11.129363449691992,0
Education,3400000.0,1,1.0,1
Enterprise Software,12700000.0,2,0.0,1
Biotechnology,99051350.0,5,1.9219712525667352,1
Biotechnology,9000000.0,1,1.0,0
Software,8500000.0,1,4.177960301163586,1
Manufacturing,1000000.0,1,21.1854893908282,0
Technology,12000000.0,1,1.0,1
Charity,5000.0,1,1.0,0
Biometrics,82600000.0,5,6.792607802874743,1
Biotechnology,1224392.0,1,1.0,1
Environmental Innovation,10000000.0,1,1.0,0
Biotechnology,0.0,1,2.3956194387405887,0
Enterprise Resource Planning,40000.0,1,0.0,0
Health Care,17800000.0,1,4.199863107460644,1
Advertising,45000000.0,1,12.084873374401095,1
Transportation,50000.0,1,0.9637234770704997,0
Software,510000.0,1,1.0,1
Travel,1600000.0,1,0.7939767282683093,0
Software,2050000.0,2,0.0,0
Human Resources,0.0,1,4.741957563312799,1
Enterprise Software,754000.0,1,1.0,1
Software,0.0,1,11.408624229979466,1
Biotechnology,54000000.0,1,11.824777549623546,1
Biotechnology,2424999.0,3,1.6892539356605065,1
Enterprise Software,2500000.0,1,5.530458590006845,1
Clean Technology,40300000.0,2,1.0,0
Semiconductors,4800000.0,1,12.101300479123887,1
Enterprise Software,35000000.0,1,6.74880219028063,1
Software,11000000.0,2,12.563997262149213,1
Big Data Analytics,28787685.0,5,1.3470225872689938,1
Architecture,16000000.0,1,1.0,1
Health Care,3494340.0,2,1.0,1
Semiconductors,32000000.0,3,4.128678986995209,1
Mobile,6000000.0,1,8.084873374401095,1
Software,0.0,1,2.0451745379876796,1
Manufacturing,1000000.0,1,1.0,0
Biotechnology,32393693.0,10,9.875427789185489,1
Business Services,3500000.0,1,1.2950034223134839,0
Chat,600000.0,2,0.2600958247775496,0
Web Hosting,0.0,1,0.999315537303217,1
Recruiting,1000000.0,1,1.0,0
Financial Services,2000000.0,1,1.0,0
Curated Web,100000.0,1,0.0,0
Hardware + Software,4800000.0,1,66.09993155373031,1
Content,0.0,1,0.8350444900752909,0
Advertising,2489970.0,4,0.3066392881587953,1
Local Search,0.0,1,1.0,1
Content,4000000.0,1,1.3278576317590691,1
Finance,3209407.0,1,1.0,1
E-Commerce,32155.0,1,0.9965776865160849,0
Architecture,160000000.0,1,1.0,1
Construction,23831328.0,4,1.3278576317590691,1
Communications Infrastructure,95000000.0,3,1.0,1
Health Care,34500000.0,2,0.5010266940451745,1
Content Delivery,70000000.0,3,4.520191649555099,1
Advertising,5875000.0,4,3.055441478439425,1
Consulting,0.0,1,0.0,1
App Marketing,32034118.0,3,8.413415468856947,1
Diagnostics,18400000.0,1,16.268309377138944,0
E-Commerce,26000000.0,2,8.947296372347708,1
B2B,21000000.0,4,4.117727583846681,1
Mobile,200000.0,1,0.892539356605065,0
Consulting,0.0,1,5.820670773442847,1
Network Security,845556.0,4,1.0,1
E-Commerce,559904.0,2,0.7200547570157426,0
Entertainment,7000000.0,1,1.0,1
Finance,1300000.0,3,0.6954140999315537,1
Biotechnology,4860797.0,8,1.0,1
Biotechnology,1877275.0,1,9.998631074606434,0
Biotechnology,2725000.0,1,5.316906228610541,1
Software,20000000.0,1,10.882956878850102,1
Apps,2000000.0,1,1.0,0
Curated Web,0.0,1,0.38329911019849416,0
Enterprise Software,353586.534667675,2,0.999315537303217,0
Content,70750000.0,4,1.4976043805612593,1
Services,10100000.0,1,1.0,0
Curated Web,1950000.0,2,1.0,1
Biotechnology,70950000.0,3,2.4421629021218343,1
Security,65500000.0,2,6.702258726899384,0
Enterprise Software,47275000.0,3,7.416837782340862,0
Biotechnology,70000000.0,4,1.0,1
Biotechnology,4200000.0,1,1.0,0
Web Hosting,10000000.0,1,1.0,1
Analytics,1514205.0,2,1.0,1
Information Technology,0.0,1,0.33127994524298426,0
Biotechnology,97309564.0,2,1.0,1
E-Commerce,6386422.0,4,2.6639288158795345,1
Automotive,0.0,1,0.6132785763175906,0
Enterprise Software,7000000.0,1,1.0,1
Software,20500000.0,2,6.108145106091718,1
Security,13200000.0,1,1.0,1
Hardware + Software,17584713.0,1,30.223134839151268,1
Health and Wellness,58250000.0,3,1.0,1
Android,800000.0,1,0.4024640657084189,0
Hardware + Software,1100000.0,1,7.868583162217659,0
Mobile,22058331.0,13,0.0,1
Communications Infrastructure,85000000.0,3,0.459958932238193,1
Mobile,18500000.0,2,1.0,1
Communications Infrastructure,30079503000.0,5,26.305270362765228,1
Retail,0.0,1,17.83709787816564,1
Biotechnology,84392358.0,4,17.02943189596167,1
E-Commerce,0.0,1,24.747433264887064,1
Games,1600000.0,2,1.1854893908281998,1
Advertising,2000000.0,3,0.09856262833675565,1
Finance,0.0,1,3.915126625598905,1
Enterprise Software,4840000.0,1,9.344284736481862,1
Health Care,144499999.0,6,0.5010266940451745,1
Service Providers,8455968.3634037,1,1.0,0
Payments,1400000.0,1,0.5338809034907598,0
Biotechnology,5832264.0,1,13.363449691991786,1
Collaboration,0.0,1,1.4948665297741273,1
Audio,298695.0,1,1.0,0
Education,5000000.0,1,1.0,0
Big Data Analytics,0.0,1,1.0,0
Clean Technology,17000000.0,1,3.4442162902121836,1
Biotechnology,600397225.0,4,20.205338809034906,1
Analytics,30500000.0,3,0.2464065708418891,1
Analytics,6234609.0,5,0.7529089664613279,1
Business Services,58000000.0,4,0.0,1
Media,778425.0,1,2.737850787132101,1
Mobile,1500000.0,1,1.0,1
Software,4417566.0,2,10.948665297741274,1
Clean Technology,1285623.0,1,1.0,0
SaaS,4000000.0,2,1.0,0
Software,250000.0,1,12.487337440109513,1
Advertising,289998.0,1,2.193018480492813,1
Analytics,100000.0,3,1.002053388090349,1
Software,1050000.0,2,1.6947296372347707,0
Health Care,27700000.0,2,7.8028747433264884,1
Health and Wellness,10000000.0,1,1.0,0
Biotechnology,17500000.0,2,1.0,1
DOD/Military,150000.0,1,0.0,0
Software,15000000.0,1,8.161533196440795,1
Mobile,28000000.0,3,1.0,1
Fashion,680611554.0,1,1.0,1
Software,6000000.0,2,3.6358658453114305,1
Enterprise Software,10250000.0,1,7.2060232717316905,1
Hardware + Software,5380000.0,1,1.0,0
Biotechnology,13201397.0,2,1.0,0
Information Technology,5000000.0,1,2.412046543463381,0
Biotechnology,20000000.0,1,11.000684462696784,1
Health Care,19009671.0,3,2.7816563997262147,0
Communities,3000000.0,1,10.30527036276523,1
Hardware + Software,0.0,1,2.086242299794661,0
Services,15000000.0,1,1.0,1
E-Commerce,6000000.0,1,15.33744010951403,0
Biotechnology,91149997.0,5,0.648870636550308,1
Software,850000.0,2,0.6652977412731006,0
Mobile,137805780.0,2,23.975359342915812,1
Data Centers,65000000.0,1,13.256673511293634,1
Auctions,2500.0,1,0.0,0
Software,6750000.0,1,5.300479123887748,0
Browser Extensions,300000.0,1,0.4134154688569473,0
Biotechnology,16000000.0,1,1.0,1
Social Media,600000.0,1,0.837782340862423,0
Software,592000.0,1,4.996577686516085,0
E-Commerce,525000.0,3,0.13415468856947296,1
Advertising,1000000.0,1,1.0,0
Hardware + Software,7874999.0,2,1.0,1
Web Hosting,6000000.0,1,1.0,1
Android,275356.0,1,0.0,0
Software,2000000.0,2,1.0,1
E-Commerce,66000000.0,1,1.0,0
Games,0.0,1,0.28473648186173856,0
Analytics,37535089.0,6,1.3141683778234086,1
Curated Web,12000000.0,1,1.0,0
Curated Web,0.0,1,0.0,0
Advertising,17441786.0207046,3,0.6899383983572895,1
Hardware + Software,28000000.0,1,170.99794661190964,1
Advertising,30000.0,1,0.0,0
Advertising Exchanges,4450673.0,2,1.3880903490759753,1
Analytics,12000000.0,1,2.7953456536618755,0
Intelligent Systems,18885.0,1,1.0,0
Collaboration,668000.0,2,0.5859000684462696,1
Advertising,150000.0,1,0.0,0
Curated Web,100000.0,1,0.0,0
Social Media,0.0,1,0.32306639288158795,0
Information Technology,1500000.0,1,1.0,0
Communications Infrastructure,2510000.0,3,1.0,1
Business Productivity,6500000.0,1,0.8815879534565366,0
Analytics,12000000.0,3,1.730321697467488,1
Curated Web,0.0,1,1.0,1
Enterprise Software,28660003.0,6,1.2210814510609171,1
Curated Web,0.0,1,36.668035592060235,1
Digital Entertainment,37000000.0,2,3.2032854209445585,1
Apps,17136.0,1,1.0,0
Android,1200000.0,1,1.3360711841204653,1
Software,1146717.0,1,1.0,1
E-Commerce,0.0,1,0.0,0
Entertainment,7861607.0,2,3.9507186858316223,1
Crowdsourcing,24300000.0,2,0.9336071184120466,1
Health and Wellness,2500000.0,1,2.3983572895277208,1
Finance,0.0,2,2.001368925393566,0
Technology,40000000.0,1,1.0,0
Curated Web,210000.0,3,0.8323066392881588,1
Hardware,50000000.0,1,16.18343600273785,1
Advertising,6100000.0,1,1.0,1
Mobile,0.0,1,0.0,1
Software,3000000.0,1,1.0,0
Curated Web,0.0,1,9.957563312799453,0
Semiconductors,187884937.0,7,4.418891170431212,1
Digital Media,3000000.0,1,5.114305270362765,0
E-Commerce,70430000.0,3,1.0,1
Education,0.0,1,0.8323066392881588,0
Customer Service,20000000.0,1,2.269678302532512,1
E-Commerce,25073206.0,6,0.0,1
Semiconductors,9500000.0,1,1.0,1
Enterprise Software,4325000.0,2,0.0,1
Biotechnology,27000000.0,1,1.0,0
Biotechnology,3000000.0,1,1.0,0
Clean Energy,110500000.0,4,1.5003422313483916,1
Apps,750000.0,1,0.8076659822039699,0
Retail,0.0,1,1.0,0
Games,3860000.0,1,13.440109514031485,0
Clean Technology,142332152.0,8,1.3278576317590691,1
Data Centers,15000000.0,2,0.917180013689254,1
Software,6000000.0,1,4.731006160164271,1
Biotechnology,18300000.0,3,4.035592060232717,1
Cloud Computing,24000000.0,3,1.9876796714579055,1
IT Management,5136706.0,1,9.382614647501711,1
Infrastructure,12000000.0,1,3.080082135523614,1
Software,21000000.0,2,1.672826830937714,1
Education,3566841.0,3,0.9609856262833676,1
Games,4000000.0,1,1.0869267624914443,0
Software,44500000.0,3,2.735112936344969,1
Advertising,1550000.0,2,1.45927446954141,0
Semiconductors,20000000.0,1,1.0,0
Cloud Computing,4000000.0,2,1.4182067077344285,0
Advertising,1000000.0,1,0.9117043121149897,0
Mobile,29288979.0,5,1.998631074606434,1
Cloud Computing,250000.0,1,1.0,0
Biotechnology,6800000.0,2,13.1088295687885,0
Software,3911750.0,2,1.1006160164271048,1
Software,0.0,1,14.028747433264886,1
Security,6000000.0,1,0.432580424366872,1
Services,3674999.0,1,0.47091033538672145,0
Enterprise Software,38764000.0,4,3.7727583846680357,1
Technology,20000000.0,1,8.32580424366872,1
Enterprise Software,129642925.0,11,1.6646132785763177,1
Biotechnology,84814349.0,4,1.0,0
Clean Technology,9812794.0,4,0.919917864476386,0
E-Commerce,0.0,1,0.0,0
Hardware + Software,25000000.0,1,0.7967145790554415,1
Insurance,7500000.0,1,1.0,0
CRM,1150000.0,1,0.0,0
Advertising,33000000.0,2,3.79192334017796,1
Business Services,28400000.0,3,2.113620807665982,1
Analytics,83302652.0,10,1.5797399041752225,1
Health Care,40000000.0,1,8.347707049965777,1
Biotechnology,10500000.0,1,24.084873374401095,1
Health Care,108000000.0,1,20.317590691307323,1
Advertising,11500000.0,1,10.17659137577002,1
Information Technology,0.0,1,10.48870636550308,1
Software,32000000.0,1,20.791238877481177,0
Health Care,500000.0,1,0.0,0
Chat,0.0,1,0.7529089664613279,0
Analytics,1250000.0,1,4.832306639288158,1
Biotechnology,44750281.0,6,0.0,1
Computers,10500000.0,1,5.02943189596167,1
Analytics,2212000.0,2,1.4072553045859,1
Health Diagnostics,15137842.0,13,12.008213552361397,1
Biotechnology,8700000.0,2,5.084188911704312,1
Enterprise Software,235350.0,1,0.0,0
Hardware + Software,799000.0,2,1.0,1
Legal,25000.0,1,0.08487337440109514,0
Bio-Pharm,79000000.0,4,1.0,1
Electronic Health Records,25000.0,1,0.0,0
Health Care,3380000.0,1,2.4914442162902124,0
Biotechnology,205868476.0,8,4.772073921971253,1
Software,600000.0,1,6.915811088295688,0
E-Commerce,0.0,1,0.7529089664613279,1
Advertising,33000000.0,4,0.0,1
Financial Services,15000000.0,1,1.3305954825462012,0
Curated Web,7000000.0,2,8.180698151950718,0
Biotechnology,606672.0,1,1.0,1
Health Care,18405538.0,2,16.906228610540726,0
Comparison Shopping,250000.0,1,0.0,1
Curated Web,9400000.0,1,0.0,0
Games,5999997.0,2,5.963039014373717,1
Clean Technology,280000000.0,1,3.167693360711841,1
Health Care,4671652.0,3,8.136892539356605,1
Games,1000000.0,1,0.008213552361396304,1
Mobile,27200000.0,3,6.595482546201232,1
Health Care,6230000.0,1,4.681724845995893,0
Enterprise Software,5660000.0,5,1.0,1
Messaging,3000000.0,3,0.0,1
Technology,8000000.0,1,1.0,1
Games,5000000.0,1,1.0,1
Web Hosting,4000000.0,1,2.746064339493498,1
Hardware + Software,4300000.0,1,1.0,0
Brand Marketing,4705910.0,5,1.377138945927447,1
Curated Web,1510000.0,5,0.08213552361396304,1
Advertising,13075000.0,4,1.0157426420260096,1
Content,316143.0,1,0.4271047227926078,0
Software,11655000.0,2,0.29568788501026694,1
Audio,26500000.0,3,0.5010266940451745,1
Financial Services,0.0,1,20.815879534565365,1
Software,368500000.0,2,9.516769336071183,1
Software,331465.0,1,6.444900752908967,0
Internet,44500000.0,2,1.0,1
Audio,1275575.0,1,3.3045859000684463,1
Advertising,40000.0,1,1.0,0
Music Services,0.0,1,2.622861054072553,0
Communications Hardware,46617107.0,17,0.0,1
Audio,59440.0,1,1.0,0
Corporate Training,74000000.0,1,1.6892539356605065,1
Software,6400000.0,1,4.043805612594114,1
Health Care Information Technology,20729000.0,7,2.2039698836413417,1
Chat,15000000.0,1,21.49760438056126,1
Mobile,48700000.0,1,6.193018480492813,1
Pharmaceuticals,750000.0,1,2.833675564681725,1
Curated Web,21000000.0,2,6.529774127310062,1
Advertising,0.0,1,0.0,1
Messaging,0.0,1,0.16700889801505817,1
Computers,10000000.0,1,1.0,0
Audio,0.0,1,2.004106776180698,0
Messaging,22300000.0,2,4.761122518822724,1
Alumni,12500.0,1,1.0,0
Consulting,1000000.0,2,1.2867898699520877,0
B2B Express Delivery,0.0,1,0.5338809034907598,0
Software,7500000.0,2,0.49828884325804246,1
Content,0.0,1,2.833675564681725,1
Consumers,30898708.0,1,1.0,1
Biotechnology,4000000.0,2,4.158795345653662,1
Career Planning,400000.0,1,0.30937713894592744,1
Advertising,12000000.0,2,2.297056810403833,0
Analytics,16900000.0,3,1.3004791238877482,1
Databases,39225000.0,4,1.4072553045859,1
Computers,45200000.0,4,4.290212183436003,1
Semiconductors,21500000.0,2,22.573579739904176,1
Ad Targeting,323834120.0,6,0.0,1
Software,29243184.4131357,2,4.043805612594114,1
Search,2945400.0,1,0.0,0
Customer Service,40968.0,1,1.0,0
Mobile,460000000.0,3,2.8993839835728954,1
Audio,2192000.0,2,4.128678986995209,0
Software,35000000.0,3,2.9349760438056127,1
Internet,2600000.0,1,1.0,0
Cloud Security,10000000.0,1,1.0,1
Enterprise Software,45000000.0,4,1.7741273100616017,1
Finance,70052622.8631269,1,1.0,0
Analytics,500000.0,1,0.9226557152635181,1
Curated Web,2250000.0,2,1.514031485284052,1
Advertising,96505.0,1,0.9226557152635181,0
Accounting,7665000.0,4,1.103353867214237,0
Entrepreneur,67148.0,1,0.07665982203969883,0
Communities,19023247.0,4,0.999315537303217,1
Enterprise Software,1522481.0,1,2.746064339493498,1
Content Delivery,5500000.0,1,12.227241615331964,1
Chat,9000000.0,1,10.863791923340179,1
Enterprise Software,33000000.0,3,4.084873374401095,1
Messaging,15000.0,1,1.0,0
Music,75000.0,1,0.0,0
Games,3500000.0,2,0.7474332648870636,1
Audio,7850000.0,3,10.491444216290212,0
Travel & Tourism,225000.0,2,0.5831622176591376,0
Health Care,46415000.0,4,0.8733744010951403,0
Biotechnology,105000000.0,2,0.11498973305954825,1
Information Technology,15000000.0,1,1.0,1
Design,12000000.0,1,4.837782340862423,1
Software,19765861.0,3,8.161533196440795,1
Consumers,50000.0,1,1.0,0
Beauty,3000000.0,1,0.0,0
Innovation Management,77678.0,1,0.0,0
Mobile,33632000.0,5,0.5804243668720055,1
Healthcare Services,5000000.0,1,1.0,0
Service Providers,25000.0,1,1.0,0
Telecommunications,18000000.0,1,1.0,0
Enterprise Software,20000000.0,1,7.644079397672827,1
Semiconductors,8800000.0,2,5.69472963723477,0
Software,25000.0,1,0.0,0
Games,36000000.0,3,1.4154688569472964,1
Manufacturing,5020000.0,1,1.0,1
Cloud Computing,0.0,1,0.0,0
Career Management,22200000.0,2,1.0,1
Games,0.0,1,0.0,1
Software,34000000.0,3,1.1663244353182751,1
Mobile,28800000.0,4,16.227241615331966,1
Cloud Infrastructure,1250000.0,1,1.2457221081451062,0
Software,3000000.0,1,1.0,0
Software,40800000.0,4,1.6974674880219027,1
Web Hosting,1515078.0,1,1.0,1
Curated Web,2000000.0,1,1.0,0
Internet,517241.0,1,0.0,0
Hardware + Software,1200000.0,1,4.944558521560575,1
Coupons,5000.0,1,0.0,0
Apps,2389453.0,1,4.695414099931554,0
Data Mining,453176.0,1,0.0,0
Mobile,0.0,1,0.7474332648870636,0
Biotechnology,56896750.0,4,1.0,1
E-Commerce,16876.0,1,2.209445585215606,0
Business Services,20000000.0,1,10.017796030116358,1
Beauty,110755159.097956,5,0.0,1
Customer Service,85000.0,1,1.4921286789869952,0
Hardware + Software,0.0,3,0.0,0
Clean Technology,3160000.0,1,3.4387405886379194,0
Curated Web,0.0,1,0.0,0
Apps,50000.0,1,1.0,0
E-Commerce,650000.0,2,0.0,0
Location Based Services,2000000.0,1,4.5366187542778915,1
Cloud Computing,1100000.0,1,0.6625598904859685,1
Fashion,170000.0,1,0.9089664613278576,0
Consumer Goods,233644.0,1,51.945242984257355,0
News,600000.0,1,0.2518822724161533,1
Enterprise Software,2800000.0,2,0.0,0
Biotechnology,72800000.0,1,3.600273785078713,1
Blogging Platforms,1200000.0,2,1.163586584531143,1
Reviews and Recommendations,1400000.0,2,0.0,1
Big Data,91466131.0,4,6.581793292265571,1
Games,11120000.0,2,1.0,0
Online Dating,450000.0,1,0.9938398357289527,0
Enterprise Software,23000000.0,6,1.0,1
Information Technology,0.0,1,0.4134154688569473,1
Analytics,13622803.0,6,1.6591375770020533,1
E-Commerce,1356320.0,3,0.6406570841889117,1
E-Commerce,5500000.0,1,1.215605749486653,0
Curated Web,1018000.0,3,0.49555099247091033,0
Apps,0.0,1,0.4161533196440794,0
Banking,20000000.0,1,1.0,1
Consulting,3000000.0,1,0.4791238877481177,1
Enterprise Software,35750000.0,4,0.0,1
Software,0.0,1,10.625598904859686,1
Telecommunications,26600000.0,1,1.0,0
Biotechnology,22392121.0,2,4.63791923340178,0
Consumer Electronics,200000.0,1,1.0,0
Advice,1631712.0,3,0.2053388090349076,0
Biotechnology,84000000.0,2,1.0,1
Software,1000000.0,1,25.196440793976727,0
Technology,59500000.0,3,1.0,1
Health Care,100000.0,1,1.0,0
Apps,125000.0,1,1.0,0
Application Platforms,15920000.0,4,2.546201232032854,1
Health Care,18818374.0,5,6.598220396988364,0
Semiconductors,22110000.0,3,7.693360711841205,1
Manufacturing,35000035.0,2,1.0,1
Biotechnology,91143286.0,10,10.40930869267625,1
Curated Web,2000000.0,1,1.3333333333333333,1
Mobile,36132514.0,4,2.9349760438056127,1
Contact Management,0.0,1,0.0,0
Finance Technology,2400000.0,2,1.0841889117043122,0
E-Commerce,358000000.0,3,8.8870636550308,1
Mobile Advertising,25000.0,1,0.0,0
Hardware + Software,35000000.0,2,1.0,1
Apps,907665.232891771,1,0.2190280629705681,0
Entertainment,1750000.0,1,0.07939767282683094,1
Navigation,67000000.0,3,1.163586584531143,1
Sports,2000000.0,1,1.0,0
Big Data Analytics,5000000.0,2,0.0,1
Finance,0.0,1,1.0,1
Advertising,50000.0,1,0.6680355920602327,0
Mobile,20200000.0,3,0.0,1
Fashion,0.0,1,0.0,0
Curated Web,500000.0,1,0.0,0
Crowdsourcing,1010000.0,2,1.325119780971937,1
Apps,118000.0,1,1.0,0
Service Providers,18852.0,1,1.0,0
Games,4000000.0,1,1.0,0
Analytics,20643295.0,5,8.353182751540041,1
Internet,2000000.0,1,1.0,1
Advertising,446000.0,1,1.0,0
Telecommunications,0.0,1,4.950034223134839,1
Software,52583497.0,7,1.1991786447638604,1
Software,9500000.0,1,1.0,0
Software,18500000.0,2,2.3381245722108144,1
Curated Web,0.0,1,1.0,0
Business Services,14000000.0,1,18.73511293634497,1
Biotechnology,0.0,1,1.0,1
Cloud Computing,1340000.0,3,0.7529089664613279,1
Design,1215845.0,1,6.368240930869268,0
Security,18000000.0,1,12.731006160164272,1
Internet,10000000.0,1,1.0,1
Analytics,0.0,1,0.459958932238193,1
Web Design,7000000.0,1,1.0,1
Customer Support Tools,20000000.0,1,1.0,0
Curated Web,1552.0,1,0.0,0
Commodities,400000000.0,2,1.0,0
Advertising,37000000.0,3,4.6652977412731005,0
Mobile,6033020.73348125,1,1.0,1
iPhone,1000000.0,2,0.5585215605749486,1
E-Commerce,800000.0,1,1.0184804928131417,1
Finance,10455481.0,2,0.0,0
Internet,500000.0,1,1.9137577002053388,0
Food Processing,0.0,1,83.66598220396989,1
Nonprofits,4919.0,1,0.6406570841889117,1
Music,1000000.0,1,2.461327857631759,1
Social Media,3500000.0,2,167.76454483230663,1
E-Commerce,1265000.0,3,0.0,1
Health and Wellness,0.0,1,1.0,1
Application Platforms,7000000.0,1,1.0,0
Hardware + Software,145000.0,1,2.299794661190965,1
Biotechnology,10810000.0,3,9.935660506502396,1
Hardware + Software,7499994.0,2,2.4914442162902124,0
Healthcare Services,100000.0,1,0.0027378507871321013,0
Health and Wellness,1570532.0,1,0.02190280629705681,0
Social Media,1055547.0,1,1.0,0
Business Services,8000000.0,1,7.696098562628337,0
Health and Wellness,3000000.0,1,1.0,1
3D Printing,285632.0,1,1.0,0
Social Media,12970000.0,3,0.0,1
Apps,15000.0,1,0.5804243668720055,0
Enterprise Software,0.0,1,81.02395619438741,1
Consumer Electronics,200000.0,1,0.0,0
Finance,4700000.0,2,1.1690622861054072,0
Consumers,15000000.0,1,1.0,0
Curated Web,5750000.0,2,1.0,0
Games,5000000.0,1,0.0,0
Hardware,0.0,1,1.0,0
Mobile,100000.0,1,0.04106776180698152,0
Services,500000.0,1,2.0123203285420943,0
Career Management,9000000.0,1,6.080766598220397,1
Curated Web,39750000.0,3,0.0,1
Security,38000000.0,4,2.245037645448323,1
Advertising,299500000.0,5,2.5051334702258727,1
Web Hosting,17385483.0,9,1.568788501026694,0
Curated Web,0.0,1,0.0,1
Curated Web,1500000.0,1,0.04380561259411362,0
Messaging,58250000.0,3,0.7474332648870636,1
Commercial Real Estate,18000000.0,1,1.0,1
Automotive,15700000.0,2,0.7392197125256673,1
Software,35000000.0,2,1.0,0
E-Commerce,22358207.0,5,0.0,1
Facebook Applications,1750000.0,2,0.7693360711841205,1
Content,300000.0,1,1.0,0
Hardware + Software,5000000.0,1,8.082135523613964,1
Hardware + Software,0.0,1,0.0,0
Automotive,0.0,1,0.0,0
Enterprise Software,31000000.0,3,1.0,1
File Sharing,3159200.0,2,0.08487337440109514,1
Curated Web,4000000.0,2,1.4784394250513346,1
Services,13000000.0,2,1.0,1
Enterprise Software,10000000.0,1,1.0,0
Web Hosting,15500000.0,1,6.590006844626968,1
Software,3396991.0,1,1.0,0
Business Services,7000000.0,1,9.618069815195073,1
Music,0.0,1,1.0,0
Clean Technology,4460015.0,1,5.842573579739904,0
Curated Web,150000.0,1,0.33675564681724846,0
Curated Web,730000.0,2,1.3360711841204653,0
Semiconductors,5000000.0,1,5.368925393566051,0
Nanotechnology,7000000.0,1,0.36960985626283366,0
Curated Web,2000000.0,1,2.299794661190965,1
Web Hosting,42500000.0,4,0.971937029431896,1
Information Technology,12000000.0,1,1.0,1
Analytics,100000.0,1,0.33675564681724846,0
Public Relations,9500000.0,2,1.0,1
Consumer Electronics,66300000.0,6,2.6666666666666665,1
Mobile,603000.0,1,1.0,0
Collaboration,2939581.0,4,0.0,1
Delivery,0.0,1,1.0,0
E-Commerce,1500000.0,1,1.0,0
Hospitality,10000000.0,1,1.0,0
Big Data Analytics,200000.0,1,1.0,0
Mobile,2500000.0,1,0.9911019849418207,1
Games,0.0,1,3.381245722108145,0
Web Hosting,50000000.0,1,4.673511293634497,1
Bitcoin,100000.0,1,7.260780287474333,0
Finance,14500000.0,1,6.811772758384668,1
Advertising,14100000.0,4,0.4188911704312115,1
Consumer Goods,3300000.0,1,1.0,0
Biotechnology,27070000.0,2,2.1601642710472277,1
Semiconductors,15000000.0,1,4.024640657084189,0
Events,2100000.0,3,0.9144421629021219,1
Retail,3900000.0,1,59.19233401779603,1
Semiconductors,55000000.0,2,3.5345653661875427,1
Software,15000000.0,1,5.092402464065708,1
Software,25089334.0,5,1.0,1
Hardware + Software,1560000.0,1,1.0,0
Software,6900000.0,1,4.892539356605065,0
Babies,92275758.0,6,0.7063655030800822,1
Clean Technology,13000000.0,1,2.0725530458590007,0
Hardware + Software,51000.0,2,2.6064339493497606,0
Clean Technology,2000000.0,2,1.0,1
Software,25500100.0,3,2.4449007529089664,0
Customer Service,16781.0,1,2.757015742642026,0
Mobile,19000000.0,2,4.6269678302532515,0
Search,6200000.0,1,0.36960985626283366,1
Consulting,4205355.0,1,8.36413415468857,0
Databases,84000000.0,2,1.0,1
Web Hosting,50461490.0,7,0.0,1
Apps,0.0,1,1.0,0
Finance,999997.0,4,0.1697467488021903,1
Curated Web,3000000.0,1,2.830937713894593,0
Hardware + Software,1000000.0,1,1.158110882956879,0
Audio,6000000.0,1,1.0,1
Apps,56526.0,1,0.6680355920602327,0
Software,5911021.0,1,1.0,1
Software,1665000.0,2,13.995893223819301,1
Social Media,5000000.0,1,1.1663244353182751,0
Semiconductors,55833663.0,5,5.062286105407256,0
Enterprise Software,120000.0,1,1.434633812457221,0
Artificial Intelligence,163524.0,1,1.8316221765913758,0
Consumer Electronics,620000.0,2,0.0,0
CRM,0.0,1,0.6351813826146475,1
E-Commerce,1395100.0,3,0.0,1
Entertainment,0.0,1,0.8049281314168378,0
Software,3000000.0,2,0.1697467488021903,1
Mobile,4000000.0,1,0.5968514715947981,0
Cloud Computing,206447.0,2,2.001368925393566,1
E-Commerce,2500000.0,1,0.2600958247775496,1
Curated Web,58500000.0,4,1.9137577002053388,1
Advertising,69585.0,1,1.002053388090349,0
E-Commerce,4988000.0,2,0.4188911704312115,1
Brand Marketing,500000.0,1,0.7474332648870636,1
Games,2500000.0,2,1.4182067077344285,0
Document Management,11701776.0,1,2.0616016427104724,1
Games,1500000.0,1,0.0,0
Clean Technology,183000000.0,1,1.0,0
Internet,120000.0,1,22.537987679671456,1
Games,7000000.0,1,1.0,1
B2B,700000.0,2,0.09856262833675565,1
Pets,400000.0,1,0.6652977412731006,0
Curated Web,17400000.0,3,6.329911019849418,1
Curated Web,0.0,1,0.75564681724846,0
Communities,80000.0,1,0.2518822724161533,0
Colleges,175000000.0,3,0.0,1
Finance Technology,5000000.0,1,1.0,0
Accounting,188000.0,1,7.2470910335386725,1
Mobile,17600000.0,3,0.049281314168377825,1
E-Commerce Platforms,5500000.0,1,1.0,1
Internet,2500000.0,1,1.0,0
Collaboration,1019999.0,2,3.783709787816564,0
Curated Web,0.0,1,1.0,0
Enterprise Software,3500000.0,2,0.0,0
Marketplaces,40000.0,1,0.0,0
Enterprise Software,12282836.0,3,3.7481177275838466,1
CRM,267240.0,1,1.998631074606434,1
Health and Wellness,506919.0,1,11.28268309377139,1
Career Management,250000.0,1,0.08213552361396304,0
Android,12000.0,1,0.8323066392881588,0
Transportation,47853300.0,1,1.0,1
Image Recognition,0.0,1,0.0,0
Web Hosting,57400000.0,4,5.021218343600274,1
Cloud Computing,1250000.0,1,3.4442162902121836,1
Design,6550000.0,1,1.0,1
Collaboration,10800000.0,3,7.882272416153319,1
Travel,89591.0,2,1.0,0
Storage,33000000.0,1,1.0,0
Business Services,4000000.0,1,1.0,0
Apps,0.0,1,1.0,0
Curated Web,19791.0,1,0.0,0
Web Hosting,34452226.0,3,2.915811088295688,1
Telecommunications,1575000.0,1,1.0,1
Music,0.0,1,0.0,0
Business Services,486000000.0,2,55.24435318275154,1
Film,0.0,1,2.6639288158795345,1
Advertising,10000000.0,1,8.0,1
Search,0.0,1,0.0,0
Certification Test,5186985.0,2,1.0,1
Hardware + Software,0.0,1,1.0,0
Biotechnology,93470000.0,5,4.16974674880219,1
Employment,700000.0,2,0.0,0
Analytics,58875383.0,2,3.24435318275154,1
Consulting,190000.0,1,1.0,1
Biotechnology,6802465.0,2,4.060232717316906,1
Health Care,725000.0,1,1.0,0
Health Care,4570000.0,2,1.0,0
Networking,21000000.0,1,1.0,1
Analytics,85870000.0,7,1.0622861054072552,1
Software,13000000.0,1,1.0,0
Software,200000000.0,1,14.69678302532512,1
Semiconductors,808000.0,1,1.0,0
Pharmaceuticals,55800000.0,2,1.0,1
Clean Technology,700000.0,1,0.16700889801505817,1
Search,22655660.0,5,3.753593429158111,0
Application Platforms,225000.0,1,0.49828884325804246,0
Software,7588252.0,2,4.514715947980835,1
Cloud Computing,500000.0,1,0.9691991786447639,0
Security,37689119.0,7,6.5598904859685145,1
Medical,88000000.0,2,1.0,1
Cloud Computing,73055.0,1,0.0,0
Biotechnology,31000000.0,1,1.0,1
Biotechnology,146397292.0,9,4.917180013689254,1
Semiconductors,75000000.0,5,1.7905544147843941,1
Networking,12500000.0,1,1.0,0
Biotechnology,36097653.0,4,10.811772758384668,1
Banking,21000000.0,1,6.754277891854894,1
Bio-Pharm,22000000.0,1,1.0,1
Biotechnology,32500000.0,5,1.0,0
Pharmaceuticals,6086956.52173913,1,1.0,1
Curated Web,3000000.0,1,2.9623545516769334,0
Biotechnology,100900000.0,4,3.4140999315537304,1
Accounting,374995300.0,8,0.0,1
Hardware + Software,1100000000.0,1,106.20123203285421,1
Internet,0.0,1,1.0,0
Game,297057.0,1,1.1307323750855578,0
Computers,12000000.0,4,2.299794661190965,1
Mobile,1633333.0,2,7.956194387405886,1
Analytics,3750000.0,1,1.7631759069130732,1
Mobile,1221900.0,1,1.0,1
Clean Technology,500000.0,1,17.516769336071185,0
Enterprise Software,2000000.0,1,9.69199178644764,1
Semiconductors,960000.0,1,1.0,0
Business Services,6844560.0,2,0.7173169062286106,1
Software,11035000.0,3,0.8323066392881588,0
Public Relations,1480000.0,1,21.998631074606433,1
Adventure Travel,1000000.0,1,1.0,0
News,200000000.0,1,1.0,1
Legal,150000.0,1,0.0,0
Software,9000000.0,3,1.4154688569472964,1
Media,19600000.0,3,0.0,1
Software,41752000.0,8,0.2518822724161533,1
Electronics,100496138.0,6,1.0,1
Manufacturing,8800000.0,1,2.0944558521560577,0
E-Commerce,93029000.0,4,5.300479123887748,1
Curated Web,6500000.0,2,2.915811088295688,1
Enterprise Software,23500000.0,4,2.329911019849418,1
Open Source,5000000.0,1,1.0,0
Data Security,9000000.0,1,5.514031485284052,1
Games,2000000.0,1,1.0,1
Financial Services,43000000.0,1,2.4503764544832305,1
Software,620441.0,1,1.7385352498288844,1
Computers,20000.0,1,1.0,0
Semiconductors,18905096.0,2,1.5304585900068446,1
Mobile,23897500.0,5,24.870636550308006,1
Biotechnology,11000000.0,2,8.041067761806982,1
Fleet Management,33010002.0,2,24.32306639288159,1
Analytics,0.0,2,4.785763175906913,1
Finance,3250000.0,1,1.0,1
Hardware + Software,16300000.0,2,2.1601642710472277,1
Medical Devices,40200000.0,2,1.0,1
Android,6586383.0,3,0.4216290212183436,0
Analytics,28400000.0,2,0.999315537303217,1
Advertising,5479600.0,1,7.403148528405202,1
Curated Web,500000.0,1,1.754962354551677,0
Enterprise Software,25000000.0,3,0.8596851471594799,1
Collaboration,42660.0,1,0.0,0
Customer Service,20000000.0,1,6.496919917864476,1
Chat,12800000.0,3,0.0,1
Clean Technology,40000000.0,3,1.5249828884325805,0
Enterprise Software,3000000.0,1,1.842573579739904,0
Business Services,0.0,1,0.7063655030800822,0
Information Services,35000000.0,2,1.0,1
Biotechnology,1500000.0,1,14.381930184804927,0
Advertising,0.0,1,1.83709787816564,1
Biotechnology,24500000.0,1,0.02190280629705681,0
Clean Technology,21400000.0,2,4.65160848733744,1
Android,702800.0,1,0.0,0
Advertising,4300000.0,2,0.7501711156741958,1
Curated Web,0.0,1,1.0,1
Emerging Markets,15200000.0,1,1.4455852156057496,1
Email,6800000.0,2,1.2457221081451062,1
Architecture,100000.0,1,0.0,0
Electronics,0.0,1,8.164271047227926,1
Curated Web,700000.0,2,0.2245037645448323,0
Enterprises,142000000.0,5,0.3586584531143053,1
Big Data Analytics,5300000.0,1,2.521560574948665,1
Audio,12000000.0,4,0.7200547570157426,0
Computers,0.0,1,0.08487337440109514,0
Curated Web,8134000.0,4,1.0,1
Curated Web,0.0,1,1.0,1
Curated Web,5750000.0,2,0.4134154688569473,0
Software,25000.0,1,1.5249828884325805,1
Advertising,7250000.0,4,3.3210130047912387,1
Events,435000.0,4,0.0,0
Sports,500000.0,1,0.0,0
Curated Web,0.0,1,0.15331964407939766,1
E-Commerce,5835291.0,2,0.7529089664613279,0
Communities,330000.0,2,0.5804243668720055,0
Facebook Applications,0.0,1,3.1101984941820673,0
Apps,40026.0,1,0.2053388090349076,0
Search,600000.0,1,0.0,0
Media,2500000.0,2,0.16153319644079397,1
Blogging Platforms,91900.0,1,0.08487337440109514,0
Location Based Services,150000.0,1,1.0047912388774811,0
Crowdsourcing,850000.0,1,0.05201916495550993,1
Reviews and Recommendations,65850.0,1,0.0,1
Customer Service,56000000.0,5,0.0,1
E-Commerce,44000000.0,2,11.797399041752225,1
Q&A,1000000.0,1,0.32854209445585214,0
Curated Web,9000000.0,1,2.3737166324435317,1
Curated Web,1000000.0,1,0.0,0
Application Platforms,20000.0,1,1.0,0
Android,60000.0,1,0.0,0
Optimization,6000000.0,1,1.4236824093086926,1
Advertising,18500000.0,3,2.132785763175907,1
Digital Media,15336992.0,2,1.111567419575633,1
iPhone,0.0,1,0.3668720054757016,0
Application Platforms,175060.0,1,1.0,0
Curated Web,1350000.0,1,1.2210814510609171,1
Finance,124309780.0,4,7.490759753593429,1
Exercise,13000000.0,1,20.66255989048597,1
Hardware + Software,2800000.0,2,1.3552361396303902,1
Curated Web,500000.0,1,1.0,1
Banking,3918297.0,1,0.6023271731690623,0
Mobile,185000.0,5,0.2464065708418891,0
Messaging,0.0,1,1.0,0
Curated Web,0.0,1,0.07939767282683094,0
Games,197597.0,1,0.0,0
Curated Web,4000000.0,2,1.5824777549623545,0
Games,0.0,1,1.270362765229295,0
Fashion,5800000.0,4,0.0,1
Communities,1000000.0,1,1.0,0
Curated Web,25000.0,1,2.915811088295688,0
Public Relations,38880.0,1,0.05201916495550993,1
Storage,26000000.0,1,1.0,0
Data Visualization,40648791.0,2,0.6598220396988365,0
Hospitality,0.0,1,1.0,1
Video on Demand,25000000.0,1,1.0,1
Software,9000000.0,1,1.0,0
Health and Wellness,13495343.0,3,0.14510609171800137,1
Sports,0.0,1,0.0,0
Analytics,3840000.0,3,0.0,1
Broadcasting,500000.0,1,0.6625598904859685,0
Charity,0.0,1,0.0,0
Broadcasting,1320000000.0,6,0.0,1
Curated Web,0.0,1,1.3333333333333333,0
Identity,310000.0,1,0.0,0
Manufacturing,0.0,1,18.168377823408623,1
Beauty,9400000.0,2,1.0,1
Fitness,400000.0,1,0.8870636550308009,0
Clean Technology,53030000.0,1,1.0,0
Curated Web,425000.0,1,2.11088295687885,0
Sports,43179.0,1,0.17248459958932238,0
Analytics,0.0,1,0.2518822724161533,1
E-Commerce,40968.0,1,1.4099931553730323,0
Collaboration,0.0,3,0.0,0
Entertainment,11500000.0,2,0.7474332648870636,1
Delivery,0.0,1,14.959616700889802,0
E-Commerce,12000000.0,1,0.8815879534565366,1
Mobile,0.0,1,1.0,0
Advertising,75816240.0,9,2.5817932922655715,1
Curated Web,2894000.0,1,1.4757015742642026,1
Storage,1472100.0,1,1.4182067077344285,0
Film,0.0,1,0.487337440109514,0
Audio,10158510.0,4,1.3333333333333333,1
Curated Web,25000.0,1,0.0,0
Games,0.0,3,3.383983572895277,1
Games,6499999.0,3,0.0,1
Games,950000.0,1,0.9883641341546886,1
Biotechnology,533000.0,2,6.477754962354552,1
Web Hosting,6000.0,1,0.5174537987679672,0
Games,0.0,1,6.247775496235455,0
Software,3200000.0,1,5.223819301848049,0
Biotechnology,155180000.0,7,1.6919917864476386,1
Delivery,1000000.0,1,1.0,0
Biotechnology,78500000.0,3,2.001368925393566,1
Internet,52600000.0,1,1.0,0
Health and Wellness,1000000.0,1,0.8898015058179329,1
Audio,1500000.0,1,0.25735797399041754,0
Games,40000000.0,2,5.163586584531143,0
Messaging,16000000.0,2,1.0,1
Social Media,1300000.0,1,0.8158795345653662,1
Entertainment,2998823.0,3,1.0321697467488022,0
Entertainment,184529.406078926,1,0.0,0
Curated Web,0.0,1,0.5804243668720055,1
Mobile,500000.0,1,1.0,1
Curated Web,62750000.0,8,0.0,1
Health Care,3000000.0,1,1.0,0
Games,25500000.0,3,0.7501711156741958,0
Games,10000000.0,1,2.830937713894593,1
Curated Web,15036298.0,4,0.6652977412731006,1
Software,4500000.0,2,2.74880219028063,1
Data Centers,310000000.0,2,0.0,1
Curated Web,0.0,1,1.0,0
Finance,55000000.0,2,1.3935660506502396,0
Enterprise Software,2000000000.0,1,23.707049965776864,1
Content,280000.0,1,1.7385352498288844,0
Document Management,2515000.0,3,0.0,1
Design,1000000.0,1,0.0,0
Consumer Electronics,25000000.0,2,3.40041067761807,0
Finance,12023.0,2,0.0,1
Groceries,1050000.0,1,0.16700889801505817,0
Messaging,0.0,1,0.5037645448323066,1
Semiconductors,20000000.0,1,1.0,1
Social Media,1000000.0,1,0.0,0
Apps,61138.2836816363,1,0.0,0
3D,704000.0,1,1.0,0
Biotechnology,70424200.0,3,2.8227241615331966,1
Audio,2000000.0,2,3.0855578370978782,1
Cloud Computing,51000000.0,6,5.546885694729637,1
Biotechnology,3000000.0,1,1.0,0
Customer Service,85500000.0,6,0.70362765229295,1
Databases,220000.0,1,0.2464065708418891,1
Internet,0.0,1,0.0,0
Apps,10806952.0,2,1.0,0
Mobile,64630000.0,6,2.428473648186174,1
Mobile,500000.0,1,0.11772758384668036,0
Beauty,429564.0,1,1.6673511293634498,1
Contact Management,250000.0,1,0.0,0
Curated Web,15000.0,1,1.0,1
Semiconductors,112254773.0,9,2.0944558521560577,1
Analytics,27138500.0,6,6.039698836413415,0
Clean Technology,10571182.0,1,4.884325804243669,1
Advertising,350000.0,2,0.0,0
Biotechnology,8323094.0,1,1.0,0
Biotechnology,4700000.0,2,1.541409993155373,1
Advertising,44208000.0,1,1.0,0
Hardware + Software,30000000.0,2,1.0,1
Finance,200000.0,2,0.15605749486652978,1
Customer Service,2000000.0,1,1.0,0
Cloud Computing,1538000.0,2,1.7084188911704312,1
Big Data,0.0,1,1.0,0
Advertising,1289641.0,2,3.4223134839151266,0
Design,19200000.0,2,1.0,1
Semiconductors,38500000.0,2,5.0513347022587265,0
Web Hosting,31500000.0,2,3.915126625598905,0
Software,10855911.000825,2,6.882956878850103,1
Social Media,13000000.0,2,1.0,0
Health Care,11700.0,1,1.0,0
Automotive,29030000.0,1,1.0,1
Financial Services,33015000.0,3,112.40793976728268,1
Gift Registries,4000000.0,1,2.433949349760438,0
Clean Energy,50000.0,1,1.4537987679671458,0
Mobile,1000000.0,1,0.0,0
E-Commerce,907099.0,4,0.32854209445585214,0
Semiconductors,27000000.0,3,2.2778918548939084,0
Games,22899998.0,3,1.0,0
E-Commerce,25000.0,1,0.33401779603011633,0
Business Services,96627980.0,5,0.7474332648870636,1
Collaboration,14500000.0,1,3.247091033538672,1
Mobile,15000000.0,1,1.0,0
Loyalty Programs,21929.8245614035,1,0.3586584531143053,0
Public Transportation,15000000.0,1,1.0,1
Curated Web,1100000.0,3,0.0,0
Biotechnology,0.0,1,11.307323750855579,1
Apps,5486842.0,3,0.8295687885010267,1
Business Services,0.0,1,0.4243668720054757,0
Games,26000000.0,2,0.0,1
Curated Web,1000000.0,1,1.431895961670089,1
Curated Web,2000000.0,1,1.1526351813826146,0
Mobile,21331144.0,3,0.5859000684462696,1
Finance,87900000.0,1,140.69541409993155,1
Biotechnology,62559527.0,2,4.739219712525667,1
Security,25000.0,1,0.08213552361396304,0
Public Transportation,60704370.0,4,2.135523613963039,1
Postal and Courier Services,15000.0,1,0.0,0
Mobile,0.0,3,1.1170431211498972,1
E-Commerce,0.0,1,0.6981519507186859,0
Android,4500000.0,2,2.001368925393566,1
Advertising,14003543.0,2,0.7474332648870636,1
E-Commerce,2250000.0,3,1.1991786447638604,1
Coupons,200000.0,1,1.0,1
Finance,8000000.0,1,2.4421629021218343,1
Communications Hardware,4319243.0,1,1.0,1
Software,8300000.0,2,1.0,0
Semiconductors,12000000.0,4,5.6098562628336754,1
E-Commerce,2200000.0,1,4.112251882272417,0
Collaborative Consumption,5463475.0,4,1.9548254620123204,1
Publishing,2000000.0,1,0.0,1
B2B,0.0,1,0.0,1
Mobile,1700000.0,1,2.195756331279945,0
E-Commerce,4000000.0,1,1.6618754277891854,0
Brand Marketing,18549997.0,6,1.4921286789869952,1
Software,13000000.0,2,0.0,1
E-Commerce,50000.0,1,0.0,0
E-Commerce,1700000.0,1,1.0,1
E-Commerce,0.0,2,0.0,0
Biotechnology,167062156.0,6,0.6543463381245722,1
Curated Web,48600.0,1,1.0,1
Curated Web,1500000.0,1,2.9979466119096507,0
Analytics,2388400.0,1,2.433949349760438,1
Health Care,109693276.0,5,5.500342231348392,1
Mobile,15000000.0,1,9.442847364818617,1
Finance,580000.0,1,1.3333333333333333,0
E-Commerce,2060000.0,3,0.7529089664613279,0
Mobile,7926240.0,1,1.0,1
Search,0.0,2,0.4188911704312115,1
Software,7130000.0,1,5.963039014373717,1
Curated Web,2150110.0,2,1.0,0
Fleet Management,3350000.0,4,0.16153319644079397,1
Curated Web,50000.0,1,0.0,0
Property Management,13387373.8236279,3,0.0,1
Pets,0.0,1,0.999315537303217,1
E-Commerce,6.0,2,0.0,0
Advertising,59139710.0,7,2.302532511978097,1
Chat,392000.0,3,0.0,1
Curated Web,2251000.0,2,1.5304585900068446,0
Biotechnology,158688887.0,9,1.1225188227241616,1
Biotechnology,122987972.0,5,2.951403148528405,1
E-Commerce,1500000.0,2,3.3292265571526354,0
B2B,0.0,1,1.4154688569472964,1
Consulting,3919186.37690815,1,1.106091718001369,0
Babies,138600000.0,4,0.0,1
Curated Web,28300000.0,4,1.727583846680356,0
Health and Wellness,1700000.0,2,0.4380561259411362,0
Android,50000.0,1,0.5420944558521561,0
Internet,1200000.0,1,1.0,1
E-Commerce,2700000.0,1,0.3258042436687201,0
Apps,0.0,2,1.7905544147843941,1
Automotive,300000.0,2,0.0,0
Advertising,12000.0,1,1.4182067077344285,0
Concerts,55200000.0,4,0.5968514715947981,1
Mobile,3845100.0,2,1.0,1
Mobile,0.0,1,2.412046543463381,0
Manufacturing,9000000.0,1,1.0,1
Design,3384225.0,4,0.0,1
Automotive,800000.0,1,0.0,0
Biotechnology,2257464.0,3,0.999315537303217,0
Cloud Computing,3805520.0,2,1.5906913073237507,1
Pharmaceuticals,13000000.0,1,0.783025325119781,1
Facebook Applications,866550786.0,9,0.0,1
Biotechnology,15419877.0,4,13.998631074606434,0
Biotechnology,8500000.0,1,1.0,1
